
CASCADE Topology V3, (c) Open Cascade
Locations 0
Curve2ds 0
Curves 2792
1 43.335365000000003 38.548991999999998 0 0.026586089590213583 -0.99964652744872839 0 
1 43.437716999999999 34.700519999999997 0 1 0 0 
1 45.034424000000001 34.700519999999997 0 0 1 0 
1 45.034424000000001 40.473224999999999 0 0 1 0 
1 45.034424000000001 46.245930000000001 0 -1 0 0 
1 43.130656999999999 46.245930000000001 0 0.026587148572773764 -0.99964649928400662 0 
1 43.233013 42.397461 0 0.026586110300241654 -0.99964652689793476 0 
1 40.282657999999998 49.059215999999999 0 0.71142913650413131 -0.70275784145962095 0 
1 43.130656999999999 46.245930000000001 0 0 1 0 
1 43.130656999999999 76.706153999999998 0 -0.33786258445150225 -0.94119544943000633 0 
1 40.282657999999998 68.772385 0 -0.33786307217529182 -0.94119527435079775 0 
1 37.434654000000002 60.838614999999997 0 0 -1 0 
1 37.434654000000002 51.872501 0 0.71142987823461812 -0.7027570905761652 0 
1 31.753981 32.407494 0 0.46212825108762007 -0.8868131029403532 0 
1 33.151249 29.72617 0 1 0 0 
1 37.21978 29.72617 0 1 0 0 
1 41.288307000000003 29.72617 0 0.39665301575556722 0.91796861879478953 0 
1 43.437716999999999 34.700519999999997 0 -0.97825503346027243 0.20740561590670847 0 
1 38.611626000000001 35.723728000000001 0 -0.97825500105268537 0.20740576876116698 0 
1 33.785533999999998 36.746937000000003 0 -0.97825505961911252 0.20740549252516635 0 
1 28.959440000000001 37.770144999999999 0 0.46212877129535462 -0.886812831854076 0 
1 30.35671 35.088821000000003 0 0.46212862476972677 -0.88681290821031766 0 
1 38.524776000000003 29.296288000000001 0 0 -1 0 
1 38.524776000000003 27.822406999999998 0 0 -1 0 
1 38.524776000000003 26.348524000000001 0 0.99420696037231138 0.10748264951725642 0 
1 39.282187999999998 26.430406999999999 0 0.99420710063986417 0.10748135204432112 0 
1 40.0396 26.512288999999999 0 0.99420696037231093 0.10748264951726003 0 
1 40.797012000000002 26.594172 0 0.17888633536969809 0.98386974697771856 0 
1 41.042659999999998 27.945229000000001 0 0.17888537411651348 0.98386992175144528 0 
1 41.288307000000003 29.296288000000001 0 -1 0 0 
1 39.906543999999997 29.296288000000001 0 -1 0 0 
1 42.363010000000003 27.945229000000001 0 0.62252447693565771 -0.78260032942491509 0 
1 43.437716999999999 26.594172 0 0 1 0 
1 43.437716999999999 34.700519999999997 0 -0.39665301575556722 -0.91796861879478953 0 
1 41.288307000000003 29.72617 0 0 -1 0 
1 41.288307000000003 29.296288000000001 0 0.62252249344662614 -0.78260190719994749 0 
1 33.785533999999998 36.746937000000003 0 0.97825500105268537 -0.20740576876116698 0 
1 38.611626000000001 35.723728000000001 0 0.97825503346027243 -0.20740561590670847 0 
1 43.437716999999999 34.700519999999997 0 -0.026586089590213583 0.99964652744872839 0 
1 43.335365000000003 38.548991999999998 0 -0.026586110300241654 0.99964652689793476 0 
1 43.233013 42.397461 0 -0.026587148572773764 0.99964649928400662 0 
1 43.130656999999999 46.245930000000001 0 -0.99570869773031701 0.092542904991123595 0 
1 40.282657999999998 46.510627999999997 0 -0.99570871270120598 0.092542743912784872 0 
1 37.434654000000002 46.775326 0 -0.68535353723237336 -0.72821049772924418 0 
1 34.609585000000003 43.773598 0 -0.68535441504679917 -0.72820967157533667 0 
1 31.784511999999999 40.771872999999999 0 -0.68535392317291277 -0.7282101345020523 0 
1 28.959440000000001 37.770144999999999 0 0.97825505961911252 -0.20740549252516635 0 
1 37.434654000000002 62.773083 0 0 -1 0 
1 37.434654000000002 61.805850999999997 0 0 -1 0 
1 37.434654000000002 60.838614999999997 0 0.33786307217529182 0.94119527435079775 0 
1 40.282657999999998 68.772385 0 0.33786258445150225 0.94119544943000633 0 
1 43.130656999999999 76.706153999999998 0 -0.83806597745378331 -0.54556889338967518 0 
1 37.434654000000002 72.998137999999997 0 0 -1 0 
1 37.434654000000002 68.852844000000005 0 0 -1 0 
1 37.434654000000002 66.780197000000001 0 0 -1 0 
1 37.434654000000002 64.707558000000006 0 0 -1 0 
1 37.434654000000002 63.740318000000002 0 0 -1 0 
1 12.516861 74.234145999999996 0 0.98236624308554632 -0.1869667468989861 0 
1 19.011130999999999 72.998137999999997 0 1 0 0 
1 37.434654000000002 72.998137999999997 0 0.83806597745378331 0.54556889338967518 0 
1 43.130656999999999 76.706153999999998 0 -1 0 0 
1 21.329491000000001 76.706153999999998 0 -1 0 0 
1 -0.47167900000000001 76.706153999999998 0 0.98236624308554632 -0.18696674689898604 0 
1 6.0225910000000002 75.470146 0 0.98236646534979943 -0.18696557906775607 0 
1 47.521599000000002 21.711936999999999 0 0.66436383882991923 0.74740931868366012 0 
1 51.206302999999998 25.857229 0 0 1 0 
1 51.206302999999998 28.620757999999999 0 -1 0 0 
1 43.836894999999998 28.620757999999999 0 0 -1 0 
1 43.836894999999998 17.566645000000001 0 0.66436383882992034 0.74740931868365923 0 
1 42.117367000000002 26.594172 0 1 0 0 
1 43.437716999999999 26.594172 0 -0.62252447693565771 0.78260032942491509 0 
1 42.363010000000003 27.945229000000001 0 -0.62252249344662614 0.78260190719994749 0 
1 41.288307000000003 29.296288000000001 0 -0.17888537411651348 -0.98386992175144528 0 
1 41.042659999999998 27.945229000000001 0 -0.17888633536969809 -0.98386974697771856 0 
1 40.797012000000002 26.594172 0 1 0 0 
1 39.282187999999998 26.430406999999999 0 -0.99420696037231138 -0.10748264951725642 0 
1 38.524776000000003 26.348524000000001 0 1 0 0 
1 39.660896000000001 26.348524000000001 0 1 0 0 
1 40.797012000000002 26.348524000000001 0 0 1 0 
1 40.797012000000002 26.594172 0 -0.99420696037231093 -0.10748264951726003 0 
1 40.0396 26.512288999999999 0 -0.99420710063986417 -0.10748135204432112 0 
1 33.458309 29.296288000000001 0 0 -1 0 
1 33.458309 27.822406999999998 0 0.72346264821213468 -0.69036352499381437 0 
1 35.807307999999999 25.580877000000001 0 0.72346280203725877 -0.6903633637935882 0 
1 38.156306999999998 23.339348000000001 0 0 1 0 
1 38.156306999999998 29.296288000000001 0 -1 0 0 
1 37.434654000000002 60.838614999999997 0 0 1 0 
1 37.434654000000002 61.805850999999997 0 0 1 0 
1 37.434654000000002 62.773083 0 0 1 0 
1 37.434654000000002 63.740318000000002 0 0 1 0 
1 37.434654000000002 64.707558000000006 0 -1 0 0 
1 37.127594000000002 64.707558000000006 0 0 -1 0 
1 37.127594000000002 63.740318000000002 0 0 -1 0 
1 37.127594000000002 62.773083 0 0 -1 0 
1 37.127594000000002 61.805850999999997 0 0 -1 0 
1 37.127594000000002 60.838614999999997 0 1 0 0 
1 34.886066 62.373908999999998 0 0.69272880770513534 0.72119816900448497 0 
1 37.127594000000002 64.707558000000006 0 0 1 0 
1 37.127594000000002 72.691078000000005 0 -1 0 0 
1 34.886066 72.691078000000005 0 -1 0 0 
1 32.644539000000002 72.691078000000005 0 0 -1 0 
1 32.644539000000002 60.040260000000004 0 0.69272864696347625 0.72119832340081858 0 
1 40.282657999999998 49.059215999999999 0 -0.71142987823461812 0.7027570905761652 0 
1 37.434654000000002 51.872501 0 -1 0 0 
1 37.281123999999998 51.872501 0 -1 0 0 
1 37.127594000000002 51.872501 0 0.079117906363985246 -0.99686526516504714 0 
1 37.189006999999997 51.098712999999996 0 0.079117804756635352 -0.99686527322928198 0 
1 37.250419999999998 50.324924000000003 0 0.079116626135568288 -0.99686536677172444 0 
1 37.311832000000003 49.551136 0 0.079112785447923925 -0.99686567158201955 0 
1 37.373241 48.777348000000003 0 0.079117804756634616 -0.99686527322928198 0 
1 37.434654000000002 48.003559000000003 0 0.95554236110035362 -0.29485385556706079 0 
1 40.282657999999998 47.124744 0 0.95554230978399857 -0.29485402186956983 0 
1 43.130656999999999 46.245930000000001 0 -0.71142913650413131 0.70275784145962095 0 
1 37.127594000000002 62.773083 0 0 1 0 
1 37.127594000000002 63.740318000000002 0 0 1 0 
1 37.127594000000002 64.707558000000006 0 -0.69272880770513534 -0.72119816900448497 0 
1 34.886066 62.373908999999998 0 -0.69272864696347625 -0.72119832340081858 0 
1 32.644539000000002 60.040260000000004 0 1 0 0 
1 37.127594000000002 60.040260000000004 0 0 1 0 
1 37.127594000000002 60.439438000000003 0 0 1 0 
1 34.886066 49.446734999999997 0 0.67866571214301696 0.73444730999671559 0 
1 37.127594000000002 51.872501 0 0 1 0 
1 37.127594000000002 59.610377999999997 0 -1 0 0 
1 32.644539000000002 59.610377999999997 0 0 -1 0 
1 32.644539000000002 47.020972999999998 0 0.67866615248004158 0.7344469031032379 0 
1 37.189006999999997 51.098712999999996 0 -0.079117906363985246 0.99686526516504714 0 
1 37.127594000000002 51.872501 0 0 -1 0 
1 37.127594000000002 50.905265999999997 0 0 -1 0 
1 37.127594000000002 49.938029999999998 0 0 -1 0 
1 37.127594000000002 48.970795000000003 0 0 -1 0 
1 37.127594000000002 48.003559000000003 0 1 0 0 
1 37.434654000000002 48.003559000000003 0 -0.079117804756634616 0.99686527322928198 0 
1 37.373241 48.777348000000003 0 -0.079112785447923925 0.99686567158201955 0 
1 37.311832000000003 49.551136 0 -0.079116626135568288 0.99686536677172444 0 
1 37.250419999999998 50.324924000000003 0 -0.079117804756635352 0.99686527322928198 0 
1 34.886066 47.020972999999998 0 1 0 0 
1 37.127594000000002 47.020972999999998 0 0 1 0 
1 37.127594000000002 47.512264000000002 0 0 1 0 
1 37.127594000000002 48.970795000000003 0 0 1 0 
1 37.127594000000002 49.938029999999998 0 0 1 0 
1 37.127594000000002 50.905265999999997 0 0 1 0 
1 37.127594000000002 51.872501 0 -0.67866571214301696 -0.73444730999671559 0 
1 34.886066 49.446734999999997 0 -0.67866615248004158 -0.7344469031032379 0 
1 32.644539000000002 47.020972999999998 0 1 0 0 
1 33.304779000000003 26.194994000000001 0 0.093922995022102759 -0.99557946493792149 0 
1 33.458309 24.567582999999999 0 0.96748287163857716 -0.25293653964180851 0 
1 35.807307999999999 23.953465999999999 0 0.96748277084900647 -0.25293692516184474 0 
1 38.156306999999998 23.339348000000001 0 -0.72346280203725877 0.6903633637935882 0 
1 35.807307999999999 25.580877000000001 0 -0.72346264821213468 0.69036352499381437 0 
1 33.458309 27.822406999999998 0 -1 0 0 
1 33.151249 27.822406999999998 0 0.093922880614207088 -0.99557947573115901 0 
1 33.304779000000003 26.194994000000001 0 -0.093922880614207088 0.99557947573115901 0 
1 33.151249 27.822406999999998 0 -0.99687356621936263 -0.079013245554718864 0 
1 30.714818999999999 27.629293000000001 0 -0.99687359844674384 -0.079012838955704254 0 
1 28.278389000000001 27.43618 0 -0.99687366800961719 -0.079011961303663308 0 
1 25.841957000000001 27.243068999999998 0 0.93906669686091582 -0.34373498344906472 0 
1 28.278389000000001 26.351240000000001 0 0.9390667301936686 -0.34373489238564625 0 
1 30.714818999999999 25.459412 0 0.93906660578153234 -0.34373523227326003 0 
1 33.151249 24.567582999999999 0 1 0 0 
1 33.304779000000003 24.567582999999999 0 1 0 0 
1 33.458309 24.567582999999999 0 -0.093922995022102759 0.99557946493792149 0 
1 33.458309 23.339348000000001 0 1 0 0 
1 38.156306999999998 23.339348000000001 0 -0.96748277084900647 0.25293692516184474 0 
1 35.807307999999999 23.953465999999999 0 -0.96748287163857716 0.25293653964180851 0 
1 33.458309 24.567582999999999 0 0 -1 0 
1 30.714818999999999 18.929296000000001 0 0.66288305018316795 0.74872295395550659 0 
1 33.151249 21.681231 0 0 1 0 
1 33.151249 24.567582999999999 0 -0.93906660578153234 0.34373523227326003 0 
1 30.714818999999999 25.459412 0 -0.9390667301936686 0.34373489238564625 0 
1 28.278389000000001 26.351240000000001 0 -0.93906669686091582 0.34373498344906472 0 
1 25.841957000000001 27.243068999999998 0 0 -1 0 
1 25.841957000000001 13.425426 0 0.66288335522193109 0.74872268388884478 0 
1 28.278389000000001 16.177361000000001 0 0.6628830501831674 0.74872295395550703 0 
1 30.35671 35.088821000000003 0 -0.46212877129535462 0.886812831854076 0 
1 28.959440000000001 37.770144999999999 0 0 -1 0 
1 28.959440000000001 32.611561000000002 0 0.65861999622158496 -0.75247571427726467 0 
1 30.35671 31.015174999999999 0 0.658620730325853 -0.75247507173662576 0 
1 31.753981 29.418790999999999 0 0.65861992964241334 -0.75247577255206188 0 
1 33.151249 27.822406999999998 0 0 1 0 
1 33.151249 29.72617 0 -0.46212825108762007 0.8868131029403532 0 
1 31.753981 32.407494 0 -0.46212862476972677 0.88681290821031766 0 
1 40.282657999999998 47.124744 0 -0.95554236110035362 0.29485385556706079 0 
1 37.434654000000002 48.003559000000003 0 0 -1 0 
1 37.434654000000002 46.775326 0 0.99570871270120598 -0.092542743912784872 0 
1 40.282657999999998 46.510627999999997 0 0.99570869773031701 -0.092542904991123595 0 
1 43.130656999999999 46.245930000000001 0 -0.95554230978399857 0.29485402186956983 0 
1 60.448771999999998 8.8823469999999993 0 0.9091793573853536 -0.4164047263232678 0 
1 65.331001000000001 6.6462830000000004 0 0 1 0 
1 65.331001000000001 21.251348 0 -1 0 0 
1 55.566535999999999 21.251348 0 0 -1 0 
1 55.566535999999999 11.118411 0 0.90917958341218064 -0.41640423281524597 0 
1 51.881832000000003 19.562526999999999 0 -0.86092629986743741 -0.50872969855962158 0 
1 48.504188999999997 17.566645000000001 0 0 -1 0 
1 48.504188999999997 11.364058 0 0.99933950204893274 -0.036339505288201325 0 
1 51.881832000000003 11.241235 0 0.99933949325785143 -0.036339747042883667 0 
1 55.259480000000003 11.118411 0 0 1 0 
1 55.259480000000003 21.558409000000001 0 -0.86092662970165013 -0.50872914037880501 0 
1 45.331245000000003 11.732529 0 1 0 0 
1 46.457129999999999 11.732529 0 1 0 0 
1 48.197127999999999 11.732529 0 0 1 0 
1 48.197127999999999 17.07535 0 -0.59852534565335935 -0.80110387005089834 0 
1 46.201248 14.403938999999999 0 -0.5985262592534305 -0.80110318747593012 0 
1 44.205364000000003 11.732529 0 1 0 0 
1 44.205364000000003 11.364058 0 1 0 0 
1 45.331245000000003 11.364058 0 1 0 0 
1 46.457129999999999 11.364058 0 1 0 0 
1 47.583011999999997 11.364058 0 0 1 0 
1 47.583011999999997 11.732529 0 -1 0 0 
1 46.457129999999999 11.732529 0 -1 0 0 
1 45.331245000000003 11.732529 0 -1 0 0 
1 44.205364000000003 11.732529 0 0 -1 0 
1 47.521599000000002 21.711936999999999 0 -0.66436383882992034 -0.74740931868365923 0 
1 43.836894999999998 17.566645000000001 0 1 0 0 
1 48.504188999999997 17.566645000000001 0 0.86092629986743741 0.50872969855962158 0 
1 51.881832000000003 19.562526999999999 0 0.86092662970165013 0.50872914037880501 0 
1 55.259480000000003 21.558409000000001 0 -0.68601321429022766 0.72758908033256686 0 
1 51.206302999999998 25.857229 0 -0.66436383882991923 -0.74740931868366012 0 
1 55.259480000000003 8.2857939999999992 0 0 -1 0 
1 55.259480000000003 7.3415889999999999 0 1 0 0 
1 55.566535999999999 7.3415889999999999 0 0 1 0 
1 55.566535999999999 8.2857939999999992 0 0 1 0 
1 55.566535999999999 9.2300000000000004 0 0 1 0 
1 55.566535999999999 10.174206 0 0 1 0 
1 55.566535999999999 11.118411 0 -1 0 0 
1 55.259480000000003 11.118411 0 0 -1 0 
1 55.259480000000003 10.174206 0 0 -1 0 
1 55.259480000000003 9.2300000000000004 0 0 -1 0 
1 55.566535999999999 10.174206 0 0 -1 0 
1 55.566535999999999 9.2300000000000004 0 0 -1 0 
1 55.566535999999999 8.2857939999999992 0 0 -1 0 
1 55.566535999999999 6.9939359999999997 0 0 -1 0 
1 55.566535999999999 6.6462830000000004 0 1 0 0 
1 60.448771999999998 6.6462830000000004 0 1 0 0 
1 65.331001000000001 6.6462830000000004 0 -0.9091793573853536 0.4164047263232678 0 
1 60.448771999999998 8.8823469999999993 0 -0.90917958341218064 0.41640423281524597 0 
1 55.566535999999999 11.118411 0 0 -1 0 
1 55.259480000000003 6.6462830000000004 0 0 1 0 
1 55.259480000000003 6.9939359999999997 0 0 1 0 
1 55.259480000000003 9.2300000000000004 0 0 1 0 
1 55.259480000000003 10.174206 0 0 1 0 
1 55.259480000000003 11.118411 0 -0.99933949325785143 0.036339747042883667 0 
1 51.881832000000003 11.241235 0 -0.99933950204893274 0.036339505288201325 0 
1 48.504188999999997 11.364058 0 0.81985441684175109 -0.57257203493104025 0 
1 51.881832000000003 9.0051710000000007 0 0.81985470077880473 -0.572571628367051 0 
1 46.457129999999999 11.364058 0 -1 0 0 
1 45.331245000000003 11.364058 0 -1 0 0 
1 44.205364000000003 11.364058 0 0.91973758373838466 -0.39253379097738572 0 
1 49.732422 9.0051710000000007 0 0.91973752366101047 -0.39253393174337459 0 
1 55.259480000000003 6.6462830000000004 0 -0.81985470077880473 0.572571628367051 0 
1 51.881832000000003 9.0051710000000007 0 -0.81985441684175109 0.57257203493104025 0 
1 48.504188999999997 11.364058 0 -1 0 0 
1 48.043598000000003 11.364058 0 -1 0 0 
1 58.073486000000003 -1.2144200000000001 0 1 0 0 
1 59.823723000000001 -1.2144200000000001 0 1 0 0 
1 61.573959000000002 -1.2144200000000001 0 0.42661948198557587 0.90443121219380695 0 
1 61.957782999999999 -0.40071499999999999 0 0.42661814391625019 0.9044318433588312 0 
1 62.341605999999999 0.412991 0 0.42661948198558236 0.90443121219380374 0 
1 62.725430000000003 1.226696 0 0.42661814391625036 0.90443184335883131 0 
1 63.109253000000002 2.0404019999999998 0 0.42661814391625014 0.90443184335883142 0 
1 63.493076000000002 2.8541080000000001 0 0.42661948198557587 0.90443121219380695 0 
1 63.876899999999999 3.6678130000000002 0 0.42661450710097143 0.90443355882618337 0 
1 64.260718999999995 4.4815189999999996 0 0.42662311877702253 0.90442949671324102 0 
1 64.644547000000003 5.2952240000000002 0 -0.99467037101497191 0.1031060280727473 0 
1 61.287368999999998 5.643224 0 -0.99467035841604112 0.10310614961535569 0 
1 57.930194999999998 5.9912239999999999 0 -0.99467037101497191 0.10310602807274752 0 
1 54.573017 6.3392239999999997 0 0 -1 0 
1 54.573017 2.5624020000000001 0 0 -1 0 
1 54.573017 -1.2144200000000001 0 1 0 0 
1 34.983367999999999 22.111115000000002 0 -0.96519343593168894 -0.26153705518411874 0 
1 33.396895999999998 21.681231 0 0.018867730375124882 -0.9998219885312043 0 
1 33.417369999999998 20.596291000000001 0 0.018864045503466847 -0.99982205806195479 0 
1 33.437840000000001 19.511351000000001 0 0.018863089525205122 -0.99982207609832474 0 
1 33.458309 18.426409 0 0.98366353847209043 -0.18001678555225378 0 
1 35.807307999999999 17.996527 0 0.98366353847209043 -0.18001678555225378 0 
1 38.156306999999998 17.566645000000001 0 0 1 0 
1 38.156306999999998 20.268761000000001 0 0 1 0 
1 38.156306999999998 22.970879 0 -0.96519357662887106 -0.26153653594549181 0 
1 36.569839000000002 22.540997000000001 0 -0.96519370147294981 -0.26153607521132949 0 
1 35.807307999999999 17.996527 0 -0.98366353847209043 0.18001678555225378 0 
1 33.458309 18.426409 0 0 -1 0 
1 33.458309 17.566645000000001 0 1 0 0 
1 38.156306999999998 17.566645000000001 0 -0.98366353847209043 0.18001678555225378 0 
1 36.569839000000002 22.970879 0 -1 0 0 
1 34.983367999999999 22.970879 0 -1 0 0 
1 33.396895999999998 22.970879 0 0 -1 0 
1 33.396895999999998 21.681231 0 0.96519343593168894 0.26153705518411874 0 
1 34.983367999999999 22.111115000000002 0 0.96519370147294981 0.26153607521132949 0 
1 36.569839000000002 22.540997000000001 0 0.96519357662887106 0.26153653594549181 0 
1 38.156306999999998 22.970879 0 -1 0 0 
1 30.714818999999999 18.929296000000001 0 -0.6628830501831674 -0.74872295395550703 0 
1 28.278389000000001 16.177361000000001 0 -0.66288335522193109 -0.74872268388884478 0 
1 25.841957000000001 13.425426 0 0.88861034443432474 0.45866289992140302 0 
1 29.496604999999999 15.3118 0 0.88861013983057424 0.45866329631908354 0 
1 33.151249 17.198174000000002 0 0 1 0 
1 33.151249 17.812291999999999 0 0 1 0 
1 33.151249 20.596291000000001 0 0 1 0 
1 33.151249 21.681231 0 -0.66288305018316795 -0.74872295395550659 0 
1 35.791953999999997 14.281116000000001 0 0 1 0 
1 35.791953999999997 17.198174000000002 0 -1 0 0 
1 33.151249 17.198174000000002 0 -0.88861013983057424 -0.45866329631908354 0 
1 29.496604999999999 15.3118 0 -0.88861034443432474 -0.45866289992140302 0 
1 25.841957000000001 13.425426 0 0.9792067150741357 -0.20286500228901116 0 
1 29.158622999999999 12.738303 0 0.97920676157195718 -0.20286477784908841 0 
1 32.475287999999999 12.051181 0 0.9792067150741357 -0.20286500228901116 0 
1 35.791953999999997 11.364058 0 0 1 0 
1 33.417369999999998 20.596291000000001 0 -0.018867730375124882 0.9998219885312043 0 
1 33.396895999999998 21.681231 0 -1 0 0 
1 33.151249 21.681231 0 0 -1 0 
1 33.151249 20.596291000000001 0 0 -1 0 
1 33.151249 19.511351000000001 0 0 -1 0 
1 33.151249 18.426409 0 1 0 0 
1 33.458309 18.426409 0 -0.018863089525205122 0.99982207609832474 0 
1 33.437840000000001 19.511351000000001 0 -0.018864045503466847 0.99982205806195479 0 
1 36.099013999999997 11.732529 0 1 0 0 
1 44.205364000000003 11.732529 0 0.5985262592534305 0.80110318747593012 0 
1 46.201248 14.403938999999999 0 0.59852534565335935 0.80110387005089834 0 
1 48.197127999999999 17.07535 0 -1 0 0 
1 36.099013999999997 17.07535 0 0 -1 0 
1 33.821316000000003 9.0051710000000007 0 -0.64112511726980992 -0.76743637130759745 0 
1 31.850674000000001 6.6462830000000004 0 1 0 0 
1 43.555076999999997 6.6462830000000004 0 1 0 0 
1 55.259480000000003 6.6462830000000004 0 -0.91973752366101047 0.39253393174337459 0 
1 49.732422 9.0051710000000007 0 -0.91973758373838466 0.39253379097738572 0 
1 44.205364000000003 11.364058 0 -1 0 0 
1 39.998660999999998 11.364058 0 -1 0 0 
1 35.791953999999997 11.364058 0 -0.6411245108998429 -0.76743687787559256 0 
1 41.154552000000002 2.5624020000000001 0 0.44429797284255412 0.89587907182163651 0 
1 43.027611 6.3392239999999997 0 -1 0 0 
1 38.022551999999997 6.3392239999999997 0 -1 0 0 
1 33.017498000000003 6.3392239999999997 0 0 -1 0 
1 33.017498000000003 5.6022829999999999 0 0.67662492212372594 -0.73632785819977098 0 
1 36.149493999999997 2.1939310000000001 0 0.67662549827761498 -0.73632732876117613 0 
1 39.281494000000002 -1.2144200000000001 0 0.44429778246237783 0.89587916623784336 0 
1 43.334671 -1.2144200000000001 0 1 0 0 
1 50.335608999999998 -1.2144200000000001 0 0.45587553286379512 0.89004353743856313 0 
1 52.270077000000001 2.5624020000000001 0 0.45587609291570291 0.89004325058275313 0 
1 54.204548000000003 6.3392239999999997 0 -1 0 0 
1 43.334671 6.3392239999999997 0 0 -1 0 
1 43.334671 2.5624020000000001 0 0 -1 0 
1 32.214657000000003 59.733204000000001 0 0 1 0 
1 32.214657000000003 72.691078000000005 0 -0.4228858046081469 -0.90618298166591082 0 
1 30.781714999999998 69.620491000000001 0 -0.42288556226743368 -0.9061830947583146 0 
1 29.348773999999999 66.549903999999998 0 -0.42288577229645613 -0.9061829967447137 0 
1 27.915834 63.479320999999999 0 0 -1 0 
1 27.915834 63.172260000000001 0 0.2536014443985708 -0.96730879629979516 0 
1 29.348773999999999 57.706614999999999 0 0.25360165341125068 -0.9673087415024636 0 
1 30.781714999999998 52.240971000000002 0 0.25360177559369101 -0.9673087094695918 0 
1 32.214657000000003 46.775326 0 0 1 0 
1 27.915834 63.479320999999999 0 0.42288577229645613 0.9061829967447137 0 
1 29.348773999999999 66.549903999999998 0 0.42288556226743368 0.9061830947583146 0 
1 30.781714999999998 69.620491000000001 0 0.4228858046081469 0.90618298166591082 0 
1 32.214657000000003 72.691078000000005 0 -1 0 0 
1 26.380541000000001 72.691078000000005 0 0 -1 0 
1 26.380541000000001 68.085196999999994 0 0 -1 0 
1 26.380541000000001 63.479320999999999 0 1 0 0 
1 23.301390000000001 63.479320999999999 0 1 0 0 
1 24.196141999999998 63.479320999999999 0 1 0 0 
1 26.012070000000001 63.479320999999999 0 0 1 0 
1 26.012070000000001 67.962378999999999 0 -0.6267049049162543 -0.77925667283245559 0 
1 24.209354000000001 65.720848000000004 0 -0.6267053729214237 -0.77925629644643835 0 
1 22.406638999999998 63.479320999999999 0 1 0 0 
1 24.196141999999998 63.172260000000001 0 1 0 0 
1 25.090893000000001 63.172260000000001 0 0 1 0 
1 25.090893000000001 63.479320999999999 0 -1 0 0 
1 24.196141999999998 63.479320999999999 0 -1 0 0 
1 23.301390000000001 63.479320999999999 0 -1 0 0 
1 22.406638999999998 63.479320999999999 0 0 -1 0 
1 22.406638999999998 63.172260000000001 0 1 0 0 
1 23.301390000000001 63.172260000000001 0 1 0 0 
1 26.073481000000001 72.691078000000005 0 -1 0 0 
1 19.011130999999999 72.691078000000005 0 -0.77744815812673707 -0.62894702592932572 0 
1 16.278309 70.480255 0 -0.77744838319690623 -0.62894674771757608 0 
1 13.545484999999999 68.269431999999995 0 1 0 0 
1 26.073481000000001 68.269431999999995 0 0 1 0 
1 29.786123 49.668700999999999 0 0.642896984247734 -0.76595265365763232 0 
1 32.214657000000003 46.775326 0 -0.25360177559369101 0.9673087094695918 0 
1 30.781714999999998 52.240971000000002 0 -0.25360165341125068 0.9673087415024636 0 
1 29.348773999999999 57.706614999999999 0 -0.2536014443985708 0.96730879629979516 0 
1 27.915834 63.172260000000001 0 -0.1433190450712748 -0.98967653873367023 0 
1 27.357592 59.317371000000001 0 0 -1 0 
1 27.357592 55.939728000000002 0 0 -1 0 
1 27.357592 52.562080000000002 0 0.64289599688035337 -0.76595348239642902 0 
1 27.915834 63.172260000000001 0 -1 0 0 
1 26.503364999999999 63.172260000000001 0 -1 0 0 
1 24.196141999999998 63.172260000000001 0 -1 0 0 
1 23.301390000000001 63.172260000000001 0 -1 0 0 
1 22.406638999999998 63.172260000000001 0 0.78903166141942926 -0.61435253501364773 0 
1 24.882114000000001 61.244816 0 0.78903186781688261 -0.61435226993102376 0 
1 27.357592 59.317371000000001 0 0.1433190450712748 0.98967653873367023 0 
1 24.184650000000001 54.916198999999999 0 0.62469541970938636 -0.78086851171891514 0 
1 25.822298 52.869140999999999 0 1 0 0 
1 27.050533000000001 52.869140999999999 0 0 1 0 
1 27.050533000000001 55.939728000000002 0 0 1 0 
1 27.050533000000001 59.010314999999999 0 -1 0 0 
1 20.909358999999998 59.010314999999999 0 0.62469495451561718 -0.78086888387406694 0 
1 22.547004999999999 56.963256999999999 0 0.62469472191848363 -0.78086906995167149 0 
1 21.277828 56.963256999999999 0 0.17715325910221444 -0.98418327703200881 0 
1 21.646298999999999 54.916198999999999 0 0.17715279341120821 -0.98418336085640346 0 
1 22.014769000000001 52.869140999999999 0 0.99676392794663682 -0.080384525528187131 0 
1 23.918533 52.715611000000003 0 0.99676388937855653 -0.080385003768942143 0 
1 25.822298 52.562080000000002 0 0 1 0 
1 25.822298 52.715611000000003 0 0 1 0 
1 25.822298 52.869140999999999 0 -0.62469541970938636 0.78086851171891514 0 
1 24.184650000000001 54.916198999999999 0 -0.62469472191848363 0.78086906995167149 0 
1 22.547004999999999 56.963256999999999 0 -0.62469495451561718 0.78086888387406694 0 
1 20.909358999999998 59.010314999999999 0 0.17715232772008138 -0.9841834446805926 0 
1 31.129583 43.773598 0 0.33995393897320841 0.94044208719973821 0 
1 32.214657000000003 46.775326 0 -0.642896984247734 0.76595265365763232 0 
1 29.786123 49.668700999999999 0 -0.64289599688035337 0.76595348239642902 0 
1 27.357592 52.562080000000002 0 -1 0 0 
1 26.589945 52.562080000000002 0 -1 0 0 
1 25.822298 52.562080000000002 0 0.20747002618382529 -0.97824137524196075 0 
1 27.390868999999999 45.166114999999998 0 0.20746989196226059 -0.97824140370829116 0 
1 28.959440000000001 37.770144999999999 0 0.33995338478795073 0.94044228752816905 0 
1 30.044512000000001 40.771872999999999 0 0.33995340818772146 0.94044227906956235 0 
1 20.178488000000002 63.479320999999999 0 1 0 0 
1 22.406638999999998 63.479320999999999 0 0.6267053729214237 0.77925629644643835 0 
1 24.209354000000001 65.720848000000004 0 0.6267049049162543 0.77925667283245559 0 
1 26.012070000000001 67.962378999999999 0 -0.87395837092424822 -0.48600078795351181 0 
1 23.324825000000001 66.468024999999997 0 -0.87395829410719994 -0.48600092609092133 0 
1 20.637581000000001 64.973670999999996 0 -0.87395892347353821 -0.48599979432194645 0 
1 17.950336 63.479320999999999 0 1 0 0 
1 18.059248 72.691078000000005 0 1 0 0 
1 19.011130999999999 72.691078000000005 0 0 1 0 
1 19.011130999999999 72.998137999999997 0 -1 0 0 
1 18.059248 72.998137999999997 0 -1 0 0 
1 17.107367 72.998137999999997 0 -1 0 0 
1 16.155484999999999 72.998137999999997 0 -1 0 0 
1 15.203602999999999 72.998137999999997 0 0 -1 0 
1 15.203602999999999 72.691078000000005 0 1 0 0 
1 16.155484999999999 72.691078000000005 0 1 0 0 
1 17.107367 72.691078000000005 0 1 0 0 
1 13.545484999999999 67.962378999999999 0 0.32399274718352661 -0.94605956460070284 0 
1 14.313132 65.720848000000004 0 0.32399326465706146 -0.94605938738371986 0 
1 15.080779 63.479320999999999 0 1 0 0 
1 16.037298 63.479320999999999 0 1 0 0 
1 16.993818000000001 63.479320999999999 0 1 0 0 
1 17.950336 63.479320999999999 0 0.87395892347353821 0.48599979432194645 0 
1 20.637581000000001 64.973670999999996 0 0.87395829410719994 0.48600092609092133 0 
1 23.324825000000001 66.468024999999997 0 0.87395837092424822 0.48600078795351181 0 
1 26.012070000000001 67.962378999999999 0 -1 0 0 
1 16.037298 63.479320999999999 0 -1 0 0 
1 15.080779 63.479320999999999 0 0 -1 0 
1 15.080779 63.172260000000001 0 1 0 0 
1 16.037298 63.172260000000001 0 1 0 0 
1 16.993818000000001 63.172260000000001 0 1 0 0 
1 17.950336 63.172260000000001 0 0 1 0 
1 17.950336 63.479320999999999 0 -1 0 0 
1 16.993818000000001 63.479320999999999 0 -1 0 0 
1 19.837420999999999 61.244816 0 0.96868877728593583 -0.24827817616592615 0 
1 27.357592 59.317371000000001 0 -0.92532359585795021 0.37917837879883493 0 
1 24.22184 60.602336999999999 0 -0.92532400999943643 0.37917736815184871 0 
1 21.086088 61.887298999999999 0 -0.92532411353469335 0.37917711548989064 0 
1 17.950336 63.172260000000001 0 -1 0 0 
1 16.993818000000001 63.172260000000001 0 -1 0 0 
1 13.699014999999999 63.172260000000001 0 -1 0 0 
1 12.317251000000001 63.172260000000001 0 0.96868880032554883 -0.2482780862739378 0 
1 14.374544 72.691078000000005 0 -1 0 0 
1 13.545484999999999 72.691078000000005 0 0 -1 0 
1 13.545484999999999 70.480255 0 0 -1 0 
1 13.545484999999999 68.269431999999995 0 0.77744838319690623 0.62894674771757608 0 
1 16.278309 70.480255 0 0.77744815812673707 0.62894702592932572 0 
1 19.011130999999999 72.691078000000005 0 -1 0 0 
1 18.059248 72.691078000000005 0 -1 0 0 
1 17.107367 72.691078000000005 0 -1 0 0 
1 16.155484999999999 72.691078000000005 0 -1 0 0 
1 15.203602999999999 72.691078000000005 0 -1 0 0 
1 21.277828 56.963256999999999 0 -0.17715232772008138 0.9841834446805926 0 
1 20.909358999999998 59.010314999999999 0 0 -1 0 
1 20.909358999999998 52.869140999999999 0 1 0 0 
1 22.014769000000001 52.869140999999999 0 -0.17715279341120821 0.98418336085640346 0 
1 21.646298999999999 54.916198999999999 0 -0.17715325910221444 0.98418327703200881 0 
1 16.979005999999998 55.939728000000002 0 0.61009376341097887 -0.79232922440550468 0 
1 19.343359 52.869140999999999 0 1 0 0 
1 20.602298999999999 52.869140999999999 0 0 1 0 
1 20.602298999999999 59.010314999999999 0 -1 0 0 
1 14.614655000000001 59.010314999999999 0 0.6100934394252967 -0.79232947387448105 0 
1 24.329660000000001 47.631435000000003 0 0.42498320027859243 -0.90520123700808419 0 
1 26.644549999999999 42.700789999999998 0 0.42498320027859349 -0.90520123700808386 0 
1 28.959440000000001 37.770144999999999 0 -0.20746989196226059 0.97824140370829116 0 
1 27.390868999999999 45.166114999999998 0 -0.20747002618382529 0.97824137524196075 0 
1 25.822298 52.562080000000002 0 -0.99676388937855653 0.080385003768942143 0 
1 23.918533 52.715611000000003 0 -0.99676392794663682 0.080384525528187131 0 
1 22.014769000000001 52.869140999999999 0 0 -1 0 
1 22.014769000000001 52.562080000000002 0 0.4249833507076145 -0.90520116638310222 0 
1 14.614655000000001 57.475020999999998 0 0 -1 0 
1 14.614655000000001 55.939728000000002 0 0 -1 0 
1 14.614655000000001 52.869140999999999 0 1 0 0 
1 16.579830000000001 52.869140999999999 0 1 0 0 
1 17.501007000000001 52.869140999999999 0 1 0 0 
1 18.422181999999999 52.869140999999999 0 1 0 0 
1 19.343359 52.869140999999999 0 -0.61009376341097887 0.79232922440550468 0 
1 16.979005999999998 55.939728000000002 0 -0.6100934394252967 0.79232947387448105 0 
1 14.614655000000001 59.010314999999999 0 0 -1 0 
1 18.422181999999999 52.562080000000002 0 1 0 0 
1 19.343359 52.562080000000002 0 0 1 0 
1 19.343359 52.869140999999999 0 -1 0 0 
1 18.422181999999999 52.869140999999999 0 -1 0 0 
1 17.501007000000001 52.869140999999999 0 -1 0 0 
1 16.579830000000001 52.869140999999999 0 -1 0 0 
1 15.658654 52.869140999999999 0 0 -1 0 
1 15.658654 52.562080000000002 0 1 0 0 
1 16.579830000000001 52.562080000000002 0 1 0 0 
1 17.501007000000001 52.562080000000002 0 1 0 0 
1 24.22184 60.602336999999999 0 0.92532359585795021 -0.37917837879883493 0 
1 27.357592 59.317371000000001 0 -0.78903186781688261 0.61435226993102376 0 
1 24.882114000000001 61.244816 0 -0.78903166141942926 0.61435253501364773 0 
1 22.406638999999998 63.172260000000001 0 -1 0 0 
1 17.950336 63.172260000000001 0 0.92532411353469335 -0.37917711548989064 0 
1 21.086088 61.887298999999999 0 0.92532400999943643 -0.37917736815184871 0 
1 24.177845000000001 42.086674000000002 0 0.74228261208189739 -0.6700869524180243 0 
1 28.959440000000001 37.770144999999999 0 -0.42498320027859349 0.90520123700808386 0 
1 26.644549999999999 42.700789999999998 0 -0.42498320027859243 0.90520123700808419 0 
1 24.329660000000001 47.631435000000003 0 -0.4249833507076145 0.90520116638310222 0 
1 22.014769000000001 52.562080000000002 0 -1 0 0 
1 20.679064 52.562080000000002 0 -1 0 0 
1 19.343359 52.562080000000002 0 -0.93177732446590522 -0.36303032602133811 0 
1 16.979005999999998 51.640903000000002 0 -0.93177735389741523 -0.36303025048049498 0 
1 14.614655000000001 50.719726999999999 0 0.74228292093858472 -0.67008661028473238 0 
1 19.396249999999998 46.403202 0 0.74228268929606045 -0.67008686688474073 0 
1 34.824654000000002 46.775326 0 -1 0 0 
1 32.214657000000003 46.775326 0 -0.33995393897320841 -0.94044208719973821 0 
1 31.129583 43.773598 0 -0.33995340818772146 -0.94044227906956235 0 
1 30.044512000000001 40.771872999999999 0 -0.33995338478795073 -0.94044228752816905 0 
1 28.959440000000001 37.770144999999999 0 0.68535392317291277 0.7282101345020523 0 
1 31.784511999999999 40.771872999999999 0 0.68535441504679917 0.72820967157533667 0 
1 34.609585000000003 43.773598 0 0.68535353723237336 0.72821049772924418 0 
1 37.434654000000002 46.775326 0 -1 0 0 
1 26.328413000000001 29.032565999999999 0 -0.2623199562239632 -0.96498095347351709 0 
1 25.841957000000001 27.243068999999998 0 0.99687366800961719 0.079011961303663308 0 
1 28.278389000000001 27.43618 0 0.99687359844674384 0.079012838955704254 0 
1 30.714818999999999 27.629293000000001 0 0.99687356621936263 0.079013245554718864 0 
1 33.151249 27.822406999999998 0 -0.65861992964241334 0.75247577255206188 0 
1 31.753981 29.418790999999999 0 -0.658620730325853 0.75247507173662576 0 
1 30.35671 31.015174999999999 0 -0.65861999622158496 0.75247571427726467 0 
1 28.959440000000001 32.611561000000002 0 -1 0 0 
1 28.130382999999998 32.611561000000002 0 -1 0 0 
1 27.301323 32.611561000000002 0 -0.26231881544142133 -0.96498126358256808 0 
1 26.814869000000002 30.822063 0 -0.2623199562239632 -0.96498095347351709 0 
1 28.652381999999999 35.221558000000002 0 0 1 0 
1 28.652381999999999 36.342323 0 0 1 0 
1 28.652381999999999 37.463088999999997 0 -0.72119740921221798 -0.69272959872202999 0 
1 26.318735 35.221558000000002 0 -0.72119787240126243 -0.69272911649785041 0 
1 23.985088000000001 32.980029999999999 0 1 0 0 
1 25.090499999999999 32.980029999999999 0 1 0 0 
1 26.195910999999999 32.980029999999999 0 1 0 0 
1 28.652381999999999 32.980029999999999 0 0 1 0 
1 22.572617999999999 32.980029999999999 0 1 0 0 
1 23.985088000000001 32.980029999999999 0 0.72119787240126243 0.69272911649785041 0 
1 26.318735 35.221558000000002 0 0.72119740921221798 0.69272959872202999 0 
1 28.652381999999999 37.463088999999997 0 -1 0 0 
1 22.572617999999999 37.463088999999997 0 0 -1 0 
1 26.195910999999999 32.611561000000002 0 1 0 0 
1 27.301323 32.611561000000002 0 0 1 0 
1 27.301323 32.980029999999999 0 -1 0 0 
1 26.195910999999999 32.980029999999999 0 -1 0 0 
1 25.090499999999999 32.980029999999999 0 -1 0 0 
1 23.985088000000001 32.980029999999999 0 0 -1 0 
1 23.985088000000001 32.611561000000002 0 1 0 0 
1 25.090499999999999 32.611561000000002 0 1 0 0 
1 23.286111999999999 29.927315 0 0.68957314452754992 -0.7242160439719536 0 
1 25.841957000000001 27.243068999999998 0 0.2623199562239632 0.96498095347351709 0 
1 26.328413000000001 29.032565999999999 0 0.2623199562239632 0.96498095347351709 0 
1 26.814869000000002 30.822063 0 0.26231881544142133 0.96498126358256808 0 
1 27.301323 32.611561000000002 0 -1 0 0 
1 26.195910999999999 32.611561000000002 0 -1 0 0 
1 25.090499999999999 32.611561000000002 0 -1 0 0 
1 23.985088000000001 32.611561000000002 0 -1 0 0 
1 20.730267000000001 32.611561000000002 0 0.68957314452754936 -0.72421604397195405 0 
1 26.530586 5.984737 0 -0.99235726061563534 -0.12339800364443536 0 
1 23.870543000000001 5.6539650000000004 0 0 -1 0 
1 23.870543000000001 5.1421999999999999 0 0 -1 0 
1 23.870543000000001 4.6304350000000003 0 0 -1 0 
1 23.870543000000001 4.118671 0 0.82254793737823728 -0.56869578046158153 0 
1 27.860607000000002 1.3600080000000001 0 0.82254804096087253 -0.56869563064211315 0 
1 31.850674000000001 -1.3986559999999999 0 0 1 0 
1 31.850674000000001 6.6462830000000004 0 -0.99235722061311737 -0.12339832534118345 0 
1 29.190629999999999 6.3155099999999997 0 -0.9923572206131176 -0.12339832534118331 0 
1 29.190629999999999 6.9091570000000004 0 0.99515246688291958 -0.098344128735983458 0 
1 31.850674000000001 6.6462830000000004 0 0.64112511726980992 0.76743637130759745 0 
1 33.821316000000003 9.0051710000000007 0 0.6411245108998429 0.76743687787559256 0 
1 35.791953999999997 11.364058 0 -0.9792067150741357 0.20286500228901116 0 
1 32.475287999999999 12.051181 0 -0.97920676157195718 0.20286477784908841 0 
1 29.158622999999999 12.738303 0 -0.9792067150741357 0.20286500228901116 0 
1 25.841957000000001 13.425426 0 -0.31259714223219248 -0.94988579664518946 0 
1 24.856248999999998 10.430165000000001 0 -0.31259666411646009 -0.94988595398777276 0 
1 23.870543000000001 7.4349049999999997 0 0.99515246326467488 -0.098344165349296367 0 
1 26.530586 7.1720309999999996 0 0.99515246688291958 -0.098344128735983249 0 
1 26.530586 7.1720309999999996 0 -0.99515246326467488 0.098344165349296367 0 
1 23.870543000000001 7.4349049999999997 0 0 -1 0 
1 23.870543000000001 5.6539650000000004 0 0.99235726061563534 0.12339800364443536 0 
1 26.530586 5.984737 0 0.9923572206131176 0.12339832534118331 0 
1 29.190629999999999 6.3155099999999997 0 0.99235722061311737 0.12339832534118345 0 
1 31.850674000000001 6.6462830000000004 0 -0.99515246688291958 0.098344128735983458 0 
1 29.190629999999999 6.9091570000000004 0 -0.99515246688291958 0.098344128735983249 0 
1 21.652070999999999 6.9905039999999996 0 -1 0 0 
1 20.734718000000001 6.9905039999999996 0 -1 0 0 
1 19.817366 6.9905039999999996 0 0.7784828262238157 -0.62766590577677595 0 
1 21.598306999999998 5.5545879999999999 0 0.77848261263571661 -0.62766617068619279 0 
1 23.379248 4.118671 0 0.06986699148972432 0.99755631595422967 0 
1 23.415091 4.6304350000000003 0 0.069864915902249206 0.99755646132235132 0 
1 23.450932999999999 5.1421999999999999 0 0.069866855634509506 0.9975563254692672 0 
1 23.486775999999999 5.6539650000000004 0 0 1 0 
1 23.486775999999999 6.9905039999999996 0 -1 0 0 
1 14.815429999999999 10.430165000000001 0 0.8398069226563929 -0.54288519288925108 0 
1 19.448896000000001 7.4349049999999997 0 1 0 0 
1 23.870543000000001 7.4349049999999997 0 0.31259666411646009 0.94988595398777276 0 
1 24.856248999999998 10.430165000000001 0 0.31259714223219248 0.94988579664518946 0 
1 25.841957000000001 13.425426 0 -1 0 0 
1 10.181963 13.425426 0 0.83980689344021775 -0.54288523808470845 0 
1 23.870543000000001 4.118671 0 0 1 0 
1 23.870543000000001 4.6304350000000003 0 0 1 0 
1 23.870543000000001 5.1421999999999999 0 0 1 0 
1 23.870543000000001 5.6539650000000004 0 -1 0 0 
1 23.486775999999999 5.6539650000000004 0 -0.069866855634509506 -0.9975563254692672 0 
1 23.450932999999999 5.1421999999999999 0 -0.069864915902249206 -0.99755646132235132 0 
1 23.415091 4.6304350000000003 0 -0.06986699148972432 -0.99755631595422967 0 
1 23.379248 4.118671 0 1 0 0 
1 18.458033 35.221558000000002 0 0.71190058044036786 -0.70228025998789645 0 
1 20.730267000000001 32.980029999999999 0 1 0 0 
1 22.265560000000001 32.980029999999999 0 0 1 0 
1 22.265560000000001 37.463088999999997 0 -1 0 0 
1 16.185798999999999 37.463088999999997 0 0.71190011052763214 -0.70228073633750288 0 
1 16.185798999999999 32.980029999999999 0 1 0 0 
1 18.560385 32.980029999999999 0 1 0 0 
1 19.645327000000002 32.980029999999999 0 1 0 0 
1 20.730267000000001 32.980029999999999 0 -0.71190058044036786 0.70228025998789645 0 
1 18.458033 35.221558000000002 0 -0.71190011052763214 0.70228073633750288 0 
1 16.185798999999999 37.463088999999997 0 0 -1 0 
1 19.287089999999999 37.770144999999999 0 1 0 0 
1 28.959440000000001 37.770144999999999 0 -0.74228261208189739 0.6700869524180243 0 
1 24.177845000000001 42.086674000000002 0 -0.74228268929606045 0.67008686688474073 0 
1 19.396249999999998 46.403202 0 -0.74228292093858472 0.67008661028473238 0 
1 14.614655000000001 50.719726999999999 0 -0.71758124731589368 -0.69647480464160816 0 
1 12.526655 48.693142000000002 0 -0.7175803935777304 -0.6964756842509503 0 
1 10.438656 46.666553 0 -0.092217365981112423 -0.9957389002200856 0 
1 10.164018 43.701084000000002 0 -0.092217365981113006 -0.99573890022008549 0 
1 9.8893799999999992 40.735615000000003 0 -0.092217668070801326 -0.99573887224291069 0 
1 9.6147410000000004 37.770144999999999 0 1 0 0 
1 18.422181999999999 52.562080000000002 0 -1 0 0 
1 17.501007000000001 52.562080000000002 0 -1 0 0 
1 14.614655000000001 52.562080000000002 0 0 -1 0 
1 14.614655000000001 50.719726999999999 0 0.93177735389741523 0.36303025048049498 0 
1 16.979005999999998 51.640903000000002 0 0.93177732446590522 0.36303032602133811 0 
1 19.343359 52.562080000000002 0 -1 0 0 
1 15.878738999999999 35.221558000000002 0 0 1 0 
1 15.878738999999999 37.463088999999997 0 -0.99426858913282112 -0.10691105024191511 0 
1 13.023092999999999 37.156028999999997 0 -0.99426858913282112 -0.10691105024191511 0 
1 10.167446999999999 36.848968999999997 0 0.74799062117689252 -0.66370929677940071 0 
1 12.347564 34.914501000000001 0 0.74798995905020271 -0.66371004298569714 0 
1 14.52768 32.980029999999999 0 1 0 0 
1 15.878738999999999 32.980029999999999 0 0 1 0 
1 18.560385 32.611561000000002 0 -1 0 0 
1 17.475445000000001 32.611561000000002 0 -0.80535374640163415 -0.59279452018119416 0 
1 15.044283999999999 30.822063 0 -0.80535390454968125 -0.59279430532570321 0 
1 12.613123 29.032565999999999 0 -0.80535378814209946 -0.59279446347378328 0 
1 10.181963 27.243068999999998 0 1 0 0 
1 25.841957000000001 27.243068999999998 0 -0.68957314452754992 0.7242160439719536 0 
1 23.286111999999999 29.927315 0 -0.68957314452754936 0.72421604397195405 0 
1 20.730267000000001 32.611561000000002 0 -1 0 0 
1 19.645327000000002 32.611561000000002 0 -1 0 0 
1 14.815429999999999 10.430165000000001 0 -0.83980689344021775 0.54288523808470845 0 
1 10.181963 13.425426 0 -0.61143477210985031 -0.79129483724777028 0 
1 5.0785479999999996 6.8207870000000002 0 1 0 0 
1 19.448896000000001 6.8207870000000002 0 0 1 0 
1 19.448896000000001 7.4349049999999997 0 -0.8398069226563929 0.54288519288925108 0 
1 10.689446 34.914501000000001 0 0.26052342687850555 -0.96546752614859088 0 
1 11.211447 32.980029999999999 0 0.99388374198343898 -0.11043146028644556 0 
1 12.869562999999999 32.795794999999998 0 0.99388381508135926 -0.11043080240278312 0 
1 14.52768 32.611561000000002 0 0 1 0 
1 14.52768 32.980029999999999 0 -0.74798995905020271 0.66371004298569714 0 
1 12.347564 34.914501000000001 0 -0.74799062117689252 0.66370929677940071 0 
1 10.167446999999999 36.848968999999997 0 0.26052287305450456 -0.96546767559324664 0 
1 18.560385 32.980029999999999 0 -1 0 0 
1 17.475445000000001 32.980029999999999 0 0 -1 0 
1 17.475445000000001 32.611561000000002 0 1 0 0 
1 18.560385 32.611561000000002 0 1 0 0 
1 19.645327000000002 32.611561000000002 0 1 0 0 
1 20.730267000000001 32.611561000000002 0 0 1 0 
1 20.730267000000001 32.980029999999999 0 -1 0 0 
1 19.645327000000002 32.980029999999999 0 -1 0 0 
1 12.263722 2.5219659999999999 0 0.8741572416891068 -0.48564299315700282 0 
1 19.448896000000001 -1.4697979999999999 0 0 1 0 
1 19.448896000000001 6.5137289999999997 0 -1 0 0 
1 5.0785479999999996 6.5137289999999997 0 0.87415729333775272 -0.48564290018944389 0 
1 36.149493999999997 2.1939310000000001 0 -0.67662492212372594 0.73632785819977098 0 
1 33.017498000000003 5.6022829999999999 0 -1 0 0 
1 32.219143000000003 5.6022829999999999 0 0 -1 0 
1 32.219143000000003 -1.2144200000000001 0 1 0 0 
1 39.281494000000002 -1.2144200000000001 0 -0.67662549827761498 0.73632732876117613 0 
1 65.135840999999999 -3.7630080000000001 0 0 1 0 
1 65.135840999999999 0.76610800000000001 0 0 1 0 
1 65.135840999999999 5.2952240000000002 0 -0.46974799465885986 -0.8828005559094193 0 
1 64.690605000000005 4.4584890000000001 0 -0.46974799465887157 -0.88280055590941309 0 
1 64.245368999999997 3.6217540000000001 0 -0.46974799465885986 -0.8828005559094193 0 
1 63.800133000000002 2.7850190000000001 0 -0.46974799465886558 -0.88280055590941631 0 
1 63.354897000000001 1.9482839999999999 0 -0.46974552792621954 -0.88280186848087128 0 
1 62.909663999999999 1.1115489999999999 0 -0.46974799465886574 -0.8828005559094162 0 
1 62.464427999999998 0.274814 0 -0.46974799465886569 -0.8828005559094162 0 
1 62.019191999999997 -0.561921 0 -0.46974552792621371 -0.88280186848087427 0 
1 61.573959000000002 -1.3986559999999999 0 0.24498732548214366 -0.96952628141433395 0 
1 63.017131999999997 -7.1099480000000002 0 0.24498844245403664 -0.9695259991686378 0 
1 64.460312000000002 -12.82124 0 1 0 0 
1 65.135840999999999 -12.82124 0 0 1 0 
1 60.714191 -13.005475000000001 0 0.97465970307818761 -0.22369278753580571 0 
1 61.962898000000003 -13.292064 0 0.97466004342850798 -0.22369130457829381 0 
1 63.211604999999999 -13.578651000000001 0 0.97465970307818761 -0.22369278753580571 0 
1 64.460312000000002 -13.86524 0 0 1 0 
1 64.460312000000002 -12.82124 0 -0.99946294861988749 0.032769106427245807 0 
1 63.211604999999999 -12.780298999999999 0 -0.99946294861988749 0.032769106427245995 0 
1 61.962898000000003 -12.739357999999999 0 -0.99946294861988749 0.032769106427245807 0 
1 60.714191 -12.698416999999999 0 0 -1 0 
1 64.690605000000005 4.4584890000000001 0 0.46974799465885986 0.8828005559094193 0 
1 65.135840999999999 5.2952240000000002 0 -1 0 0 
1 64.890190000000004 5.2952240000000002 0 -1 0 0 
1 64.644547000000003 5.2952240000000002 0 -0.42662311877702253 -0.90442949671324102 0 
1 64.260718999999995 4.4815189999999996 0 -0.42661450710097143 -0.90443355882618337 0 
1 63.876899999999999 3.6678130000000002 0 -0.42661948198557587 -0.90443121219380695 0 
1 63.493076000000002 2.8541080000000001 0 -0.42661814391625014 -0.90443184335883142 0 
1 63.109253000000002 2.0404019999999998 0 -0.42661814391625036 -0.90443184335883131 0 
1 62.725430000000003 1.226696 0 -0.42661948198558236 -0.90443121219380374 0 
1 62.341605999999999 0.412991 0 -0.42661814391625019 -0.9044318433588312 0 
1 61.957782999999999 -0.40071499999999999 0 -0.42661948198557587 -0.90443121219380695 0 
1 61.573959000000002 -1.2144200000000001 0 0 -1 0 
1 61.573959000000002 -1.306538 0 0 -1 0 
1 61.573959000000002 -1.3986559999999999 0 0.46974552792621371 0.88280186848087427 0 
1 62.019191999999997 -0.561921 0 0.46974799465886569 0.8828005559094162 0 
1 62.464427999999998 0.274814 0 0.46974799465886574 0.8828005559094162 0 
1 62.909663999999999 1.1115489999999999 0 0.46974552792621954 0.88280186848087128 0 
1 63.354897000000001 1.9482839999999999 0 0.46974799465886558 0.88280055590941631 0 
1 63.800133000000002 2.7850190000000001 0 0.46974799465885986 0.8828005559094193 0 
1 64.245368999999997 3.6217540000000001 0 0.46974799465887157 0.88280055590941309 0 
1 57.930194999999998 6.3392239999999997 0 -1 0 0 
1 54.573017 6.3392239999999997 0 0.99467037101497191 -0.10310602807274752 0 
1 57.930194999999998 5.9912239999999999 0 0.99467035841604112 -0.10310614961535569 0 
1 61.287368999999998 5.643224 0 0.99467037101497191 -0.1031060280727473 0 
1 64.644547000000003 5.2952240000000002 0 0 1 0 
1 64.644547000000003 6.3392239999999997 0 -1 0 0 
1 61.287368999999998 6.3392239999999997 0 -1 0 0 
1 62.925013999999997 -16.782297 0 -0.50517926383266054 0.86301443289987412 0 
1 60.714191 -13.005475000000001 0 -1 0 0 
1 54.388782999999997 -13.005475000000001 0 0 -1 0 
1 54.388782999999997 -16.782297 0 0 -1 0 
1 54.388782999999997 -20.55912 0 1 0 0 
1 65.135840999999999 -20.55912 0 -0.50517984496019686 0.86301409272733864 0 
1 57.674312999999998 -1.3986559999999999 0 -1 0 0 
1 53.774666000000003 -1.3986559999999999 0 0.5233222249179178 -0.85213487718022685 0 
1 57.244430999999999 -7.0485360000000004 0 0.52332161006883038 -0.85213525477764807 0 
1 60.714191 -12.698416999999999 0 0.99946294861988749 -0.032769106427245807 0 
1 61.962898000000003 -12.739357999999999 0 0.99946294861988749 -0.032769106427245995 0 
1 63.211604999999999 -12.780298999999999 0 0.99946294861988749 -0.032769106427245807 0 
1 64.460312000000002 -12.82124 0 -0.24498844245403664 0.9695259991686378 0 
1 63.017131999999997 -7.1099480000000002 0 -0.24498732548214366 0.96952628141433395 0 
1 61.573959000000002 -1.3986559999999999 0 -1 0 0 
1 64.685485999999997 -16.096533000000001 0 -0.10040639451506714 0.99494650908502857 0 
1 64.460312000000002 -13.86524 0 -0.97465970307818761 0.22369278753580571 0 
1 63.211604999999999 -13.578651000000001 0 -0.97466004342850798 0.22369130457829381 0 
1 61.962898000000003 -13.292064 0 -0.97465970307818761 0.22369278753580571 0 
1 60.714191 -13.005475000000001 0 0.50517926383266054 -0.86301443289987412 0 
1 62.925013999999997 -16.782297 0 0.50517984496019686 -0.86301409272733864 0 
1 65.135840999999999 -20.55912 0 -0.10040948438665731 0.99494619726154321 0 
1 64.910659999999993 -18.327826999999999 0 -0.10040634996954625 0.99494651358040009 0 
1 60.550429999999999 -24.612295 0 1 0 0 
1 61.676310999999998 -24.612295 0 1 0 0 
1 64.890190000000004 -24.612295 0 0 1 0 
1 64.890190000000004 -20.927591 0 -0.82917254140394059 -0.55899275181502162 0 
1 62.157367999999998 -22.769943000000001 0 -0.82917263621210846 -0.55899261118288712 0 
1 59.424545000000002 -24.612295 0 1 0 0 
1 64.910659999999993 -18.327826999999999 0 0.10040948438665731 -0.99494619726154321 0 
1 65.135840999999999 -20.55912 0 0 1 0 
1 65.135840999999999 -17.212178999999999 0 0 1 0 
1 65.135840999999999 -13.86524 0 -1 0 0 
1 64.460312000000002 -13.86524 0 0.10040639451506714 -0.99494650908502857 0 
1 64.685485999999997 -16.096533000000001 0 0.10040634996954625 -0.99494651358040009 0 
1 62.157367999999998 -22.769943000000001 0 0.82917254140394059 0.55899275181502162 0 
1 64.890190000000004 -20.927591 0 -0.94045327266500678 -0.3399229941231961 0 
1 59.793017999999996 -22.769943000000001 0 -0.94045333662227937 -0.3399228171747547 0 
1 54.695843000000004 -24.612295 0 1 0 0 
1 55.862667000000002 -24.612295 0 1 0 0 
1 57.029488000000001 -24.612295 0 1 0 0 
1 59.424545000000002 -24.612295 0 0.82917263621210846 0.55899261118288712 0 
1 57.029488000000001 -25.185471 0 0.99617464832662328 -0.087384609808184591 0 
1 58.196311999999999 -25.287825000000002 0 0 1 0 
1 58.196311999999999 -24.612295 0 -1 0 0 
1 57.029488000000001 -24.612295 0 -1 0 0 
1 55.862667000000002 -24.612295 0 -1 0 0 
1 54.695843000000004 -24.612295 0 0 -1 0 
1 54.695843000000004 -24.980765999999999 0 0.99617479696344757 -0.087382915348675302 0 
1 55.862667000000002 -25.083117999999999 0 0.99617470308783507 -0.087383985534327968 0 
1 61.676310999999998 -25.083117999999999 0 0.99589327897107194 0.090534948501926976 0 
1 62.802193000000003 -24.980765999999999 0 0 1 0 
1 62.802193000000003 -24.612295 0 -1 0 0 
1 61.676310999999998 -24.612295 0 -1 0 0 
1 60.550429999999999 -24.612295 0 -1 0 0 
1 59.424545000000002 -24.612295 0 0 -1 0 
1 59.424545000000002 -25.287825000000002 0 0.99589314121430927 0.090536463826990793 0 
1 60.550429999999999 -25.185471 0 0.99589319196694193 0.090535905550758231 0 
1 53.590431000000002 -12.698416999999999 0 1 0 0 
1 60.714191 -12.698416999999999 0 -0.52332161006883038 0.85213525477764807 0 
1 57.244430999999999 -7.0485360000000004 0 -0.5233222249179178 0.85213487718022685 0 
1 53.774666000000003 -1.3986559999999999 0 -0.016302073458245803 -0.99986711237091996 0 
1 53.682549000000002 -7.0485360000000004 0 -0.016302247497954312 -0.99986710953331959 0 
1 54.081726000000003 -14.893886999999999 0 0 1 0 
1 54.081726000000003 -13.005475000000001 0 -1 0 0 
1 53.590431000000002 -13.005475000000001 0 0.064902702227780953 -0.99789159694003438 0 
1 53.713253000000002 -14.893886999999999 0 0.064904875490055761 -0.99789145558904369 0 
1 53.836078999999998 -16.782297 0 0.064902141800860721 -0.99789163338994924 0 
1 53.9589 -18.67071 0 0.064904875490059494 -0.99789145558904346 0 
1 54.081726000000003 -20.55912 0 0 1 0 
1 54.081726000000003 -18.67071 0 0 1 0 
1 54.081726000000003 -16.782297 0 0 1 0 
1 53.682549000000002 -7.0485360000000004 0 0.016302073458245803 0.99986711237091996 0 
1 53.774666000000003 -1.3986559999999999 0 0 1 0 
1 53.774666000000003 -1.306538 0 0 1 0 
1 53.774666000000003 -1.2144200000000001 0 -0.99856811980623383 -0.05349495402972991 0 
1 50.335608999999998 -1.3986559999999999 0 0.27678975006101142 -0.96093050438684835 0 
1 51.96302 -7.0485360000000004 0 0.27678970482392024 -0.96093051741709556 0 
1 53.590431000000002 -12.698416999999999 0 0.016302247497954312 0.99986710953331959 0 
1 50.304901000000001 -7.0485360000000004 0 -0.0054343704965668389 -0.99998523369963122 0 
1 50.274197000000001 -12.698416999999999 0 0 -1 0 
1 50.274197000000001 -12.790533999999999 0 0 -1 0 
1 50.274197000000001 -12.882652 0 0.99846033653000343 0.055470319779069466 0 
1 51.932312000000003 -12.790533999999999 0 0.99846037729189774 0.055469586064086952 0 
1 53.590431000000002 -12.698416999999999 0 -0.27678970482392024 0.96093051741709556 0 
1 51.96302 -7.0485360000000004 0 -0.27678975006101142 0.96093050438684835 0 
1 50.335608999999998 -1.3986559999999999 0 -0.005435079406665968 -0.9999852298468429 0 
1 51.932312000000003 -12.944063 0 -0.99931484862732045 0.037011259272759701 0 
1 50.274197000000001 -12.882652 0 -0.68022623306926011 -0.73300223181406787 0 
1 46.712314999999997 -16.720886 0 -0.68022623306925944 -0.73300223181406854 0 
1 43.150433 -20.55912 0 1 0 0 
1 48.616081000000001 -20.55912 0 1 0 0 
1 54.081726000000003 -20.55912 0 -0.064904875490059494 0.99789145558904346 0 
1 53.9589 -18.67071 0 -0.064902141800860721 0.99789163338994924 0 
1 53.836078999999998 -16.782297 0 -0.064904875490055761 0.99789145558904369 0 
1 53.713253000000002 -14.893886999999999 0 -0.064902702227780953 0.99789159694003438 0 
1 53.590431000000002 -13.005475000000001 0 -0.99931482963881701 0.037011771964364289 0 
1 53.590431000000002 -13.005475000000001 0 0 1 0 
1 53.590431000000002 -12.698416999999999 0 -0.99846037729189774 -0.055469586064086952 0 
1 51.932312000000003 -12.790533999999999 0 -0.99846033653000343 -0.055470319779069466 0 
1 50.274197000000001 -12.882652 0 0.99931484862732045 -0.037011259272759701 0 
1 51.932312000000003 -12.944063 0 0.99931482963881701 -0.037011771964364289 0 
1 54.032597000000003 3.3177660000000002 0 0.056817677748125385 0.99838457094213462 0 
1 54.118572 4.8284950000000002 0 0.056818336477444796 0.99838453345388711 0 
1 54.204548000000003 6.3392239999999997 0 -0.45587609291570291 -0.89004325058275313 0 
1 52.270077000000001 2.5624020000000001 0 -0.45587553286379512 -0.89004353743856313 0 
1 50.335608999999998 -1.2144200000000001 0 0 -1 0 
1 50.335608999999998 -1.3986559999999999 0 0.99856811980623383 0.05349495402972991 0 
1 53.774666000000003 -1.2144200000000001 0 0.056817715236181461 0.99838456880870319 0 
1 53.860641000000001 0.29630800000000002 0 0.056818336477444775 0.99838453345388711 0 
1 53.946617000000003 1.807037 0 0.056820971393966239 0.99838438349657999 0 
1 53.860641000000001 0.29630800000000002 0 -0.056817715236181461 -0.99838456880870319 0 
1 53.774666000000003 -1.2144200000000001 0 1 0 0 
1 54.204548000000003 -1.2144200000000001 0 0 1 0 
1 54.204548000000003 1.303461 0 0 1 0 
1 54.204548000000003 3.821342 0 0 1 0 
1 54.204548000000003 6.3392239999999997 0 -0.056818336477444796 -0.99838453345388711 0 
1 54.118572 4.8284950000000002 0 -0.056817677748125385 -0.99838457094213462 0 
1 54.032597000000003 3.3177660000000002 0 -0.056820971393966239 -0.99838438349657999 0 
1 53.946617000000003 1.807037 0 -0.056818336477444775 -0.99838453345388711 0 
1 50.212783999999999 -24.735119000000001 0 0.99745867627425322 0.071247379777886699 0 
1 51.932312000000003 -24.612295 0 0.96186725244089588 0.27351670640346953 0 
1 58.411251 -22.769943000000001 0 0.96186725244089599 0.27351670640346981 0 
1 64.890190000000004 -20.927591 0 -0.97566841775412927 -0.21925131378660878 0 
1 56.691723000000003 -22.769943000000001 0 -0.97566841775412927 -0.21925131378660834 0 
1 48.493256000000002 -24.612295 0 0 -1 0 
1 48.493256000000002 -24.735119000000001 0 0 -1 0 
1 48.493256000000002 -24.857942999999999 0 0.99745867627425333 0.07124737977788495 0 
1 50.212783999999999 -24.735119000000001 0 -0.99745867627425333 -0.07124737977788495 0 
1 48.493256000000002 -24.857942999999999 0 0.99227787671366774 -0.12403473458920847 0 
1 50.212783999999999 -25.072883999999998 0 0.99227787671366752 -0.12403473458920998 0 
1 51.932312000000003 -25.287825000000002 0 0 1 0 
1 51.932312000000003 -24.612295 0 -0.99745867627425322 -0.071247379777886699 0 
1 54.695843000000004 -24.612295 0 0.94045333662227937 0.3399228171747547 0 
1 59.793017999999996 -22.769943000000001 0 0.94045327266500678 0.3399229941231961 0 
1 64.890190000000004 -20.927591 0 -0.96186725244089599 -0.27351670640346981 0 
1 58.411251 -22.769943000000001 0 -0.96186725244089588 -0.27351670640346953 0 
1 51.932312000000003 -24.612295 0 1 0 0 
1 46.343845000000002 -27.222294000000002 0 0 -1 0 
1 46.343845000000002 -29.586646999999999 0 0.41380329241791847 0.91036631922764522 0 
1 47.418551999999998 -27.222294000000002 0 0.41380262519374816 0.91036662251137157 0 
1 48.493256000000002 -24.857942999999999 0 -1 0 0 
1 46.343845000000002 -24.857942999999999 0 0 -1 0 
1 46.036785000000002 -24.857942999999999 0 -1 0 0 
1 45.729728999999999 -24.857942999999999 0 -1 0 0 
1 43.375610000000002 -24.857942999999999 0 -1 0 0 
1 42.352080999999998 -24.857942999999999 0 0.61465011054377916 -0.78879987424474141 0 
1 44.194434999999999 -27.222294000000002 0 0.6146489567129565 -0.78880077333359289 0 
1 46.036785000000002 -29.586646999999999 0 0 1 0 
1 48.493256000000002 -24.612295 0 0.97566841775412927 0.21925131378660834 0 
1 56.691723000000003 -22.769943000000001 0 0.97566841775412927 0.21925131378660878 0 
1 64.890190000000004 -20.927591 0 -1 0 0 
1 48.309021000000001 -20.927591 0 -1 0 0 
1 31.72785 -20.927591 0 0.96565759345865043 -0.25981803670193465 0 
1 36.292788999999999 -22.155825 0 0.96565758322465955 -0.259818074738286 0 
1 40.857731000000001 -23.384060000000002 0 0.96565751182481274 -0.25981834010768312 0 
1 45.422668000000002 -24.612295 0 1 0 0 
1 60.929133999999998 -27.283707 0 -0.63098199267009092 -0.77579747674640009 0 
1 59.056075999999997 -29.586646999999999 0 1 0 0 
1 64.890190000000004 -29.586646999999999 0 0 1 0 
1 64.890190000000004 -24.980765999999999 0 -1 0 0 
1 62.802193000000003 -24.980765999999999 0 -0.63098203051686763 -0.77579744596435141 0 
1 60.550429999999999 -25.185471 0 -0.99589314121430927 -0.090536463826990793 0 
1 59.424545000000002 -25.287825000000002 0 -0.08540061544530636 -0.9963466941188508 0 
1 59.240310999999998 -27.437235000000001 0 -0.085400996723766984 -0.99634666143796913 0 
1 59.056075999999997 -29.586646999999999 0 0.63098199267009092 0.77579747674640009 0 
1 60.929133999999998 -27.283707 0 0.63098203051686763 0.77579744596435141 0 
1 62.802193000000003 -24.980765999999999 0 -0.99589327897107194 -0.090534948501926976 0 
1 61.676310999999998 -25.083117999999999 0 -0.99589319196694193 -0.090535905550758231 0 
1 58.687607 -26.720763999999999 0 0 1 0 
1 58.687607 -25.287825000000002 0 -1 0 0 
1 58.196311999999999 -25.287825000000002 0 0.11354696269962697 -0.99353263019474569 0 
1 58.360076999999997 -26.720763999999999 0 0.11354672804320555 -0.99353265701268345 0 
1 58.523842000000002 -28.153706 0 0.11354680626190239 -0.9935326480733897 0 
1 58.687607 -29.586646999999999 0 0 1 0 
1 58.687607 -28.153706 0 0 1 0 
1 59.056075999999997 -25.287825000000002 0 0 -1 0 
1 59.056075999999997 -29.586646999999999 0 0.085400996723766984 0.99634666143796913 0 
1 59.240310999999998 -27.437235000000001 0 0.08540061544530636 0.9963466941188508 0 
1 59.424545000000002 -25.287825000000002 0 -1 0 0 
1 57.056072 -39.972907999999997 0 -0.83940094441572544 -0.54351269949651415 0 
1 56.024642999999998 -40.640759000000003 0 0.99878180281775919 -0.049344810873150083 0 
1 57.889251999999999 -40.732880000000002 0 0.80554175615919144 0.59253901060096092 0 
1 60.018191999999999 -39.166877999999997 0 0.80554261142771943 0.59253784788333153 0 
1 62.147132999999997 -37.600879999999997 0 0.8055422875545174 0.59253828818181453 0 
1 64.276077000000001 -36.034877999999999 0 0 1 0 
1 64.276077000000001 -35.666409000000002 0 0 1 0 
1 64.276077000000001 -35.297939 0 -0.83940190604509712 -0.54351121435335437 0 
1 63.244644000000001 -35.965789999999998 0 -0.83939983055567036 -0.54351441973797887 0 
1 62.213214999999998 -36.633643999999997 0 -0.83939983055566603 -0.54351441973798553 0 
1 61.181786000000002 -37.301498000000002 0 -0.83940022318852769 -0.54351381335808746 0 
1 60.150359999999999 -37.969349000000001 0 -0.83939983055566869 -0.54351441973798154 0 
1 59.118931000000003 -38.637203 0 -0.8394009444157281 -0.54351269949651004 0 
1 58.087502000000001 -39.305053999999998 0 -0.83940007096495406 -0.54351404845139939 0 
1 57.889251999999999 -40.732880000000002 0 1 0 0 
1 64.890190000000004 -40.732880000000002 0 0 1 0 
1 64.890190000000004 -36.034877999999999 0 -1 0 0 
1 64.276077000000001 -36.034877999999999 0 -0.8055422875545174 -0.59253828818181453 0 
1 62.147132999999997 -37.600879999999997 0 -0.80554261142771943 -0.59253784788333153 0 
1 60.018191999999999 -39.166877999999997 0 -0.80554175615919144 -0.59253901060096092 0 
1 55.318409000000003 -49.695292999999999 0 0.99925598436738017 -0.038567832528909059 0 
1 64.069580000000002 -50.033057999999997 0 1 0 0 
1 64.990761000000006 -50.033057999999997 0 0 1 0 
1 64.990761000000006 -49.357529 0 -1 0 0 
1 46.567233999999999 -49.357529 0 0.99925598944736904 -0.038567700910986352 0 
1 64.622283999999993 -48.866233999999999 0 0.034899470078484179 0.9993908279488265 0 
1 64.758933999999996 -44.953086999999996 0 0.034899434447900529 0.99939082919307232 0 
1 64.895583999999999 -41.039935999999997 0 -1 0 0 
1 57.889251999999999 -41.039935999999997 0 -0.23176223748076288 -0.97277246326050493 0 
1 56.956947 -44.953086999999996 0 -0.2317622264237974 -0.9727724658948177 0 
1 56.024642999999998 -48.866233999999999 0 1 0 0 
1 58.360076999999997 -26.720763999999999 0 -0.11354696269962697 0.99353263019474569 0 
1 58.196311999999999 -25.287825000000002 0 -0.99617464832662328 0.087384609808184591 0 
1 57.029488000000001 -25.185471 0 -0.99617470308783507 0.087383985534327968 0 
1 55.862667000000002 -25.083117999999999 0 -0.99617479696344757 0.087382915348675302 0 
1 54.695843000000004 -24.980765999999999 0 0.6549301261593391 -0.75568944008032302 0 
1 56.691723000000003 -27.283707 0 0.65493103812455034 -0.75568864971038097 0 
1 58.687607 -29.586646999999999 0 -0.11354680626190239 0.9935326480733897 0 
1 58.523842000000002 -28.153706 0 -0.11354672804320555 0.99353265701268345 0 
1 63.244644000000001 -35.965789999999998 0 0.83940190604509712 0.54351121435335437 0 
1 64.276077000000001 -35.297939 0 -0.8482769117431721 -0.52955290670854294 0 
1 63.206263999999997 -35.965789999999998 0 -0.84827562082776009 -0.52955497458647138 0 
1 62.136451999999998 -36.633643999999997 0 -0.84827584318495186 -0.52955461840008433 0 
1 61.066639000000002 -37.301498000000002 0 -0.84827602231632881 -0.52955433145541109 0 
1 59.996830000000003 -37.969349000000001 0 -0.84827584318495597 -0.52955461840007778 0 
1 58.927016999999999 -38.637203 0 -0.84827602231632881 -0.52955433145541109 0 
1 57.857208 -39.305053999999998 0 -0.84827584318495597 -0.52955461840007778 0 
1 56.787394999999997 -39.972907999999997 0 -0.84827668938713086 -0.52955326289468652 0 
1 55.717582999999998 -40.640759000000003 0 1 0 0 
1 56.024642999999998 -40.640759000000003 0 0.83940094441572544 0.54351269949651415 0 
1 57.056072 -39.972907999999997 0 0.83940007096495406 0.54351404845139939 0 
1 58.087502000000001 -39.305053999999998 0 0.8394009444157281 0.54351269949651004 0 
1 59.118931000000003 -38.637203 0 0.83939983055566869 0.54351441973798154 0 
1 60.150359999999999 -37.969349000000001 0 0.83940022318852769 0.54351381335808746 0 
1 61.181786000000002 -37.301498000000002 0 0.83939983055566603 0.54351441973798553 0 
1 62.213214999999998 -36.633643999999997 0 0.83939983055567036 0.54351441973797887 0 
1 53.875233000000001 -40.809643000000001 0 0 -1 0 
1 53.875233000000001 -40.886406000000001 0 0 -1 0 
1 53.875233000000001 -41.039935999999997 0 0.97732301194664195 0.21175393814412038 0 
1 55.717582999999998 -40.640759000000003 0 0.84827668938713086 0.52955326289468652 0 
1 56.787394999999997 -39.972907999999997 0 0.84827584318495597 0.52955461840007778 0 
1 57.857208 -39.305053999999998 0 0.84827602231632881 0.52955433145541109 0 
1 58.927016999999999 -38.637203 0 0.84827584318495597 0.52955461840007778 0 
1 59.996830000000003 -37.969349000000001 0 0.84827602231632881 0.52955433145541109 0 
1 61.066639000000002 -37.301498000000002 0 0.84827584318495186 0.52955461840008433 0 
1 62.136451999999998 -36.633643999999997 0 0.84827562082776009 0.52955497458647138 0 
1 63.206263999999997 -35.965789999999998 0 0.8482769117431721 0.52955290670854294 0 
1 64.276077000000001 -35.297939 0 -0.88629081729545256 -0.46312912581456017 0 
1 59.075653000000003 -38.015408000000001 0 -0.88629046121318988 -0.46312980724901637 0 
1 53.875233000000001 -40.732880000000002 0 0 -1 0 
1 41.92783 -38.921230000000001 0 0.93149934077709029 -0.36374301111065477 0 
1 46.567233999999999 -40.732880000000002 0 1 0 0 
1 53.875233000000001 -40.732880000000002 0 0.88629046121318988 0.46312980724901637 0 
1 59.075653000000003 -38.015408000000001 0 0.88629081729545256 0.46312912581456017 0 
1 64.276077000000001 -35.297939 0 -1 0 0 
1 32.649025000000002 -35.297939 0 0.93149961289509053 -0.36374231425048187 0 
1 37.288429000000001 -37.109585000000003 0 0.93149960122984676 -0.36374234412374457 0 
1 52.300784999999998 -29.586646999999999 0 -0.085402857097179805 0.99634650197591346 0 
1 52.177959000000001 -28.153706 0 -0.085399346711038202 0.99634680286601407 0 
1 52.055137999999999 -26.720763999999999 0 -0.085402975427349481 0.99634649183311497 0 
1 51.932312000000003 -25.287825000000002 0 -0.99227787671366752 0.12403473458920998 0 
1 50.212783999999999 -25.072883999999998 0 -0.99227787671366774 0.12403473458920847 0 
1 48.493256000000002 -24.857942999999999 0 -0.41380262519374816 -0.91036662251137157 0 
1 47.418551999999998 -27.222294000000002 0 -0.41380329241791847 -0.91036631922764522 0 
1 46.343845000000002 -29.586646999999999 0 1 0 0 
1 56.691723000000003 -27.283707 0 -0.6549301261593391 0.75568944008032302 0 
1 54.695843000000004 -24.980765999999999 0 -1 0 0 
1 52.546432000000003 -24.980765999999999 0 0 -1 0 
1 52.546432000000003 -29.586646999999999 0 1 0 0 
1 58.687607 -29.586646999999999 0 -0.65493103812455034 0.75568864971038097 0 
1 45.891705000000002 -43.953293000000002 0 0.43145493230719623 -0.90213449185129413 0 
1 46.567233999999999 -45.365765000000003 0 0 1 0 
1 46.567233999999999 -40.732880000000002 0 -0.66903654533454304 -0.74322950762656093 0 
1 45.216175 -42.233764999999998 0 0 -1 0 
1 45.216175 -42.540824999999998 0 0.43145644650018578 -0.90213376767164211 0 
1 52.177959000000001 -28.153706 0 0.085402857097179805 -0.99634650197591346 0 
1 52.300784999999998 -29.586646999999999 0 0 1 0 
1 52.300784999999998 -27.437235000000001 0 0 1 0 
1 52.300784999999998 -25.287825000000002 0 -1 0 0 
1 51.932312000000003 -25.287825000000002 0 0.085402975427349481 -0.99634649183311497 0 
1 52.055137999999999 -26.720763999999999 0 0.085399346711038202 -0.99634680286601407 0 
1 57.889251999999999 -40.732880000000002 0 -0.99878180281775919 0.049344810873150083 0 
1 56.024642999999998 -40.640759000000003 0 0 -1 0 
1 56.024642999999998 -48.866233999999999 0 0.2317622264237974 0.9727724658948177 0 
1 56.956947 -44.953086999999996 0 0.23176223748076288 0.97277246326050493 0 
1 57.889251999999999 -41.039935999999997 0 0 1 0 
1 51.265231999999997 -48.866233999999999 0 1 0 0 
1 55.717582999999998 -48.866233999999999 0 0 1 0 
1 55.717582999999998 -44.753498 0 0 1 0 
1 55.717582999999998 -40.640759000000003 0 -0.97732301194664195 -0.21175393814412038 0 
1 53.875233000000001 -41.039935999999997 0 -0.66994338045935831 -0.74241219479389453 0 
1 50.344054999999997 -44.953086999999996 0 -0.6699433396297495 -0.74241223163801529 0 
1 46.812880999999997 -48.866233999999999 0 1 0 0 
1 52.094292000000003 -50.769996999999996 0 1 0 0 
1 64.069580000000002 -50.769996999999996 0 0 1 0 
1 64.069580000000002 -50.401527000000002 0 0 1 0 
1 64.069580000000002 -50.033057999999997 0 -0.99925598436738017 0.038567832528909059 0 
1 55.318409000000003 -49.695292999999999 0 -0.99925598944736904 0.038567700910986352 0 
1 46.567233999999999 -49.357529 0 -0.97683935887910678 -0.21397398660738093 0 
1 43.343116999999999 -50.063763000000002 0 -0.97683937275094879 -0.21397392327929349 0 
1 40.118999000000002 -50.769996999999996 0 1 0 0 
1 46.812880999999997 -41.039935999999997 0 0 -1 0 
1 46.812880999999997 -48.866233999999999 0 0.6699433396297495 0.74241223163801529 0 
1 50.344054999999997 -44.953086999999996 0 0.66994338045935831 0.74241219479389453 0 
1 53.875233000000001 -41.039935999999997 0 -1 0 0 
1 43.343116999999999 -50.063763000000002 0 0.97683935887910678 0.21397398660738093 0 
1 46.567233999999999 -49.357529 0 0 1 0 
1 46.567233999999999 -47.515174999999999 0 0 1 0 
1 46.567233999999999 -45.672820999999999 0 -1 0 0 
1 43.435234000000001 -45.672820999999999 0 -0.54534269730677376 -0.83821318439533776 0 
1 41.777118999999999 -48.221409000000001 0 -0.54534385270913055 -0.83821243268777756 0 
1 40.118999000000002 -50.769996999999996 0 0.97683937275094879 0.21397392327929349 0 
1 43.742294000000001 -42.540824999999998 0 0 -1 0 
1 43.742294000000001 -45.365765000000003 0 1 0 0 
1 46.567233999999999 -45.365765000000003 0 -0.43145493230719623 0.90213449185129413 0 
1 45.891705000000002 -43.953293000000002 0 -0.43145644650018578 0.90213376767164211 0 
1 45.216175 -42.540824999999998 0 -1 0 0 
1 42.352080999999998 -24.857942999999999 0 1 0 0 
1 43.375610000000002 -24.857942999999999 0 1 0 0 
1 44.399138999999998 -24.857942999999999 0 1 0 0 
1 45.422668000000002 -24.857942999999999 0 0 1 0 
1 45.422668000000002 -24.612295 0 -1 0 0 
1 44.317256999999998 -24.612295 0 -1 0 0 
1 43.211844999999997 -24.612295 0 -1 0 0 
1 42.106434 -24.612295 0 0.70710534191380603 -0.70710822045635957 0 
1 39.281494000000002 -1.3986559999999999 0 0.99840183201818111 0.056513554327610419 0 
1 42.536315999999999 -1.2144200000000001 0 0.064904841264748048 0.99789145781512634 0 
1 42.659142000000003 0.67399100000000001 0 0.064902210248620584 0.99789162893815464 0 
1 42.781962999999998 2.5624020000000001 0 0.064904841264748048 0.99789145781512634 0 
1 42.904789000000001 4.4508130000000001 0 0.064902736451955864 0.99789159471409916 0 
1 43.027611 6.3392239999999997 0 -0.44429797284255412 -0.89587907182163651 0 
1 41.154552000000002 2.5624020000000001 0 -0.44429778246237783 -0.89587916623784336 0 
1 39.281494000000002 -1.2144200000000001 0 0 -1 0 
1 42.474907000000002 -7.0485360000000004 0 0.010868438442345606 0.99994093677868046 0 
1 42.536315999999999 -1.3986559999999999 0 0 1 0 
1 42.536315999999999 -1.2144200000000001 0 -0.99840183201818111 -0.056513554327610419 0 
1 39.281494000000002 -1.3986559999999999 0 0.26710336838368032 -0.96366788397149139 0 
1 40.847492000000003 -7.0485360000000004 0 0.26710395806249004 -0.96366772052785465 0 
1 42.413494 -12.698416999999999 0 0.010869144372981452 0.99994092910561427 0 
1 50.335608999999998 -1.3986559999999999 0 -1 0 0 
1 42.536315999999999 -1.3986559999999999 0 -0.010868438442345606 -0.99994093677868046 0 
1 42.474907000000002 -7.0485360000000004 0 -0.010869144372981452 -0.99994092910561427 0 
1 42.413494 -12.698416999999999 0 1 0 0 
1 50.274197000000001 -12.698416999999999 0 0.0054343704965668389 0.99998523369963122 0 
1 50.304901000000001 -7.0485360000000004 0 0.005435079406665968 0.9999852298468429 0 
1 43.027611 4.4508130000000001 0 0 1 0 
1 43.027611 6.3392239999999997 0 -0.064902736451955864 -0.99789159471409916 0 
1 42.904789000000001 4.4508130000000001 0 -0.064904841264748048 -0.99789145781512634 0 
1 42.781962999999998 2.5624020000000001 0 -0.064902210248620584 -0.99789162893815464 0 
1 42.659142000000003 0.67399100000000001 0 -0.064904841264748048 -0.99789145781512634 0 
1 42.536315999999999 -1.2144200000000001 0 1 0 0 
1 43.027611 -1.2144200000000001 0 0 1 0 
1 43.027611 0.67399100000000001 0 0 1 0 
1 43.027611 2.5624020000000001 0 0 1 0 
1 31.768791 -8.9318290000000005 0 -0.010868877004200105 -0.99994093201182022 0 
1 31.72785 -12.698416999999999 0 1 0 0 
1 39.220081 -12.698416999999999 0 0.0054352554317494165 0.99998522889010288 0 
1 39.250790000000002 -7.0485360000000004 0 0.0054343714583943463 0.99998523369440417 0 
1 39.281494000000002 -1.3986559999999999 0 -1 0 0 
1 31.850674000000001 -1.3986559999999999 0 -0.01086914533475934 -0.99994092909515997 0 
1 31.809732 -5.1652430000000003 0 -0.010868882774727064 -0.99994093194909739 0 
1 29.415022 -13.418183000000001 0 0.9548310669215947 0.29714917741997687 0 
1 31.72785 -12.698416999999999 0 0.010868877004200105 0.99994093201182022 0 
1 31.768791 -8.9318290000000005 0 0.010868882774727064 0.99994093194909739 0 
1 31.809732 -5.1652430000000003 0 0.01086914533475934 0.99994092909515997 0 
1 31.850674000000001 -1.3986559999999999 0 -0.37961116543543355 -0.92514613066085494 0 
1 30.267847 -5.2561460000000002 0 -0.37961116543543294 -0.92514613066085538 0 
1 28.685020000000002 -9.1136359999999996 0 -0.37961087593743209 -0.92514624944925083 0 
1 27.102194000000001 -12.971126999999999 0 0 -1 0 
1 27.102194000000001 -13.554538000000001 0 0 -1 0 
1 27.102194000000001 -14.13795 0 0.95483094978718364 0.29714955380835545 0 
1 40.816788000000003 -12.790533999999999 0 0.99833996518288659 0.057596127635740152 0 
1 42.413494 -12.698416999999999 0 -0.26710395806249004 0.96366772052785465 0 
1 40.847492000000003 -7.0485360000000004 0 -0.26710336838368032 0.96366788397149139 0 
1 39.281494000000002 -1.3986559999999999 0 -0.0054343714583943463 -0.99998523369440417 0 
1 39.250790000000002 -7.0485360000000004 0 -0.0054352554317494165 -0.99998522889010288 0 
1 39.220081 -12.698416999999999 0 0 -1 0 
1 39.220081 -12.882652 0 0.99833993130470489 0.057596714858723433 0 
1 42.413494 -12.813563 0 0 1 0 
1 42.413494 -12.790533999999999 0 0 1 0 
1 42.413494 -12.744475 0 0 1 0 
1 42.413494 -12.698416999999999 0 -0.99833996518288659 -0.057596127635740152 0 
1 40.816788000000003 -12.790533999999999 0 -0.99833993130470489 -0.057596714858723433 0 
1 39.220081 -12.882652 0 0.432731628821581 -0.9015227880743899 0 
1 40.448318 -15.441475000000001 0 0.4327307697854435 -0.90152320041189027 0 
1 41.676552000000001 -18.000298000000001 0 0.4327317662675268 -0.90152272210021778 0 
1 42.904789000000001 -20.55912 0 -0.063869489828983966 0.99795825978293562 0 
1 42.806530000000002 -19.023827000000001 0 -0.063869448397866152 0.99795826243453301 0 
1 42.708271000000003 -17.488533 0 -0.063869448397870746 0.99795826243453267 0 
1 42.610011999999998 -15.953239 0 -0.063869489828983966 0.99795825978293562 0 
1 42.511752999999999 -14.417946000000001 0 -0.063869448397866152 0.99795826243453301 0 
1 42.413494 -12.882652 0 0 1 0 
1 42.413494 -12.879773 0 0 1 0 
1 42.413494 -12.876894999999999 0 0 1 0 
1 42.413494 -12.874015999999999 0 0 1 0 
1 42.413494 -12.871138 0 0 1 0 
1 42.413494 -12.868258000000001 0 0 1 0 
1 42.413494 -12.86538 0 0 1 0 
1 42.413494 -12.862501 0 0 1 0 
1 42.413494 -12.859622999999999 0 0 1 0 
1 42.413494 -12.856744000000001 0 0 1 0 
1 42.413494 -12.853866 0 0 1 0 
1 42.413494 -12.848107000000001 0 0 1 0 
1 42.413494 -12.836593000000001 0 0 1 0 
1 42.806530000000002 -19.023827000000001 0 0.063869489828983966 -0.99795825978293562 0 
1 42.904789000000001 -20.55912 0 0 1 0 
1 42.904789000000001 -18.000298000000001 0 0 1 0 
1 42.904789000000001 -15.441475000000001 0 0 1 0 
1 42.904789000000001 -12.882652 0 -1 0 0 
1 42.413494 -12.882652 0 0.063869448397866152 -0.99795826243453301 0 
1 42.511752999999999 -14.417946000000001 0 0.063869489828983966 -0.99795825978293562 0 
1 42.610011999999998 -15.953239 0 0.063869448397870746 -0.99795826243453267 0 
1 42.708271000000003 -17.488533 0 0.063869448397866152 -0.99795826243453301 0 
1 27.102194000000001 -17.515595999999999 0 0.6926224616267781 0.7213003019894435 0 
1 29.415022 -15.107006 0 0.69262261123862012 0.72130015832591865 0 
1 31.72785 -12.698416999999999 0 -0.9548310669215947 -0.29714917741997687 0 
1 29.415022 -13.418183000000001 0 -0.95483094978718364 -0.29714955380835545 0 
1 27.102194000000001 -14.13795 0 -0.081545444396277297 -0.99666962454878383 0 
1 26.964017999999999 -15.826772999999999 0 -0.081546616860137894 -0.99666952861952485 0 
1 26.825839999999999 -17.515595999999999 0 1 0 0 
1 29.415022 -19.221594 0 0.80475531141363121 -0.5936066784930486 0 
1 31.72785 -20.927591 0 0 1 0 
1 31.72785 -12.698416999999999 0 -0.69262261123862012 -0.72130015832591865 0 
1 29.415022 -15.107006 0 -0.6926224616267781 -0.7213003019894435 0 
1 27.102194000000001 -17.515595999999999 0 0.80475514519368452 -0.59360690383813086 0 
1 26.825839999999999 -14.13795 0 0 -1 0 
1 26.825839999999999 -15.826772999999999 0 0 -1 0 
1 26.825839999999999 -17.515595999999999 0 0.081546616860137894 0.99666952861952485 0 
1 26.964017999999999 -15.826772999999999 0 0.081545444396277297 0.99666962454878383 0 
1 27.102194000000001 -14.13795 0 -1 0 0 
1 40.448318 -15.441475000000001 0 -0.432731628821581 0.9015227880743899 0 
1 39.220081 -12.882652 0 -1 0 0 
1 32.157733999999998 -12.882652 0 0 -1 0 
1 32.157733999999998 -16.720886 0 0 -1 0 
1 32.157733999999998 -20.55912 0 1 0 0 
1 42.904789000000001 -20.55912 0 -0.4327317662675268 0.90152272210021778 0 
1 41.676552000000001 -18.000298000000001 0 -0.4327307697854435 0.90152320041189027 0 
1 23.870543000000001 -1.991798 0 0 -1 0 
1 23.870543000000001 -2.9436800000000001 0 0.30674399123365259 -0.95179205914004605 0 
1 25.486367999999999 -7.9574030000000002 0 0.30674410778459449 -0.95179202157794596 0 
1 27.102194000000001 -12.971126999999999 0 0.37961087593743209 0.92514624944925083 0 
1 28.685020000000002 -9.1136359999999996 0 0.37961116543543294 0.92514613066085538 0 
1 30.267847 -5.2561460000000002 0 0.37961116543543355 0.92514613066085494 0 
1 31.850674000000001 -1.3986559999999999 0 -0.99899109189224167 0.044908777760551695 0 
1 27.860607000000002 -1.2192860000000001 0 -0.99899109037740563 0.044908811457910265 0 
1 23.870543000000001 -1.0399160000000001 0 0 -1 0 
1 43.150433 -12.882652 0 0 -1 0 
1 43.150433 -20.55912 0 0.68022623306925944 0.73300223181406854 0 
1 46.712314999999997 -16.720886 0 0.68022623306926011 0.73300223181406787 0 
1 50.274197000000001 -12.882652 0 -1 0 0 
1 23.379248 -0.30297499999999999 0 0 -1 0 
1 23.379248 -1.0399160000000001 0 1 0 0 
1 23.870543000000001 -1.0399160000000001 0 0 1 0 
1 23.870543000000001 -0.30297499999999999 0 0 1 0 
1 23.870543000000001 0.43396600000000002 0 -1 0 0 
1 23.379248 0.43396600000000002 0 0 -1 0 
1 23.379248 1.907848 0 -1 0 0 
1 19.817366 1.907848 0 0 -1 0 
1 19.817366 -2.4523860000000002 0 0.77693289756407113 0.62958341201360801 0 
1 21.598306999999998 -1.0092099999999999 0 0.7769328975640718 0.62958341201360712 0 
1 23.379248 0.43396600000000002 0 0 1 0 
1 27.860607000000002 1.3600080000000001 0 -0.82254793737823728 0.56869578046158153 0 
1 23.870543000000001 4.118671 0 0 -1 0 
1 23.870543000000001 2.276319 0 0 -1 0 
1 23.870543000000001 -0.30297499999999999 0 0 -1 0 
1 23.870543000000001 -1.0399160000000001 0 0.99899109037740563 -0.044908811457910265 0 
1 27.860607000000002 -1.2192860000000001 0 0.99899109189224167 -0.044908777760551695 0 
1 31.850674000000001 -1.3986559999999999 0 -0.82254804096087253 0.56869563064211315 0 
1 19.817366 6.9905039999999996 0 0 -1 0 
1 19.817366 2.7062010000000001 0 1 0 0 
1 21.598306999999998 2.7062010000000001 0 1 0 0 
1 23.379248 2.7062010000000001 0 0 1 0 
1 23.379248 4.118671 0 -0.77848261263571661 0.62766617068619279 0 
1 21.598306999999998 5.5545879999999999 0 -0.7784828262238157 0.62766590577677595 0 
1 26.825839999999999 -14.13795 0 0 1 0 
1 26.825839999999999 -13.554538000000001 0 0 1 0 
1 26.825839999999999 -13.339596999999999 0 -1 0 0 
1 20.976372000000001 -13.339596999999999 0 0.99081434966718118 -0.13522915548653236 0 
1 23.901105999999999 -13.738773 0 0.99081430427625439 -0.13522948806219032 0 
1 19.448896000000001 -2.9436800000000001 0 0.60671206499638664 -0.79492167550509052 0 
1 23.275545000000001 -7.9574030000000002 0 0.60671198852993558 -0.79492173386695841 0 
1 27.102194000000001 -12.971126999999999 0 -0.30674410778459449 0.95179202157794596 0 
1 25.486367999999999 -7.9574030000000002 0 -0.30674399123365259 0.95179205914004605 0 
1 23.870543000000001 -2.9436800000000001 0 -1 0 0 
1 -6.3672069999999996 -12.971126999999999 0 1 0 0 
1 27.102194000000001 -12.971126999999999 0 -0.60671198852993558 0.79492173386695841 0 
1 23.275545000000001 -7.9574030000000002 0 -0.60671206499638664 0.79492167550509052 0 
1 19.448896000000001 -2.9436800000000001 0 -0.9967748569389856 0.080248891420784743 0 
1 12.202311 -2.360268 0 -0.99677486971330787 0.08024873275023274 0 
1 4.955724 -1.7768569999999999 0 -0.71113554058086148 -0.70305493592091794 0 
1 -0.70574099999999995 -7.3739910000000002 0 -0.71113547706646862 -0.70305500016531142 0 
1 19.448896000000001 -1.7768569999999999 0 -1 0 0 
1 4.955724 -1.7768569999999999 0 0.99677486971330787 -0.08024873275023274 0 
1 12.202311 -2.360268 0 0.9967748569389856 -0.080248891420784743 0 
1 19.448896000000001 -2.9436800000000001 0 0 1 0 
1 21.598306999999998 -1.0092099999999999 0 -0.77693289756407113 -0.62958341201360801 0 
1 19.817366 -2.4523860000000002 0 1 0 0 
1 23.379248 -2.4523860000000002 0 0 1 0 
1 23.379248 -0.30297499999999999 0 0 1 0 
1 23.379248 0.43396600000000002 0 -0.7769328975640718 -0.62958341201360712 0 
1 23.901105999999999 -24.455121999999999 0 0.38837599259565486 0.92150099749014913 0 
1 26.825839999999999 -17.515595999999999 0 0 1 0 
1 26.825839999999999 -15.826772999999999 0 0 1 0 
1 26.825839999999999 -14.13795 0 -0.99081430427625439 0.13522948806219032 0 
1 23.901105999999999 -13.738773 0 -0.99081434966718118 0.13522915548653236 0 
1 20.976372000000001 -13.339596999999999 0 0 -1 0 
1 20.976372000000001 -22.367122999999999 0 0 -1 0 
1 20.976372000000001 -31.394649999999999 0 0.38837589754741286 0.92150103754919432 0 
1 39.035846999999997 -24.612295 0 1 0 0 
1 40.57114 -24.612295 0 1 0 0 
1 43.211844999999997 -24.612295 0 1 0 0 
1 44.317256999999998 -24.612295 0 1 0 0 
1 45.422668000000002 -24.612295 0 -0.96565751182481274 0.25981834010768312 0 
1 40.857731000000001 -23.384060000000002 0 -0.96565758322465955 0.259818074738286 0 
1 36.292788999999999 -22.155825 0 -0.96565759345865043 0.25981803670193465 0 
1 31.72785 -20.927591 0 0.89292139063072862 -0.45021260550331749 0 
1 35.381847 -22.769943000000001 0 0.89292153922469353 -0.45021231079192459 0 
1 39.895611000000002 -27.222294000000002 0 0 -1 0 
1 39.895611000000002 -29.586646999999999 0 1 0 0 
1 46.036785000000002 -29.586646999999999 0 -0.6146489567129565 0.78880077333359289 0 
1 44.194434999999999 -27.222294000000002 0 -0.61465011054377916 0.78879987424474141 0 
1 42.352080999999998 -24.857942999999999 0 -1 0 0 
1 39.895611000000002 -24.857942999999999 0 0 -1 0 
1 39.035846999999997 -24.612295 0 -1 0 0 
1 38.283554000000002 -24.612295 0 -1 0 0 
1 37.531261000000001 -24.612295 0 -1 0 0 
1 36.778964999999999 -24.612295 0 -1 0 0 
1 36.026671999999998 -24.612295 0 0 -1 0 
1 36.026671999999998 -24.857942999999999 0 1 0 0 
1 36.778964999999999 -24.857942999999999 0 1 0 0 
1 37.531261000000001 -24.857942999999999 0 1 0 0 
1 38.283554000000002 -24.857942999999999 0 1 0 0 
1 39.035846999999997 -24.857942999999999 0 0 1 0 
1 39.649963 -28.082058 0 0 1 0 
1 39.649963 -27.007352999999998 0 0 1 0 
1 39.649963 -24.857942999999999 0 -1 0 0 
1 38.283554000000002 -24.857942999999999 0 -1 0 0 
1 37.531261000000001 -24.857942999999999 0 -1 0 0 
1 36.778964999999999 -24.857942999999999 0 -1 0 0 
1 36.026671999999998 -24.857942999999999 0 0.64447214516246609 -0.76462778795286368 0 
1 37.838318000000001 -27.007352999999998 0 0.64447158657544856 -0.7646282587616835 0 
1 39.649963 -29.156765 0 0 1 0 
1 43.343116999999999 -40.686821000000002 0 -0.99989796075107418 0.014285240139509527 0 
1 40.118999000000002 -40.640759000000003 0 0.90139437146001067 -0.4329990613156251 0 
1 43.435234000000001 -42.233764999999998 0 1 0 0 
1 45.216175 -42.233764999999998 0 0.66903654533454304 0.74322950762656093 0 
1 46.567233999999999 -40.732880000000002 0 -0.99989797397688029 0.014284314366817569 0 
1 41.777118999999999 -48.221409000000001 0 0.54534269730677376 0.83821318439533776 0 
1 43.435234000000001 -45.672820999999999 0 0 1 0 
1 43.435234000000001 -42.233764999999998 0 -0.90139437146001067 0.4329990613156251 0 
1 40.118999000000002 -40.640759000000003 0 0 -1 0 
1 40.118999000000002 -50.769996999999996 0 0.54534385270913055 0.83821243268777756 0 
1 33.877262000000002 -27.222294000000002 0 -0.6726728251503703 -0.73994004507407174 0 
1 31.72785 -29.586646999999999 0 1 0 0 
1 39.649963 -29.586646999999999 0 0 1 0 
1 39.649963 -29.156765 0 -0.64447158657544856 0.7646282587616835 0 
1 37.838318000000001 -27.007352999999998 0 -0.64447214516246609 0.76462778795286368 0 
1 36.026671999999998 -24.857942999999999 0 -0.67267279399631141 -0.73994007339594481 0 
1 37.288429000000001 -37.109585000000003 0 -0.93149961289509053 0.36374231425048187 0 
1 32.649025000000002 -35.297939 0 0.81336655895227361 -0.58175152838487476 0 
1 36.384014000000001 -37.969349000000001 0 0.81336626414886259 -0.58175194055930968 0 
1 40.118999000000002 -40.640759000000003 0 0.99989796075107418 -0.014285240139509527 0 
1 43.343116999999999 -40.686821000000002 0 0.99989797397688029 -0.014284314366817569 0 
1 46.567233999999999 -40.732880000000002 0 -0.93149934077709029 0.36374301111065477 0 
1 41.92783 -38.921230000000001 0 -0.93149960122984676 0.36374234412374457 0 
1 37.531261000000001 -24.612295 0 1 0 0 
1 38.283554000000002 -24.612295 0 1 0 0 
1 39.035846999999997 -24.612295 0 -0.89292153922469353 0.45021231079192459 0 
1 35.381847 -22.769943000000001 0 -0.89292139063072862 0.45021260550331749 0 
1 31.72785 -20.927591 0 -0.08304530079402915 -0.99654577316650594 0 
1 31.420791999999999 -24.612295 0 1 0 0 
1 36.778964999999999 -24.612295 0 1 0 0 
1 31.72785 -24.857942999999999 0 0 -1 0 
1 31.72785 -29.586646999999999 0 0.6726728251503703 0.73994004507407174 0 
1 33.877262000000002 -27.222294000000002 0 0.67267279399631141 0.73994007339594481 0 
1 36.026671999999998 -24.857942999999999 0 -1 0 0 
1 29.415022 -19.221594 0 -0.80475514519368452 0.59360690383813086 0 
1 27.102194000000001 -17.515595999999999 0 0 -1 0 
1 27.102194000000001 -25.007828 0 0 -1 0 
1 27.102194000000001 -32.500061000000002 0 0.48023797027371706 0.87713823990713136 0 
1 29.261492000000001 -28.556177000000002 0 0.48023849986666195 0.87713794995189787 0 
1 31.420791999999999 -24.612295 0 0.08304530079402915 0.99654577316650594 0 
1 31.72785 -20.927591 0 -0.80475531141363121 0.5936066784930486 0 
1 23.811198999999998 -31.613233999999999 0 -1 0 0 
1 22.303878999999998 -31.613233999999999 0 -1 0 0 
1 20.796558000000001 -31.613233999999999 0 0.8131548708038937 -0.58204738302641912 0 
1 23.713616999999999 -33.701233000000002 0 0.81315441805869693 -0.58204801553791241 0 
1 26.630673999999999 -35.789234 0 0.059232206629960524 0.99824423148733787 0 
1 26.695730000000001 -34.692841000000001 0 0.059232368135604771 0.99824422190416306 0 
1 26.760786 -33.596451000000002 0 0.059230553558549594 0.99824432957325016 0 
1 26.825839999999999 -32.500061000000002 0 0 1 0 
1 26.825839999999999 -31.613233999999999 0 -1 0 0 
1 31.420791999999999 -29.525234000000001 0 0 1 0 
1 31.420791999999999 -27.068766 0 0 1 0 
1 31.420791999999999 -24.612295 0 -0.48023849986666195 -0.87713794995189787 0 
1 29.261492000000001 -28.556177000000002 0 -0.48023797027371706 -0.87713823990713136 0 
1 27.102194000000001 -32.500061000000002 0 -0.049937162606605898 -0.99875236159460534 0 
1 27.047374999999999 -33.596451000000002 0 -0.049938979955571033 -0.99875227072632833 0 
1 26.992553999999998 -34.692841000000001 0 -0.049937026307026351 -0.99875236840951298 0 
1 26.937735 -35.789234 0 0.95746449701988756 0.28855109936795181 0 
1 31.420791999999999 -34.438175000000001 0 0 1 0 
1 23.901105999999999 -24.455121999999999 0 -0.38837589754741286 -0.92150103754919432 0 
1 20.976372000000001 -31.394649999999999 0 1 0 0 
1 26.825839999999999 -31.394649999999999 0 0 1 0 
1 26.825839999999999 -17.515595999999999 0 -0.38837599259565486 -0.92150099749014913 0 
1 32.096321000000003 -37.969349000000001 0 0.20260507069023906 0.97926052985434031 0 
1 32.649025000000002 -35.297939 0 0 1 0 
1 32.649025000000002 -34.868057 0 0 1 0 
1 32.649025000000002 -34.438175000000001 0 -1 0 0 
1 31.420791999999999 -34.438175000000001 0 0.019797866060606847 -0.99980400304231953 0 
1 31.482202999999998 -37.539467000000002 0 0.019798188317303678 -0.99980399666102193 0 
1 31.543614999999999 -40.640759000000003 0 0.20260577373682437 0.97926038439656216 0 
1 29.240675 -45.430878 0 -0.4332944495625552 -0.90125241746043738 0 
1 26.937735 -50.220993 0 1 0 0 
1 31.543614999999999 -50.220993 0 0 1 0 
1 31.543614999999999 -40.640759000000003 0 -0.43329415566917656 -0.90125255875527777 0 
1 32.096321000000003 -37.969349000000001 0 -0.20260577373682437 -0.97926038439656216 0 
1 31.543614999999999 -40.640759000000003 0 1 0 0 
1 40.118999000000002 -40.640759000000003 0 -0.81336626414886259 0.58175194055930968 0 
1 36.384014000000001 -37.969349000000001 0 -0.81336655895227361 0.58175152838487476 0 
1 32.649025000000002 -35.297939 0 -0.20260507069023906 -0.97926052985434031 0 
1 29.240675 -45.430878 0 0.43329415566917656 0.90125255875527777 0 
1 31.543614999999999 -40.640759000000003 0 -0.019798188317303678 0.99980399666102193 0 
1 31.482202999999998 -37.539467000000002 0 -0.019797866060606847 0.99980400304231953 0 
1 31.420791999999999 -34.438175000000001 0 -0.95746449701988756 -0.28855109936795181 0 
1 26.937735 -35.789234 0 0 -1 0 
1 26.937735 -43.005111999999997 0 0 -1 0 
1 26.937735 -50.220993 0 0.4332944495625552 0.90125241746043738 0 
1 26.937735 -35.789234 0 0.049937026307026351 0.99875236840951298 0 
1 26.992553999999998 -34.692841000000001 0 0.049938979955571033 0.99875227072632833 0 
1 27.047374999999999 -33.596451000000002 0 0.049937162606605898 0.99875236159460534 0 
1 27.102194000000001 -32.500061000000002 0 -1 0 0 
1 26.825839999999999 -32.500061000000002 0 -0.059230553558549594 -0.99824432957325016 0 
1 26.760786 -33.596451000000002 0 -0.059232368135604771 -0.99824422190416306 0 
1 26.695730000000001 -34.692841000000001 0 -0.059232206629960524 -0.99824423148733787 0 
1 26.630673999999999 -35.789234 0 1 0 0 
1 20.796558000000001 -40.917113999999998 0 0 -1 0 
1 20.796558000000001 -50.220993 0 1 0 0 
1 23.713616999999999 -50.220993 0 1 0 0 
1 26.630673999999999 -50.220993 0 0 1 0 
1 26.630673999999999 -43.005111999999997 0 0 1 0 
1 26.630673999999999 -35.789234 0 -0.81315441805869693 0.58204801553791241 0 
1 23.713616999999999 -33.701233000000002 0 -0.8131548708038937 0.58204738302641912 0 
1 20.796558000000001 -31.613233999999999 0 0 -1 0 
1 10.696705 29.927315 0 -0.1883325357243848 -0.98210531817500279 0 
1 10.181963 27.243068999999998 0 0.80535378814209946 0.59279446347378328 0 
1 12.613123 29.032565999999999 0 0.80535390454968125 0.59279430532570321 0 
1 15.044283999999999 30.822063 0 0.80535374640163415 0.59279452018119416 0 
1 17.475445000000001 32.611561000000002 0 -1 0 0 
1 14.52768 32.611561000000002 0 -1 0 0 
1 12.869562999999999 32.611561000000002 0 -1 0 0 
1 11.211447 32.611561000000002 0 -0.1883325357243848 -0.98210531817500279 0 
1 2.859842 72.998137999999997 0 1 0 0 
1 3.9652539999999998 72.998137999999997 0 1 0 0 
1 10.689838999999999 72.998137999999997 0 1 0 0 
1 15.203602999999999 72.998137999999997 0 -0.97314349791535537 0.23019933202567477 0 
1 9.9785090000000007 74.234145999999996 0 -0.97314383168937302 0.23019792102650577 0 
1 4.7534150000000004 75.470146 0 -0.97314349791535537 0.23019933202567469 0 
1 -0.47167900000000001 76.706153999999998 0 0.66833346960503104 -0.74386179724845469 0 
1 3.5660769999999999 70.480255 0 -0.76304562630536166 -0.64634462338311327 0 
1 0.95607799999999998 68.269431999999995 0 1 0 0 
1 13.238427 68.269431999999995 0 0 1 0 
1 13.238427 72.691078000000005 0 -1 0 0 
1 6.1760760000000001 72.691078000000005 0 -0.76304562630536166 -0.64634462338311327 0 
1 6.1760760000000001 72.998137999999997 0 -1 0 0 
1 5.070665 72.998137999999997 0 -1 0 0 
1 3.9652539999999998 72.998137999999997 0 -1 0 0 
1 2.859842 72.998137999999997 0 0 -1 0 
1 2.859842 72.691078000000005 0 1 0 0 
1 3.9652539999999998 72.691078000000005 0 1 0 0 
1 5.070665 72.691078000000005 0 1 0 0 
1 6.1760760000000001 72.691078000000005 0 0 1 0 
1 12.777839 65.720848000000004 0 0.20127406285757507 0.97953496702302811 0 
1 13.238427 67.962378999999999 0 -0.86911458425797727 -0.49461079590935253 0 
1 10.612595000000001 66.468024999999997 0 -0.86911466523039338 -0.49461065362713463 0 
1 7.9867619999999997 64.973670999999996 0 -0.86911523435892457 -0.49460965357060271 0 
1 5.3609289999999996 63.479320999999999 0 1 0 0 
1 9.8172309999999996 63.479320999999999 0 1 0 0 
1 10.650570999999999 63.479320999999999 0 1 0 0 
1 11.483911000000001 63.479320999999999 0 1 0 0 
1 12.317251000000001 63.479320999999999 0 0.20127440748010761 0.97953489621020218 0 
1 1.9079600000000001 72.691078000000005 0 -1 0 0 
1 0.95607799999999998 72.691078000000005 0 0 -1 0 
1 0.95607799999999998 70.480255 0 0 -1 0 
1 0.95607799999999998 68.269431999999995 0 0.76304562630536166 0.64634462338311327 0 
1 3.5660769999999999 70.480255 0 0.76304562630536166 0.64634462338311327 0 
1 6.1760760000000001 72.691078000000005 0 -1 0 0 
1 5.070665 72.691078000000005 0 -1 0 0 
1 3.9652539999999998 72.691078000000005 0 -1 0 0 
1 13.238427 63.479320999999999 0 0 1 0 
1 13.238427 67.962378999999999 0 -0.20127406285757507 -0.97953496702302811 0 
1 12.777839 65.720848000000004 0 -0.20127440748010761 -0.97953489621020218 0 
1 12.317251000000001 63.479320999999999 0 1 0 0 
1 10.650570999999999 63.479320999999999 0 -1 0 0 
1 9.8172309999999996 63.479320999999999 0 0 -1 0 
1 9.8172309999999996 63.172260000000001 0 1 0 0 
1 10.650570999999999 63.172260000000001 0 1 0 0 
1 11.483911000000001 63.172260000000001 0 1 0 0 
1 12.317251000000001 63.172260000000001 0 0 1 0 
1 12.317251000000001 63.479320999999999 0 -1 0 0 
1 11.483911000000001 63.479320999999999 0 -1 0 0 
1 4.1253270000000004 60.602336999999999 0 0.95414952720675628 0.29933038557941899 0 
1 8.2212890000000005 61.887298999999999 0 0.9541495937383061 0.29933017350248126 0 
1 12.317251000000001 63.172260000000001 0 -1 0 0 
1 11.483911000000001 63.172260000000001 0 -1 0 0 
1 10.650570999999999 63.172260000000001 0 -1 0 0 
1 7.58908 63.172260000000001 0 -1 0 0 
1 5.3609289999999996 63.172260000000001 0 -0.81036824813409403 -0.58592090115994255 0 
1 3.5837409999999998 61.887298999999999 0 -0.81036803162784088 -0.58592120060262276 0 
1 1.8065530000000001 60.602336999999999 0 -0.81036716560287636 -0.58592239837094517 0 
1 0.029364999999999999 59.317371000000001 0 0.95414926108017784 0.29933123388672772 0 
1 4.4044100000000004 63.172260000000001 0 1 0 0 
1 5.3609289999999996 63.172260000000001 0 0 1 0 
1 5.3609289999999996 63.479320999999999 0 -1 0 0 
1 4.4044100000000004 63.479320999999999 0 -1 0 0 
1 3.4478909999999998 63.479320999999999 0 -1 0 0 
1 2.4913720000000001 63.479320999999999 0 0 -1 0 
1 2.4913720000000001 63.172260000000001 0 1 0 0 
1 3.4478909999999998 63.172260000000001 0 1 0 0 
1 0.33919199999999999 61.244816 0 -0.1587075836022776 -0.98732563164698917 0 
1 0.029364999999999999 59.317371000000001 0 0.81036716560287636 0.58592239837094517 0 
1 1.8065530000000001 60.602336999999999 0 0.81036803162784088 0.58592120060262276 0 
1 3.5837409999999998 61.887298999999999 0 0.81036824813409403 0.58592090115994255 0 
1 5.3609289999999996 63.172260000000001 0 -1 0 0 
1 4.4044100000000004 63.172260000000001 0 -1 0 0 
1 3.4478909999999998 63.172260000000001 0 -1 0 0 
1 1.570195 63.172260000000001 0 -1 0 0 
1 0.64901900000000001 63.172260000000001 0 -0.15870766386922083 -0.9873256187444821 0 
1 0.95607799999999998 67.962378999999999 0 0.3239927471835265 -0.94605956460070284 0 
1 1.723725 65.720848000000004 0 0.32399326465706146 -0.94605938738371986 0 
1 2.4913720000000001 63.479320999999999 0 1 0 0 
1 3.4478909999999998 63.479320999999999 0 1 0 0 
1 4.4044100000000004 63.479320999999999 0 1 0 0 
1 5.3609289999999996 63.479320999999999 0 0.86911523435892457 0.49460965357060271 0 
1 7.9867619999999997 64.973670999999996 0 0.86911466523039338 0.49461065362713463 0 
1 10.612595000000001 66.468024999999997 0 0.86911458425797727 0.49461079590935253 0 
1 13.238427 67.962378999999999 0 -1 0 0 
1 7.1246609999999997 51.026786999999999 0 1 0 0 
1 14.307594999999999 51.026786999999999 0 0 1 0 
1 14.307594999999999 53.022666999999998 0 0 1 0 
1 14.307594999999999 55.018551000000002 0 0 1 0 
1 14.307594999999999 57.014431000000002 0 0 1 0 
1 14.307594999999999 59.010314999999999 0 -1 0 0 
1 7.1684799999999997 59.010314999999999 0 -1 0 0 
1 0.029364999999999999 59.010314999999999 0 -0.010976803892759733 -0.99993975307330374 0 
1 0.00015200000000000001 56.349136000000001 0 -0.010976448808173299 -0.99993975697116944 0 
1 -0.029059999999999999 53.687961999999999 0 -0.010976820389955571 -0.99993975289220627 0 
1 -0.058272999999999998 51.026786999999999 0 1 0 0 
1 14.313132 65.720848000000004 0 -0.32399274718352661 0.94605956460070284 0 
1 13.545484999999999 67.962378999999999 0 0 -1 0 
1 13.545484999999999 63.479320999999999 0 1 0 0 
1 15.080779 63.479320999999999 0 -0.32399326465706146 0.94605938738371986 0 
1 -0.47167900000000001 76.706153999999998 0 0 1 0 
1 -0.47167900000000001 84.873917000000006 0 -1 0 0 
1 -3.020267 84.873917000000006 0 -1 0 0 
1 -5.568854 84.873917000000006 0 0 -1 0 
1 -5.568854 82.417450000000002 0 0.66585551067683102 -0.74608071875722437 0 
1 -3.020267 79.561797999999996 0 0.66585669443925366 -0.74607966228173672 0 
1 2.859842 72.998137999999997 0 -0.66833346960503104 0.74386179724845469 0 
1 -0.47167900000000001 76.706153999999998 0 -0.92847681355356837 0.3713903696831844 0 
1 -3.0816789999999998 77.750152999999997 0 -0.92847688715459542 0.37139018568038734 0 
1 -5.6916779999999996 78.794150999999999 0 0.73809869709991693 -0.67469275477020285 0 
1 -2.5213290000000002 75.896148999999994 0 0.73809754767444469 -0.67469401221366321 0 
1 0.64901900000000001 72.998137999999997 0 1 0 0 
1 1.7544310000000001 72.998137999999997 0 1 0 0 
1 -5.9373250000000004 82.417450000000002 0 0.067641228884401591 -0.99770970936190051 0 
1 -5.6916779999999996 78.794150999999999 0 0.92847688715459542 -0.37139018568038734 0 
1 -3.0816789999999998 77.750152999999997 0 0.92847681355356837 -0.3713903696831844 0 
1 -0.47167900000000001 76.706153999999998 0 -0.66585669443925366 0.74607966228173672 0 
1 -3.020267 79.561797999999996 0 -0.66585551067683102 0.74608071875722437 0 
1 -5.568854 82.417450000000002 0 -1 0 0 
1 -14.627087 78.763451000000003 0 0.98513436394179899 -0.17178557850118559 0 
1 -5.9987360000000001 77.258858000000004 0 0 1 0 
1 -5.9987360000000001 78.026505 0 0 1 0 
1 -5.9987360000000001 78.794150999999999 0 -0.97810582070722818 0.20810815336896246 0 
1 -12.493029 80.175918999999993 0 -0.97810583831863429 0.20810807059554842 0 
1 -18.98732 81.557686000000004 0 -0.95725507019000067 -0.28924510470453446 0 
1 -21.121378 80.912857000000002 0 -0.95725606377063521 -0.2892418164345355 0 
1 -23.255436 80.268035999999995 0 0.98513451177807121 -0.171784730706141 0 
1 -12.493029 80.175918999999993 0 0.97810582070722818 -0.20810815336896246 0 
1 -5.9987360000000001 78.794150999999999 0 1 0 0 
1 -5.6916779999999996 78.794150999999999 0 -0.067641228884401591 0.99770970936190051 0 
1 -5.9373250000000004 82.417450000000002 0 -0.99783675868624344 -0.065740421466031429 0 
1 -12.462322 81.987564000000006 0 -0.99783683959937164 -0.065739193319798855 0 
1 -18.98732 81.557686000000004 0 0.97810583831863429 -0.20810807059554842 0 
1 -12.262734 65.037925999999999 0 -1 0 0 
1 -16.715085999999999 65.037925999999999 0 -1 0 0 
1 -21.167437 65.037925999999999 0 0.61474233454146032 -0.78872800262353771 0 
1 -20.082497 63.645924000000001 0 0.61474386370658951 -0.78872681077486784 0 
1 -18.997554999999998 62.253925000000002 0 0.61474233454145832 -0.78872800262353915 0 
1 -17.912614999999999 60.861922999999997 0 1 0 0 
1 -12.262734 60.861922999999997 0 0 1 0 
1 -12.262734 62.949924000000003 0 0 1 0 
1 -12.262734 63.993923000000002 0 0 1 0 
1 -5.6916779999999996 69.674507000000006 0 0 -1 0 
1 -5.6916779999999996 60.554867000000002 0 0.92434318899934342 0.38156214297349261 0 
1 -2.5213290000000002 61.863563999999997 0 0.92434324938255397 0.3815619966937242 0 
1 0.64901900000000001 63.172260000000001 0 0 1 0 
1 0.64901900000000001 72.998137999999997 0 -0.73809754767444469 0.67469401221366321 0 
1 -2.5213290000000002 75.896148999999994 0 -0.73809869709991693 0.67469275477020285 0 
1 -5.6916779999999996 78.794150999999999 0 0 -1 0 
1 0.95607799999999998 65.720848000000004 0 0 -1 0 
1 0.95607799999999998 63.479320999999999 0 1 0 0 
1 2.4913720000000001 63.479320999999999 0 -0.32399326465706146 0.94605938738371986 0 
1 1.723725 65.720848000000004 0 -0.3239927471835265 0.94605956460070284 0 
1 0.95607799999999998 67.962378999999999 0 0 -1 0 
1 -5.9987360000000001 62.949924000000003 0 0 1 0 
1 -5.9987360000000001 65.037925999999999 0 -1 0 0 
1 -11.955676 65.037925999999999 0 0.70184933682674588 -0.71232542310088676 0 
1 -9.8983819999999998 62.949924000000003 0 0.70184933428093832 -0.71232542560925338 0 
1 -7.8410890000000002 60.861922999999997 0 1 0 0 
1 -5.9987360000000001 60.861922999999997 0 0 1 0 
1 18.059248 72.998137999999997 0 1 0 0 
1 19.011130999999999 72.998137999999997 0 -0.98236624308554632 0.1869667468989861 0 
1 12.516861 74.234145999999996 0 -0.98236646534979943 0.18696557906775607 0 
1 6.0225910000000002 75.470146 0 -0.98236624308554632 0.18696674689898604 0 
1 -0.47167900000000001 76.706153999999998 0 0.97314349791535537 -0.23019933202567469 0 
1 4.7534150000000004 75.470146 0 0.97314383168937302 -0.23019792102650577 0 
1 9.9785090000000007 74.234145999999996 0 0.97314349791535537 -0.23019933202567477 0 
1 15.203602999999999 72.998137999999997 0 1 0 0 
1 16.155484999999999 72.998137999999997 0 1 0 0 
1 17.107367 72.998137999999997 0 1 0 0 
1 -11.495088000000001 60.861922999999997 0 1 0 0 
1 -9.9700290000000003 60.861922999999997 0 1 0 0 
1 -8.9055590000000002 60.861922999999997 0 1 0 0 
1 -7.8410890000000002 60.861922999999997 0 -0.70184933428093832 0.71232542560925338 0 
1 -9.8983819999999998 62.949924000000003 0 -0.70184933682674588 0.71232542310088676 0 
1 -11.955676 65.037925999999999 0 0 -1 0 
1 -11.955676 60.861922999999997 0 1 0 0 
1 2.4903149999999998 47.157848000000001 0 1 0 0 
1 3.257962 47.157848000000001 0 0.36862516815692903 0.92957812226906233 0 
1 3.9641959999999998 48.938789 0 0.36862660679628112 0.92957755177384738 0 
1 4.6704319999999999 50.719726999999999 0 -1 0 0 
1 0.43302099999999999 50.719726999999999 0 0.34044184009427081 -0.94026557605456718 0 
1 1.0778449999999999 48.938789 0 0.34044086631558007 -0.9402659286299262 0 
1 1.7226680000000001 47.157848000000001 0 1 0 0 
1 9.1534890000000004 48.938789 0 0.38235185382793313 0.92401680713845391 0 
1 9.8904289999999992 50.719726999999999 0 -1 0 0 
1 5.5301960000000001 50.719726999999999 0 0.38235229681462857 -0.92401662383345584 0 
1 6.267137 48.938789 0 0.38235174690014845 -0.9240168513844349 0 
1 7.0040779999999998 47.157848000000001 0 1 0 0 
1 7.7103130000000002 47.157848000000001 0 1 0 0 
1 8.4165480000000006 47.157848000000001 0 0.38235174690014845 0.9240168513844349 0 
1 0.029364999999999999 59.010314999999999 0 0 1 0 
1 0.029364999999999999 59.317371000000001 0 -0.9773960251350936 0.21141667401158235 0 
1 -2.831156 59.936118999999998 0 -0.97739604040736605 0.21141660340664417 0 
1 -5.6916779999999996 60.554867000000002 0 0.96543442810662994 -0.26064605315719724 0 
1 -2.831156 59.782589000000002 0 0.96543474488982517 -0.26064487978764977 0 
1 -2.831156 59.936118999999998 0 0.9773960251350936 -0.21141667401158235 0 
1 0.029364999999999999 59.317371000000001 0 0.1587075836022776 0.98732563164698917 0 
1 0.33919199999999999 61.244816 0 0.15870766386922083 0.9873256187444821 0 
1 0.64901900000000001 63.172260000000001 0 -0.92434324938255397 -0.3815619966937242 0 
1 -2.5213290000000002 61.863563999999997 0 -0.92434318899934342 -0.38156214297349261 0 
1 -5.6916779999999996 60.554867000000002 0 0.97739604040736605 -0.21141660340664417 0 
1 -5.7306210000000002 58.917521999999998 0 -0.023778136408128588 -0.99971726014356499 0 
1 -5.7695650000000001 57.280177999999999 0 0.67437692734751786 -0.7383872695688356 0 
1 -3.8658009999999998 55.195712999999998 0 0.67437763291206987 -0.7383866251686263 0 
1 -1.962037 53.111252 0 0.67437692734751797 -0.73838726956883571 0 
1 -0.058272999999999998 51.026786999999999 0 0.010976820389955571 0.99993975289220627 0 
1 -0.029059999999999999 53.687961999999999 0 0.010976448808173299 0.99993975697116944 0 
1 0.00015200000000000001 56.349136000000001 0 0.010976803892759733 0.99993975307330374 0 
1 0.029364999999999999 59.010314999999999 0 -0.96543474488982517 0.26064487978764977 0 
1 -2.831156 59.782589000000002 0 -0.96543442810662994 0.26064605315719724 0 
1 -5.6916779999999996 60.554867000000002 0 -0.023777511667017425 -0.99971727500275043 0 
1 -2.9139189999999999 47.735954 0 0.93648716883569749 -0.35070184288951184 0 
1 -0.058272999999999998 46.666553 0 0 1 0 
1 -0.058272999999999998 51.026786999999999 0 -0.98211863400284427 0.18826308385976118 0 
1 -2.9139189999999999 51.574187999999999 0 -0.98211857041281048 0.18826341559181758 0 
1 -5.7695650000000001 52.121589999999998 0 0 -1 0 
1 -5.7695650000000001 51.016177999999996 0 0 -1 0 
1 -5.7695650000000001 49.910767 0 0 -1 0 
1 -5.7695650000000001 48.805354999999999 0 0.93648716883569749 -0.35070184288951184 0 
1 5.5301960000000001 47.157848000000001 0 1 0 0 
1 7.0040779999999998 47.157848000000001 0 -0.38235174690014845 0.9240168513844349 0 
1 6.267137 48.938789 0 -0.38235229681462857 0.92401662383345584 0 
1 5.5301960000000001 50.719726999999999 0 0 -1 0 
1 8.4165480000000006 46.666553 0 0 1 0 
1 8.4165480000000006 47.157848000000001 0 -1 0 0 
1 7.7103130000000002 47.157848000000001 0 -1 0 0 
1 7.0040779999999998 47.157848000000001 0 0 -1 0 
1 7.0040779999999998 46.666553 0 1 0 0 
1 7.7103130000000002 46.666553 0 1 0 0 
1 9.8904289999999992 47.157848000000001 0 0 1 0 
1 9.8904289999999992 50.719726999999999 0 -0.38235185382793313 -0.92401680713845391 0 
1 9.1534890000000004 48.938789 0 -0.38235174690014845 -0.9240168513844349 0 
1 8.4165480000000006 47.157848000000001 0 1 0 0 
1 0.43302099999999999 48.938789 0 0 -1 0 
1 0.43302099999999999 47.157848000000001 0 1 0 0 
1 1.7226680000000001 47.157848000000001 0 -0.34044086631558007 0.9402659286299262 0 
1 1.0778449999999999 48.938789 0 -0.34044184009427081 0.94026557605456718 0 
1 0.43302099999999999 50.719726999999999 0 0 -1 0 
1 3.257962 46.666553 0 0 1 0 
1 3.257962 47.157848000000001 0 -1 0 0 
1 2.4903149999999998 47.157848000000001 0 -1 0 0 
1 1.7226680000000001 47.157848000000001 0 0 -1 0 
1 1.7226680000000001 46.666553 0 1 0 0 
1 2.4903149999999998 46.666553 0 1 0 0 
1 -8.734864 42.858837000000001 0 0.51952640837124742 -0.8544543937536232 0 
1 -5.8660490000000003 38.140555999999997 0 0.5629793226920663 0.82647098087058224 0 
1 -2.962161 42.403553000000002 0 0.56297905207590526 0.8264711652100849 0 
1 -0.058272999999999998 46.666553 0 -0.98752779074991104 0.15744479190052607 0 
1 -2.9139189999999999 47.121837999999997 0 -0.98752784451769493 0.15744445465698484 0 
1 -5.7695650000000001 47.577122000000003 0 -1 0 0 
1 -11.603681 47.577122000000003 0 0.51952635124290669 -0.85445442848886455 0 
1 3.9641959999999998 48.938789 0 -0.36862516815692903 -0.92957812226906233 0 
1 3.257962 47.157848000000001 0 1 0 0 
1 4.6704319999999999 47.157848000000001 0 0 1 0 
1 4.6704319999999999 50.719726999999999 0 -0.36862660679628112 -0.92957755177384738 0 
1 -5.7695650000000001 48.805354999999999 0 0 -1 0 
1 -5.7695650000000001 47.577122000000003 0 0.98752784451769493 -0.15744445465698484 0 
1 -2.9139189999999999 47.121837999999997 0 0.98752779074991104 -0.15744479190052607 0 
1 -0.058272999999999998 46.666553 0 -0.93648716883569749 0.35070184288951184 0 
1 -2.9139189999999999 47.735954 0 -0.93648716883569749 0.35070184288951184 0 
1 10.438656 50.719726999999999 0 0 -1 0 
1 10.438656 46.666553 0 0.7175803935777304 0.6964756842509503 0 
1 12.526655 48.693142000000002 0 0.71758124731589368 0.69647480464160816 0 
1 14.614655000000001 50.719726999999999 0 -1 0 0 
1 -5.6916779999999996 60.554867000000002 0 -1 0 0 
1 -7.8410890000000002 60.554867000000002 0 -0.75432017949129415 -0.65650671497877444 0 
1 -9.0952859999999998 59.463303000000003 0 -0.75431988165006825 -0.65650705719544789 0 
1 -10.349482999999999 58.371738000000001 0 -0.75432163007602826 -0.65650504826653366 0 
1 -11.603681 57.280177999999999 0 1 0 0 
1 -5.7695650000000001 57.280177999999999 0 0.023778136408128588 0.99971726014356499 0 
1 -5.7306210000000002 58.917521999999998 0 0.023777511667017425 0.99971727500275043 0 
1 -10.349482999999999 58.371738000000001 0 0.75431988165006825 0.65650705719544789 0 
1 -9.0952859999999998 59.463303000000003 0 0.75432017949129415 0.65650671497877444 0 
1 -7.8410890000000002 60.554867000000002 0 0 1 0 
1 -7.8410890000000002 60.708393000000001 0 0 1 0 
1 -7.8410890000000002 60.861922999999997 0 -0.99540910791196857 -0.095711586999165821 0 
1 -8.9055590000000002 60.759571000000001 0 -0.99540910791196791 -0.095711586999172413 0 
1 -9.9700290000000003 60.657218999999998 0 -0.99540910791196857 -0.095711586999165821 0 
1 -11.034499 60.554867000000002 0 -0.17124500752667413 -0.98522847471903152 0 
1 -11.319089999999999 58.917521999999998 0 -0.17124510904674012 -0.98522845707357143 0 
1 -11.603681 57.280177999999999 0 0.75432163007602826 0.65650504826653366 0 
1 -8.9055590000000002 60.759571000000001 0 0.99540910791196857 0.095711586999165821 0 
1 -7.8410890000000002 60.861922999999997 0 -1 0 0 
1 -8.9055590000000002 60.861922999999997 0 -1 0 0 
1 -9.9700290000000003 60.861922999999997 0 -1 0 0 
1 -11.034499 60.861922999999997 0 0 -1 0 
1 -11.034499 60.554867000000002 0 0.99540910791196857 0.095711586999165821 0 
1 -9.9700290000000003 60.657218999999998 0 0.99540910791196791 0.095711586999172413 0 
1 -17.912614999999999 60.554867000000002 0 0.23223610538064179 -0.97265944264045034 0 
1 -17.130737 57.280177999999999 0 1 0 0 
1 -14.367209000000001 57.280177999999999 0 1 0 0 
1 -11.603681 57.280177999999999 0 0.17124510904674012 0.98522845707357143 0 
1 -11.319089999999999 58.917521999999998 0 0.17124500752667413 0.98522847471903152 0 
1 -11.034499 60.554867000000002 0 -1 0 0 
1 -18.956613999999998 60.677689000000001 0 -0.99315044198513847 0.1168426274299075 0 
1 -20.000613999999999 60.800514 0 -0.99315076016550008 0.11683992289748021 0 
1 -21.044612999999998 60.923335999999999 0 -0.2338488608645371 -0.972272960784346 0 
1 -21.482735000000002 59.101756999999999 0 -0.2338478517353377 -0.97227320349723079 0 
1 -21.920855 57.280177999999999 0 1 0 0 
1 -19.525794999999999 57.280177999999999 0 1 0 0 
1 -17.130737 57.280177999999999 0 -0.23223610538064179 0.97265944264045034 0 
1 -17.912614999999999 60.554867000000002 0 -0.99315076016550008 0.11683992289748021 0 
1 -21.613793999999999 56.973117999999999 0 0 -1 0 
1 -21.613793999999999 52.244414999999996 0 0.69168417304553365 -0.72220011406695028 0 
1 -19.525794999999999 50.064297000000003 0 0.69168466948278862 -0.72219963860589498 0 
1 -17.437795999999999 47.884182000000003 0 0 1 0 
1 -17.437795999999999 56.973117999999999 0 -1 0 0 
1 -11.603681 47.577122000000003 0 0 1 0 
1 -11.603681 57.280177999999999 0 -1 0 0 
1 -14.367209000000001 57.280177999999999 0 -1 0 0 
1 -17.130737 57.280177999999999 0 0 -1 0 
1 -17.130737 47.577122000000003 0 1 0 0 
1 -8.6866230000000009 50.002887999999999 0 0.77639388317925884 0.63024799734852888 0 
1 -6.0766229999999997 52.121589999999998 0 0 1 0 
1 -6.0766229999999997 56.973117999999999 0 -1 0 0 
1 -11.296621999999999 56.973117999999999 0 0 -1 0 
1 -11.296621999999999 47.884182000000003 0 0.77639318278996772 0.63024886014753234 0 
1 -5.7695650000000001 51.016177999999996 0 0 1 0 
1 -5.7695650000000001 52.121589999999998 0 -1 0 0 
1 -6.0766229999999997 52.121589999999998 0 0 -1 0 
1 -6.0766229999999997 51.016177999999996 0 0 -1 0 
1 -6.0766229999999997 49.910767 0 0 -1 0 
1 -6.0766229999999997 48.805354999999999 0 1 0 0 
1 -5.7695650000000001 48.805354999999999 0 0 1 0 
1 -5.7695650000000001 49.910767 0 0 1 0 
1 -6.0766229999999997 49.910767 0 0 1 0 
1 -6.0766229999999997 51.016177999999996 0 0 1 0 
1 -6.0766229999999997 52.121589999999998 0 -0.77639388317925884 -0.63024799734852888 0 
1 -8.6866230000000009 50.002887999999999 0 -0.77639318278996772 -0.63024886014753234 0 
1 -11.296621999999999 47.884182000000003 0 1 0 0 
1 -6.0766229999999997 47.884182000000003 0 0 1 0 
1 -6.0766229999999997 48.344768999999999 0 0 1 0 
1 -3.8658009999999998 55.195712999999998 0 -0.67437692734751786 0.7383872695688356 0 
1 -5.7695650000000001 57.280177999999999 0 0 -1 0 
1 -5.7695650000000001 52.121589999999998 0 0.98211857041281048 -0.18826341559181758 0 
1 -2.9139189999999999 51.574187999999999 0 0.98211863400284427 -0.18826308385976118 0 
1 -0.058272999999999998 51.026786999999999 0 -0.67437692734751797 0.73838726956883571 0 
1 -1.962037 53.111252 0 -0.67437763291206987 0.7383866251686263 0 
1 -8.734864 42.858837000000001 0 -0.51952635124290669 0.85445442848886455 0 
1 -11.603681 47.577122000000003 0 -1 0 0 
1 -17.130737 47.577122000000003 0 0.49878476246231535 -0.8667258855805634 0 
1 -14.415450999999999 42.858837000000001 0 0.4987850801151707 -0.86672570277712579 0 
1 -11.700165 38.140555999999997 0 1 0 0 
1 -5.8660490000000003 38.140555999999997 0 -0.51952640837124742 0.8544543937536232 0 
1 -12.462322 81.987564000000006 0 0.99783675868624344 0.065740421466031429 0 
1 -5.9373250000000004 82.417450000000002 0 0 1 0 
1 -5.9373250000000004 84.873917000000006 0 -1 0 0 
1 -18.98732 84.873917000000006 0 0 -1 0 
1 -18.98732 81.557686000000004 0 0.99783683959937164 0.065739193319798855 0 
1 -22.395672000000001 83.400031999999996 0 0.50387208225112523 -0.86377828447346106 0 
1 -21.535907999999999 81.926154999999994 0 1 0 0 
1 -19.325085000000001 81.926154999999994 0 0 1 0 
1 -19.325085000000001 84.873917000000006 0 -1 0 0 
1 -23.255436 84.873917000000006 0 0.50387004167807781 -0.86377947480785422 0 
1 -21.535907999999999 81.557686000000004 0 0 1 0 
1 -21.535907999999999 81.926154999999994 0 -1 0 0 
1 -22.180731000000002 81.926154999999994 0 -1 0 0 
1 -22.825554 81.926154999999994 0 0 -1 0 
1 -22.825554 81.557686000000004 0 1 0 0 
1 -22.180731000000002 81.557686000000004 0 1 0 0 
1 -23.255436 81.926154999999994 0 1 0 0 
1 -22.180731000000002 81.926154999999994 0 1 0 0 
1 -21.535907999999999 81.926154999999994 0 -0.50387208225112523 0.86377828447346106 0 
1 -22.395672000000001 83.400031999999996 0 -0.50387004167807781 0.86377947480785422 0 
1 -23.255436 84.873917000000006 0 0 -1 0 
1 -31.48461 84.536147999999997 0 0.24076522753877025 -0.97058338395431243 0 
1 -30.502022 80.575096000000002 0 1 0 0 
1 -23.562495999999999 80.575096000000002 0 0 1 0 
1 -23.562495999999999 88.497208000000001 0 -1 0 0 
1 -32.467196999999999 88.497208000000001 0 0.24076453863478364 -0.97058355484521786 0 
1 -23.040495 80.912857000000002 0 0.31622511782278867 0.94868418077775685 0 
1 -22.825554 81.557686000000004 0 -1 0 0 
1 -23.255436 81.557686000000004 0 0 -1 0 
1 -23.255436 81.496268999999998 0 0 -1 0 
1 -23.255436 80.268035999999995 0 0.3162286487574924 0.94868300380317261 0 
1 -23.040495 80.912857000000002 0 -0.3162286487574924 -0.94868300380317261 0 
1 -23.255436 80.268035999999995 0 0.95725606377063521 0.2892418164345355 0 
1 -21.121378 80.912857000000002 0 0.95725507019000067 0.28924510470453446 0 
1 -18.98732 81.557686000000004 0 -1 0 0 
1 -21.535907999999999 81.557686000000004 0 -1 0 0 
1 -22.180731000000002 81.557686000000004 0 -1 0 0 
1 -22.825554 81.557686000000004 0 -0.31622511782278867 -0.94868418077775685 0 
1 -37.912373000000002 78.261916999999997 0 -0.96525439802260693 -0.26131197274142415 0 
1 -41.617550000000001 77.258858000000004 0 1 0 0 
1 -23.808142 77.258858000000004 0 1 0 0 
1 -5.9987360000000001 77.258858000000004 0 -0.98513436394179899 0.17178557850118559 0 
1 -14.627087 78.763451000000003 0 -0.98513451177807121 0.171784730706141 0 
1 -23.255436 80.268035999999995 0 -1 0 0 
1 -26.878729 80.268035999999995 0 -1 0 0 
1 -30.502022 80.268035999999995 0 -0.96525439802260693 -0.26131197274142393 0 
1 -34.207199000000003 79.264977000000002 0 -0.96525427894506277 -0.26131241259887922 0 
1 -32.221550000000001 80.575096000000002 0 0 -1 0 
1 -32.221550000000001 80.268035999999995 0 1 0 0 
1 -31.361785999999999 80.268035999999995 0 1 0 0 
1 -30.502022 80.268035999999995 0 0 1 0 
1 -30.502022 80.575096000000002 0 -1 0 0 
1 -31.361785999999999 80.575096000000002 0 -1 0 0 
1 -24.667905999999999 61.070025999999999 0 0.99764705705470702 0.068559095312598434 0 
1 -23.501083000000001 61.150210999999999 0 0.99764705303584911 0.068559153793534694 0 
1 -22.334261000000001 61.230395999999999 0 0.0919178755552571 0.99576659120167732 0 
1 -22.150023999999998 63.226275999999999 0 0.09191620881197575 0.99576674505510254 0 
1 -21.965789999999998 65.222160000000002 0 -1 0 0 
1 -26.663788 65.222160000000002 0 -1 0 0 
1 -31.361785999999999 65.222160000000002 0 0.79395956206660889 -0.60797056984939535 0 
1 -28.598258999999999 63.106003000000001 0 0.79395963577389361 -0.60797047359373146 0 
1 -25.83473 60.989845000000003 0 0.99764729499095128 0.068555632862938545 0 
1 -31.48461 84.536147999999997 0 -0.24076453863478364 0.97058355484521786 0 
1 -32.467196999999999 88.497208000000001 0 0 -1 0 
1 -32.467196999999999 80.575096000000002 0 1 0 0 
1 -31.361785999999999 80.575096000000002 0 1 0 0 
1 -30.502022 80.575096000000002 0 -0.24076522753877025 0.97058338395431243 0 
1 -37.114021000000001 83.256737000000001 0 0.64305604471348965 -0.76581911921643897 0 
1 -34.862254999999998 80.575096000000002 0 0.99944508397936349 0.033309519802647992 0 
1 -33.941077999999997 80.605796999999995 0 0.99944482629589892 0.033317250642277585 0 
1 -33.019905000000001 80.636505 0 0.0384326846691335 0.99926119145552872 0 
1 -32.976039999999998 81.777007999999995 0 0.038432684669126804 0.99926119145552894 0 
1 -32.932175000000001 82.917511000000005 0 0.038436184125107339 0.99926105685646571 0 
1 -32.888306 84.058014 0 0.038433323991685378 0.99926116686627531 0 
1 -32.844439999999999 85.198524000000006 0 0.038432684669127283 0.99926119145552894 0 
1 -32.800575000000002 86.339027000000002 0 0.0384326846691335 0.99926119145552872 0 
1 -32.756709999999998 87.479529999999997 0 0.038432684669126804 0.99926119145552894 0 
1 -32.712845000000002 88.620033000000006 0 -1 0 0 
1 -37.165194999999997 88.620033000000006 0 -1 0 0 
1 -41.617550000000001 88.620033000000006 0 0.64305506025318915 -0.76581994586375668 0 
1 -39.365783999999998 85.938384999999997 0 0.64305455779507681 -0.76582036777496199 0 
1 -32.932175000000001 82.917511000000005 0 -0.038432684669126804 -0.99926119145552894 0 
1 -32.976039999999998 81.777007999999995 0 -0.0384326846691335 -0.99926119145552872 0 
1 -33.019905000000001 80.636505 0 1 0 0 
1 -32.712845000000002 80.636505 0 0 1 0 
1 -32.712845000000002 82.233208000000005 0 0 1 0 
1 -32.712845000000002 83.829918000000006 0 0 1 0 
1 -32.712845000000002 85.42662 0 0 1 0 
1 -32.712845000000002 87.023330999999999 0 0 1 0 
1 -32.712845000000002 88.620033000000006 0 -0.038432684669126804 -0.99926119145552894 0 
1 -32.756709999999998 87.479529999999997 0 -0.0384326846691335 -0.99926119145552872 0 
1 -32.800575000000002 86.339027000000002 0 -0.038432684669127283 -0.99926119145552894 0 
1 -32.844439999999999 85.198524000000006 0 -0.038433323991685378 -0.99926116686627531 0 
1 -32.888306 84.058014 0 -0.038436184125107339 -0.99926105685646571 0 
1 -41.617550000000001 84.597565000000003 0 0 -1 0 
1 -41.617550000000001 80.575096000000002 0 1 0 0 
1 -34.862254999999998 80.575096000000002 0 -0.64305604471348965 0.76581911921643897 0 
1 -37.114021000000001 83.256737000000001 0 -0.64305455779507681 0.76582036777496199 0 
1 -39.365783999999998 85.938384999999997 0 -0.64305506025318915 0.76581994586375668 0 
1 -41.617550000000001 88.620033000000006 0 0 -1 0 
1 -33.941077999999997 80.268035999999995 0 1 0 0 
1 -33.019905000000001 80.268035999999995 0 0 1 0 
1 -33.019905000000001 80.636505 0 -0.99944482629589892 -0.033317250642277585 0 
1 -33.941077999999997 80.605796999999995 0 -0.99944508397936349 -0.033309519802647992 0 
1 -34.862254999999998 80.575096000000002 0 0 -1 0 
1 -34.862254999999998 80.268035999999995 0 1 0 0 
1 -34.063904000000001 63.656157999999998 0 0.87228093369917992 0.4890050845388898 0 
1 -32.037315 64.792274000000006 0 0 1 0 
1 -32.037315 65.406395000000003 0 -1 0 0 
1 -36.090491999999998 65.406395000000003 0 0 -1 0 
1 -36.090491999999998 62.520041999999997 0 0.87228083077493501 0.48900526813377893 0 
1 -33.941077999999997 61.601413999999998 0 0.91953891467346416 -0.39299896234105702 0 
1 -31.79167 60.682785000000003 0 0 1 0 
1 -31.79167 64.792274000000006 0 -1 0 0 
1 -32.037315 64.792274000000006 0 -0.87228093369917992 -0.4890050845388898 0 
1 -34.063904000000001 63.656157999999998 0 -0.87228083077493501 -0.48900526813377893 0 
1 -36.090491999999998 62.520041999999997 0 0.91953946571967848 -0.39299767300070398 0 
1 -35.885784000000001 79.264977000000002 0 -0.9438582588100568 -0.33035070345929035 0 
1 -38.751666999999998 78.261916999999997 0 -0.9438583615005407 -0.33035041005803911 0 
1 -41.617550000000001 77.258858000000004 0 0.96525439802260693 0.26131197274142415 0 
1 -37.912373000000002 78.261916999999997 0 0.96525427894506277 0.26131241259887922 0 
1 -34.207199000000003 79.264977000000002 0 0.96525439802260693 0.26131197274142393 0 
1 -30.502022 80.268035999999995 0 -1 0 0 
1 -31.361785999999999 80.268035999999995 0 -1 0 0 
1 -32.221550000000001 80.268035999999995 0 -1 0 0 
1 -32.620728 80.268035999999995 0 -1 0 0 
1 -33.019905000000001 80.268035999999995 0 -0.9438582177336523 -0.33035082082031142 0 
1 -38.239902000000001 80.268035999999995 0 -1 0 0 
1 -41.617550000000001 80.268035999999995 0 0 -1 0 
1 -41.617550000000001 78.763451000000003 0 0 -1 0 
1 -41.617550000000001 77.258858000000004 0 0.9438583615005407 0.33035041005803911 0 
1 -38.751666999999998 78.261916999999997 0 0.9438582588100568 0.33035070345929035 0 
1 -35.885784000000001 79.264977000000002 0 0.9438582177336523 0.33035082082031142 0 
1 -33.019905000000001 80.268035999999995 0 -1 0 0 
1 -33.941077999999997 80.268035999999995 0 -1 0 0 
1 -34.862254999999998 80.268035999999995 0 -1 0 0 
1 -40.235782999999998 60.740482 0 0.90723248484302854 0.4206295501335397 0 
1 -36.397548999999998 62.520041999999997 0 0 1 0 
1 -36.397548999999998 67.371566999999999 0 -1 0 0 
1 -40.235782999999998 67.371566999999999 0 -1 0 0 
1 -44.074016999999998 67.371566999999999 0 0 -1 0 
1 -44.074016999999998 58.960921999999997 0 0.90723248484302799 0.42062955013354114 0 
1 -21.106026 62.919215999999999 0 -0.036339156087389926 0.99933951474704352 0 
1 -21.167437 64.608040000000003 0 -1 0 0 
1 -21.658731 64.608040000000003 0 0 -1 0 
1 -21.658731 61.230395999999999 0 1 0 0 
1 -21.044612999999998 61.230395999999999 0 -0.036340423957402904 0.99933946864246093 0 
1 -17.912614999999999 60.861922999999997 0 -0.99315031860693692 0.11684367612729428 0 
1 -18.956613999999998 60.984749000000001 0 -0.99315077315214628 0.11683981250966684 0 
1 -20.000613999999999 61.107571 0 -0.99315042899787098 0.11684273782030674 0 
1 -21.044612999999998 61.230395999999999 0 0 -1 0 
1 -21.044612999999998 60.923335999999999 0 0.99315076016550008 -0.11683992289748021 0 
1 -20.000613999999999 60.800514 0 0.99315044198513847 -0.1168426274299075 0 
1 -18.956613999999998 60.677689000000001 0 0.99315076016550008 -0.11683992289748021 0 
1 -17.912614999999999 60.554867000000002 0 0 1 0 
1 -21.167437 64.822982999999994 0 0 -1 0 
1 -21.167437 64.608040000000003 0 0.036339156087389926 -0.99933951474704352 0 
1 -21.106026 62.919215999999999 0 0.036340423957402904 -0.99933946864246093 0 
1 -21.044612999999998 61.230395999999999 0 0.99315042899787098 -0.11684273782030674 0 
1 -20.000613999999999 61.107571 0 0.99315077315214628 -0.11683981250966684 0 
1 -18.956613999999998 60.984749000000001 0 0.99315031860693692 -0.11684367612729428 0 
1 -17.912614999999999 60.861922999999997 0 -0.61474233454145832 0.78872800262353915 0 
1 -18.997554999999998 62.253925000000002 0 -0.61474386370658951 0.78872681077486784 0 
1 -20.082497 63.645924000000001 0 -0.61474233454146032 0.78872800262353771 0 
1 -21.167437 65.037925999999999 0 0 -1 0 
1 -24.667905999999999 61.070025999999999 0 -0.99764729499095128 -0.068555632862938545 0 
1 -25.83473 60.989845000000003 0 0 -1 0 
1 -25.83473 60.682785000000003 0 0.99764706107355494 0.068559036831761302 0 
1 -24.667905999999999 60.762970000000003 0 0.9976472909725016 0.068555691340899533 0 
1 -23.501083000000001 60.843150999999999 0 0.99764705303584911 0.068559153793534694 0 
1 -22.334261000000001 60.923335999999999 0 0 1 0 
1 -22.334261000000001 61.230395999999999 0 -0.99764705303584911 -0.068559153793534694 0 
1 -23.501083000000001 61.150210999999999 0 -0.99764705705470702 -0.068559095312598434 0 
1 -21.965789999999998 61.230395999999999 0 0 1 0 
1 -21.965789999999998 65.222160000000002 0 -0.09191620881197575 -0.99576674505510254 0 
1 -22.150023999999998 63.226275999999999 0 -0.0919178755552571 -0.99576659120167732 0 
1 -22.334261000000001 61.230395999999999 0 1 0 0 
1 -31.361785999999999 60.989845000000003 0 1 0 0 
1 -25.83473 60.989845000000003 0 -0.79395963577389361 0.60797047359373146 0 
1 -28.598258999999999 63.106003000000001 0 -0.79395956206660889 0.60797056984939535 0 
1 -31.361785999999999 65.222160000000002 0 0 -1 0 
1 -23.877791999999999 57.341591000000001 0 0.99950794199434068 -0.031366764102114766 0 
1 -21.920855 57.280177999999999 0 0.2338478517353377 0.97227320349723079 0 
1 -21.482735000000002 59.101756999999999 0 0.2338488608645371 0.972272960784346 0 
1 -21.044612999999998 60.923335999999999 0 -1 0 0 
1 -22.334261000000001 60.923335999999999 0 -0.70510353928608593 -0.70910436388886711 0 
1 -24.084496000000001 59.163170000000001 0 -0.70510253100391429 -0.70910536648080325 0 
1 -25.83473 57.402999999999999 0 0.99950800654562866 -0.031364707095451201 0 
1 -19.525794999999999 50.064297000000003 0 -0.69168417304553365 0.72220011406695028 0 
1 -21.613793999999999 52.244414999999996 0 -1 0 0 
1 -21.920855 52.244414999999996 0 0 -1 0 
1 -21.920855 50.064297000000003 0 0 -1 0 
1 -21.920855 47.884182000000003 0 1 0 0 
1 -17.437795999999999 47.884182000000003 0 -0.69168466948278862 0.72219963860589498 0 
1 -23.877791999999999 50.106318999999999 0 -0.67516529745655174 -0.73766647010041464 0 
1 -25.83473 47.968223999999999 0 0.99504427605914825 -0.099432835029107353 0 
1 -23.877791999999999 47.772671000000003 0 0.99504447226240211 -0.09943087156430698 0 
1 -21.920855 47.577122000000003 0 0 1 0 
1 -21.920855 47.884182000000003 0 0 1 0 
1 -21.920855 50.064297000000003 0 0 1 0 
1 -21.920855 52.244414999999996 0 -0.67516493788640464 -0.73766679920465938 0 
1 -23.877791999999999 50.106318999999999 0 0.67516493788640464 0.73766679920465938 0 
1 -21.920855 52.244414999999996 0 0 1 0 
1 -21.920855 57.280177999999999 0 -0.99950794199434068 0.031366764102114766 0 
1 -23.877791999999999 57.341591000000001 0 -0.99950800654562866 0.031364707095451201 0 
1 -25.83473 57.402999999999999 0 0 -1 0 
1 -25.83473 47.968223999999999 0 0.67516529745655174 0.73766647010041464 0 
1 -24.667905999999999 60.762970000000003 0 -0.99764706107355494 -0.068559036831761302 0 
1 -25.83473 60.682785000000003 0 0 -1 0 
1 -25.83473 57.402999999999999 0 0.70510253100391429 0.70910536648080325 0 
1 -24.084496000000001 59.163170000000001 0 0.70510353928608593 0.70910436388886711 0 
1 -22.334261000000001 60.923335999999999 0 -0.99764705303584911 -0.068559153793534694 0 
1 -23.501083000000001 60.843150999999999 0 -0.9976472909725016 -0.068555691340899533 0 
1 -20.421009000000002 44.431598999999999 0 -0.43039619086307351 0.90264008269661766 0 
1 -21.920855 47.577122000000003 0 -0.99504447226240211 0.09943087156430698 0 
1 -23.877791999999999 47.772671000000003 0 -0.99504427605914825 0.099432835029107353 0 
1 -25.83473 47.968223999999999 0 0.34157807561339099 -0.93985340253693428 0 
1 -24.644148000000001 44.692332999999998 0 0.34157816771790095 -0.93985336906268602 0 
1 -23.453565999999999 41.416443000000001 0 0.34157819060561528 -0.93985336074442682 0 
1 -22.262985 38.140555999999997 0 1 0 0 
1 -17.421320000000001 38.140555999999997 0 -0.43039595705954525 0.90264019417860952 0 
1 -18.921164999999998 41.286079000000001 0 -0.43039605770199008 0.90264014619037714 0 
1 -36.643196000000003 60.954040999999997 0 -0.15496844491418807 -0.98791942033795344 0 
1 -36.888843999999999 59.388041999999999 0 1 0 0 
1 -36.274726999999999 59.388041999999999 0 0.058721648263275375 0.99827439515658423 0 
1 -36.182609999999997 60.954040999999997 0 0.058722208795320086 0.99827436218416377 0 
1 -36.090491999999998 62.520041999999997 0 -1 0 0 
1 -36.397548999999998 62.520041999999997 0 -0.15496763604609554 -0.98791954721945086 0 
1 -36.182609999999997 60.954040999999997 0 -0.058721648263275375 -0.99827439515658423 0 
1 -36.274726999999999 59.388041999999999 0 0.88924065138183883 -0.4574396833791346 0 
1 -34.345317999999999 58.395522999999997 0 0.88923990147300358 -0.45744114116275436 0 
1 -32.415908999999999 57.402999999999999 0 0.18697280506296043 0.98236509005913286 0 
1 -31.79167 60.682785000000003 0 -0.91953891467346416 0.39299896234105702 0 
1 -33.941077999999997 61.601413999999998 0 -0.91953946571967848 0.39299767300070398 0 
1 -36.090491999999998 62.520041999999997 0 -0.058722208795320086 -0.99827436218416377 0 
1 -36.888843999999999 58.960921999999997 0 0 1 0 
1 -36.888843999999999 59.388041999999999 0 -0.99823786880023047 -0.059339340181484422 0 
1 -40.481430000000003 59.174484 0 -0.99823780394202022 -0.05934043125064728 0 
1 -44.074016999999998 58.960921999999997 0 1 0 0 
1 -40.235782999999998 60.740482 0 -0.90723248484302799 -0.42062955013354114 0 
1 -44.074016999999998 58.960921999999997 0 0.99823780394202022 0.05934043125064728 0 
1 -40.481430000000003 59.174484 0 0.99823786880023047 0.059339340181484422 0 
1 -36.888843999999999 59.388041999999999 0 0.15496844491418807 0.98791942033795344 0 
1 -36.643196000000003 60.954040999999997 0 0.15496763604609554 0.98791954721945086 0 
1 -36.397548999999998 62.520041999999997 0 -0.90723248484302854 -0.4206295501335397 0 
1 -36.888843999999999 58.653866000000001 0 -1 0 0 
1 -44.074016999999998 58.653866000000001 0 0.99907164339162657 -0.04307959343766455 0 
1 -40.481430000000003 58.498955000000002 0 0.99907164287552785 -0.043079605406661461 0 
1 -36.888843999999999 58.344043999999997 0 0 1 0 
1 -40.3279 52.144218000000002 0 0.79214093579898359 0.61033821593564874 0 
1 -36.581783000000001 55.030571000000002 0 -0.092274685607276363 0.99573359007119888 0 
1 -36.735312999999998 56.687308999999999 0 -0.092275447178786288 0.99573351949603217 0 
1 -36.888843999999999 58.344043999999997 0 -0.99907164287552785 0.043079605406661461 0 
1 -40.481430000000003 58.498955000000002 0 -0.99907164339162657 0.04307959343766455 0 
1 -44.074016999999998 58.653866000000001 0 0 -1 0 
1 -44.074016999999998 53.955868000000002 0 0 -1 0 
1 -44.074016999999998 49.257869999999997 0 0.79214144696760791 0.61033755250358335 0 
1 -34.345317999999999 58.395522999999997 0 -0.88924065138183883 0.4574396833791346 0 
1 -36.274726999999999 59.388041999999999 0 0 -1 0 
1 -36.274726999999999 58.344043999999997 0 0 -1 0 
1 -36.274726999999999 56.687308999999999 0 0 -1 0 
1 -36.274726999999999 55.030571000000002 0 0.85187790419012033 0.52374042841148727 0 
1 -34.345317999999999 56.216785000000002 0 0.85187770719905087 0.523740748822629 0 
1 -32.415908999999999 57.402999999999999 0 -0.88923990147300358 0.45744114116275436 0 
1 -34.345317999999999 56.216785000000002 0 -0.85187790419012033 -0.52374042841148727 0 
1 -36.274726999999999 55.030571000000002 0 0 -1 0 
1 -36.274726999999999 47.968223999999999 0 1 0 0 
1 -32.415908999999999 47.968223999999999 0 0 1 0 
1 -32.415908999999999 57.402999999999999 0 -0.85187770719905087 -0.523740748822629 0 
1 -36.495807999999997 40.156647 0 0.050251018103844719 -0.99873661952465076 0 
1 -36.397548999999998 38.203754000000004 0 0.37758317483009446 0.92597567251263491 0 
1 -34.406731000000001 43.085987000000003 0 0.37758356007036814 0.92597551542391587 0 
1 -32.415908999999999 47.968223999999999 0 -1 0 0 
1 -36.274726999999999 47.968223999999999 0 -1 0 0 
1 -36.888843999999999 47.968223999999999 0 0.050250915437648931 -0.99873662469025248 0 
1 -36.790585 46.015326999999999 0 0.050251043770459039 -0.99873661823324544 0 
1 -36.692326000000001 44.062435000000001 0 0.050251043770459039 -0.99873661823324544 0 
1 -36.594067000000003 42.109543000000002 0 0.050250941104162124 -0.99873662339885472 0 
1 -36.735312999999998 56.687308999999999 0 0.092274685607276363 -0.99573359007119888 0 
1 -36.581783000000001 55.030571000000002 0 1 0 0 
1 -36.274726999999999 55.030571000000002 0 0 1 0 
1 -36.274726999999999 56.687308999999999 0 0 1 0 
1 -36.274726999999999 58.344043999999997 0 -1 0 0 
1 -36.888843999999999 58.344043999999997 0 0.092275447178786288 -0.99573351949603217 0 
1 -40.3279 49.257869999999997 0 1 0 0 
1 -36.581783000000001 49.257869999999997 0 0 1 0 
1 -36.581783000000001 55.030571000000002 0 -0.79214093579898359 -0.61033821593564874 0 
1 -40.3279 52.144218000000002 0 -0.79214144696760791 -0.61033755250358335 0 
1 -44.074016999999998 49.257869999999997 0 1 0 0 
1 -36.919547999999999 45.527102999999997 0 0.01257683317408924 0.9999209085059233 0 
1 -36.888843999999999 47.968223999999999 0 0 1 0 
1 -36.888843999999999 48.766575000000003 0 -1 0 0 
1 -40.020843999999997 48.766575000000003 0 0.27398293133273449 -0.96173455450988243 0 
1 -38.516254000000004 43.485165000000002 0 0.27398204120704051 -0.96173480809213907 0 
1 -37.011668999999998 38.203754000000004 0 0.012578491984471004 0.99992088764031561 0 
1 -36.980961000000001 40.644871000000002 0 0.012577268481937008 0.99992090303060133 0 
1 -36.950256000000003 43.085987000000003 0 0.012578497136421583 0.99992088757550668 0 
1 -27.480024 47.968223999999999 0 -1 0 0 
1 -29.125319000000001 47.968223999999999 0 -1 0 0 
1 -30.770614999999999 47.968223999999999 0 -1 0 0 
1 -32.415908999999999 47.968223999999999 0 0.50970509825432186 -0.86034918074788225 0 
1 -29.250608 42.625400999999997 0 0.50970474067295835 -0.86034939259321397 0 
1 -26.08531 37.282578000000001 0 0.97572144465134802 0.21901521053910045 0 
1 -24.174147000000001 37.711567000000002 0 0.97572142016201324 0.21901531964002849 0 
1 -22.262985 38.140555999999997 0 -0.34157819060561528 0.93985336074442682 0 
1 -23.453565999999999 41.416443000000001 0 -0.34157816771790095 0.93985336906268602 0 
1 -24.644148000000001 44.692332999999998 0 -0.34157807561339099 0.93985340253693428 0 
1 -25.83473 47.968223999999999 0 -1 0 0 
1 -14.415450999999999 42.858837000000001 0 -0.49878476246231535 0.8667258855805634 0 
1 -17.130737 47.577122000000003 0 -1 0 0 
1 -21.920855 47.577122000000003 0 0.43039619086307351 -0.90264008269661766 0 
1 -20.421009000000002 44.431598999999999 0 0.43039605770199008 -0.90264014619037714 0 
1 -18.921164999999998 41.286079000000001 0 0.43039595705954525 -0.90264019417860952 0 
1 -17.421320000000001 38.140555999999997 0 1 0 0 
1 -11.700165 38.140555999999997 0 -0.4987850801151707 0.86672570277712579 0 
1 8.7445199999999996 40.735615000000003 0 0.28157778388250326 -0.95953840549704861 0 
1 9.6147410000000004 37.770144999999999 0 0.092217668070801326 0.99573887224291069 0 
1 9.8893799999999992 40.735615000000003 0 0.092217365981113006 0.99573890022008549 0 
1 10.164018 43.701084000000002 0 0.092217365981112423 0.9957389002200856 0 
1 10.438656 46.666553 0 -1 0 0 
1 9.4276020000000003 46.666553 0 -1 0 0 
1 7.7103130000000002 46.666553 0 -1 0 0 
1 7.0040779999999998 46.666553 0 0.2815778713063084 -0.95953837984241575 0 
1 7.8742989999999997 43.701084000000002 0 0.2815778713063084 -0.95953837984241575 0 
1 10.167446999999999 37.463088999999997 0 0 -1 0 
1 10.167446999999999 36.848968999999997 0 0.99426858913282112 0.10691105024191511 0 
1 13.023092999999999 37.156028999999997 0 0.99426858913282112 0.10691105024191511 0 
1 15.878738999999999 37.463088999999997 0 -1 0 0 
1 10.689446 34.914501000000001 0 -0.26052287305450456 0.96546767559324664 0 
1 10.167446999999999 36.848968999999997 0 -1 0 0 
1 9.8603880000000004 36.848968999999997 0 0 -1 0 
1 9.8603880000000004 32.980029999999999 0 1 0 0 
1 11.211447 32.980029999999999 0 -0.26052342687850555 0.96546752614859088 0 
1 -5.8660490000000003 36.789496999999997 0 0.96545850389890231 -0.26055685991601396 0 
1 -0.70578600000000002 35.396850999999998 0 0.96545846953576431 -0.26055698724398024 0 
1 4.4544779999999999 34.004204000000001 0 0.96545864509372803 -0.26055633673695783 0 
1 9.6147410000000004 32.611561000000002 0 0 1 0 
1 9.6147410000000004 37.770144999999999 0 -0.99971386116348415 0.02392061449039351 0 
1 1.8743460000000001 37.955353000000002 0 -0.99971387660623934 0.023919969082856828 0 
1 -5.8660490000000003 38.140555999999997 0 0 -1 0 
1 -2.962161 42.403553000000002 0 -0.5629793226920663 -0.82647098087058224 0 
1 -5.8660490000000003 38.140555999999997 0 0.99971387660623934 -0.023919969082856828 0 
1 1.8743460000000001 37.955353000000002 0 0.99971386116348415 -0.02392061449039351 0 
1 9.6147410000000004 37.770144999999999 0 -0.66361917059666298 0.74807058250983038 0 
1 5.6687050000000001 42.218349000000003 0 -0.66361926470822108 0.74807049902273237 0 
1 1.7226680000000001 46.666553 0 -1 0 0 
1 -0.058272999999999998 46.666553 0 -0.56297905207590526 -0.8264711652100849 0 
1 2.4903149999999998 46.666553 0 -1 0 0 
1 1.7226680000000001 46.666553 0 0.66361926470822108 -0.74807049902273237 0 
1 5.6687050000000001 42.218349000000003 0 0.66361917059666298 -0.74807058250983038 0 
1 9.6147410000000004 37.770144999999999 0 -0.28157778388250326 0.95953840549704861 0 
1 8.7445199999999996 40.735615000000003 0 -0.2815778713063084 0.95953837984241575 0 
1 7.8742989999999997 43.701084000000002 0 -0.2815778713063084 0.95953837984241575 0 
1 7.0040779999999998 46.666553 0 -1 0 0 
1 5.1310200000000004 46.666553 0 -1 0 0 
1 10.696705 29.927315 0 0.1883325357243848 0.98210531817500279 0 
1 11.211447 32.611561000000002 0 -1 0 0 
1 9.6147410000000004 32.611561000000002 0 0.10507274011550098 -0.99446453897794684 0 
1 9.8983519999999992 29.927315 0 0.10507274011550162 -0.99446453897794673 0 
1 10.181963 27.243068999999998 0 0.1883325357243848 0.98210531817500279 0 
1 11.211447 32.611561000000002 0 1 0 0 
1 12.869562999999999 32.611561000000002 0 1 0 0 
1 14.52768 32.611561000000002 0 -0.99388381508135926 0.11043080240278312 0 
1 12.869562999999999 32.795794999999998 0 -0.99388374198343898 0.11043146028644556 0 
1 11.211447 32.980029999999999 0 0 -1 0 
1 -0.70578600000000002 35.396850999999998 0 -0.96545850389890231 0.26055685991601396 0 
1 -5.8660490000000003 36.789496999999997 0 0 -1 0 
1 -5.8660490000000003 35.602055 0 0 -1 0 
1 -5.8660490000000003 34.414616000000002 0 0 -1 0 
1 -5.8660490000000003 33.227173000000001 0 0.9992102615742704 -0.039734785323168313 0 
1 -0.70578600000000002 33.021968999999999 0 0.99921026187999229 -0.039734777635179887 0 
1 4.4544779999999999 32.816764999999997 0 0.99921026157427051 -0.039734785323166946 0 
1 9.6147410000000004 32.611561000000002 0 -0.96545864509372803 0.26055633673695783 0 
1 4.4544779999999999 34.004204000000001 0 -0.96545846953576431 0.26055698724398024 0 
1 -0.70578600000000002 33.021968999999999 0 -0.9992102615742704 0.039734785323168313 0 
1 -5.8660490000000003 33.227173000000001 0 0 -1 0 
1 -5.8660490000000003 23.708352999999999 0 0.97659142173060598 0.21510275452023792 0 
1 -0.51671199999999995 24.886590999999999 0 0.97659134502940981 0.21510310275225772 0 
1 4.8326250000000002 26.064831000000002 0 0.97659143017765049 0.215102716169674 0 
1 10.181963 27.243068999999998 0 -0.10507274011550162 0.99446453897794673 0 
1 9.8983519999999992 29.927315 0 -0.10507274011550098 0.99446453897794684 0 
1 9.6147410000000004 32.611561000000002 0 -0.99921026157427051 0.039734785323166946 0 
1 4.4544779999999999 32.816764999999997 0 -0.99921026187999229 0.039734777635179887 0 
1 -6.173108 34.414616000000002 0 0 -1 0 
1 -6.173108 33.227173000000001 0 1 0 0 
1 -5.8660490000000003 33.227173000000001 0 0 1 0 
1 -5.8660490000000003 34.414616000000002 0 0 1 0 
1 -5.8660490000000003 35.602055 0 0 1 0 
1 -5.8660490000000003 36.789496999999997 0 -1 0 0 
1 -6.173108 36.789496999999997 0 0 -1 0 
1 -6.173108 35.602055 0 0 -1 0 
1 10.181963 20.334247999999999 0 0 1 0 
1 10.181963 23.788658000000002 0 0 1 0 
1 10.181963 27.243068999999998 0 -0.97659143017765049 -0.215102716169674 0 
1 4.8326250000000002 26.064831000000002 0 -0.97659134502940981 -0.21510310275225772 0 
1 -0.51671199999999995 24.886590999999999 0 -0.97659142173060598 -0.21510275452023792 0 
1 -5.8660490000000003 23.708352999999999 0 -0.082948829724302273 -0.99655380770301039 0 
1 -6.0245100000000003 21.804590000000001 0 -0.082948786453129794 -0.99655381130471488 0 
1 -6.1829710000000002 19.900825999999999 0 0.92985299226125206 -0.36793126094801448 0 
1 1.999495 16.663125999999998 0 0.92985302302883066 -0.36793118319074924 0 
1 10.181963 13.425426 0 0 1 0 
1 10.181963 16.879836999999998 0 0 1 0 
1 -8.7831069999999993 35.530334000000003 0 0.74980639878743571 -0.66165728616665054 0 
1 -6.173108 33.227173000000001 0 0 1 0 
1 -6.173108 34.414616000000002 0 0 1 0 
1 -6.173108 37.311497000000003 0 0 1 0 
1 -6.173108 37.833495999999997 0 -1 0 0 
1 -11.393106 37.833495999999997 0 0.74980625626244901 -0.66165744767945489 0 
1 -6.173108 28.314233999999999 0 0 1 0 
1 -6.173108 33.227173000000001 0 -0.74980639878743571 0.66165728616665054 0 
1 -8.7831069999999993 35.530334000000003 0 -0.74980625626244901 0.66165744767945489 0 
1 -11.393106 37.833495999999997 0 0 -1 0 
1 -11.393106 28.314233999999999 0 1 0 0 
1 -8.7831069999999993 28.314233999999999 0 1 0 0 
1 -6.173108 25.013352999999999 0 0 1 0 
1 -6.173108 26.011292999999998 0 0 1 0 
1 -6.173108 27.009235 0 0 1 0 
1 -6.173108 28.007175 0 -1 0 0 
1 -14.064517 28.007175 0 -1 0 0 
1 -21.955925000000001 28.007175 0 0.6902106690887081 -0.7236084799642124 0 
1 -20.052161999999999 26.011292999999998 0 0.69021104875824424 -0.72360811781795586 0 
1 -18.148396999999999 24.015411 0 1 0 0 
1 -12.160752 24.015411 0 1 0 0 
1 -6.173108 24.015411 0 0 1 0 
1 -6.0245100000000003 21.804590000000001 0 0.082948829724302273 0.99655380770301039 0 
1 -5.8660490000000003 23.708352999999999 0 -0.88050180084593188 -0.47404280261076742 0 
1 -8.2234540000000003 22.439177999999998 0 -0.88050156101390087 -0.47404324808194842 0 
1 -10.580857999999999 21.170002 0 -0.88050172887946365 -0.47404293628349259 0 
1 -12.938264 19.900825999999999 0 1 0 0 
1 -11.853323 19.900825999999999 0 1 0 0 
1 -10.768382000000001 19.900825999999999 0 1 0 0 
1 -7.9332070000000003 19.900825999999999 0 1 0 0 
1 -6.1829710000000002 19.900825999999999 0 0.082948786453129794 0.99655381130471488 0 
1 -9.6834410000000002 19.900825999999999 0 -1 0 0 
1 -10.768382000000001 19.900825999999999 0 -1 0 0 
1 -11.853323 19.900825999999999 0 -1 0 0 
1 -12.938264 19.900825999999999 0 0 -1 0 
1 -12.938264 19.593767 0 1 0 0 
1 -11.853323 19.593767 0 1 0 0 
1 -10.768382000000001 19.593767 0 1 0 0 
1 -9.6834410000000002 19.593767 0 0 1 0 
1 -15.763204 19.440237 0 0.99574064342730306 0.092198541349526264 0 
1 -14.105086 19.593767 0 0 1 0 
1 -14.105086 19.900825999999999 0 -1 0 0 
1 -15.763204 19.900825999999999 0 -1 0 0 
1 -17.421320000000001 19.900825999999999 0 0 -1 0 
1 -17.421320000000001 19.286708999999998 0 0.99574074348056751 0.092197460771795137 0 
1 -12.938264 19.900825999999999 0 0.88050172887946365 0.47404293628349259 0 
1 -10.580857999999999 21.170002 0 0.88050156101390087 0.47404324808194842 0 
1 -8.2234540000000003 22.439177999999998 0 0.88050180084593188 0.47404280261076742 0 
1 -5.8660490000000003 23.708352999999999 0 -1 0 0 
1 -18.148396999999999 23.708352999999999 0 0.72801522073833602 -0.68556096619725371 0 
1 -16.126740999999999 21.804590000000001 0 0.72801487175987101 -0.68556133678647513 0 
1 -14.105086 19.900825999999999 0 1 0 0 
1 -10.768382000000001 19.593767 0 -1 0 0 
1 -11.853323 19.593767 0 -1 0 0 
1 -13.306734000000001 19.593767 0 0 -1 0 
1 -13.306734000000001 11.855886 0 0.42406535642889009 0.90563158816200662 0 
1 -11.495088000000001 15.724826999999999 0 0.4240656383085285 0.90563145617076501 0 
1 -9.6834410000000002 19.593767 0 -1 0 0 
1 -17.421320000000001 19.900825999999999 0 1 0 0 
1 -15.763204 19.900825999999999 0 1 0 0 
1 -14.105086 19.900825999999999 0 -0.72801487175987101 0.68556133678647513 0 
1 -16.126740999999999 21.804590000000001 0 -0.72801522073833602 0.68556096619725371 0 
1 -18.148396999999999 23.708352999999999 0 -0.57133409215854247 -0.82071758549294782 0 
1 -19.473682 21.804590000000001 0 -0.57133389001278945 -0.82071772621459427 0 
1 -20.798967000000001 19.900825999999999 0 1 0 0 
1 -15.578969000000001 15.571298000000001 0 0.44424946939809401 -0.89590312475150569 0 
1 -13.736616 11.855886 0 0 1 0 
1 -13.736616 19.593767 0 -1 0 0 
1 -14.105086 19.593767 0 -0.99574064342730306 -0.092198541349526264 0 
1 -15.763204 19.440237 0 -0.99574074348056751 -0.092197460771795137 0 
1 -17.421320000000001 19.286708999999998 0 0.44424917828454547 -0.89590326910526796 0 
1 -6.1829710000000002 15.602003 0 0 -1 0 
1 -6.1829710000000002 13.452591999999999 0 0 -1 0 
1 -6.1829710000000002 11.303182 0 0.92910703544718098 -0.36981092017752909 0 
1 -5.0568200000000001 10.854941999999999 0 0.92910714827808949 -0.36981063670283487 0 
1 -3.9306679999999998 10.406701999999999 0 0.92910743175239729 -0.36980992450509531 0 
1 -2.804516 9.9584630000000001 0 0.92910714827808949 -0.36981063670283493 0 
1 -1.678364 9.5102229999999999 0 0.92910743175239729 -0.36980992450509531 0 
1 -0.55221200000000004 9.0619840000000007 0 0.92910743175239685 -0.36980992450509653 0 
1 0.57394000000000001 8.6137449999999998 0 0.9291071482780896 -0.36981063670283509 0 
1 1.7000919999999999 8.1655049999999996 0 0.92910743175239741 -0.36980992450509526 0 
1 2.826244 7.7172660000000004 0 0.92910743175239718 -0.36980992450509598 0 
1 3.9523959999999998 7.2690270000000003 0 0.9291071482780896 -0.36981063670283509 0 
1 5.0785479999999996 6.8207870000000002 0 0.61143477210985031 0.79129483724777028 0 
1 10.181963 13.425426 0 -0.92985302302883066 0.36793118319074924 0 
1 1.999495 16.663125999999998 0 -0.92985299226125206 0.36793126094801448 0 
1 -6.1829710000000002 19.900825999999999 0 0 -1 0 
1 12.263722 2.5219659999999999 0 -0.87415729333775272 0.48564290018944389 0 
1 5.0785479999999996 6.5137289999999997 0 -0.9202337008235274 0.39136930879750226 0 
1 3.9523959999999998 6.9926740000000001 0 -0.92023370082352773 0.3913693087975017 0 
1 2.826244 7.4716189999999996 0 -0.9202337008235274 0.3913693087975022 0 
1 1.7000919999999999 7.950564 0 -0.92023340652623542 0.39137000078330003 0 
1 0.57394000000000001 8.4295100000000005 0 -0.92023370082352762 0.39136930879750154 0 
1 -0.55221200000000004 8.908455 0 -0.92023340652623542 0.39137000078330003 0 
1 -1.678364 9.3874010000000006 0 -0.9202339951204872 0.39136861681104046 0 
1 -2.804516 9.8663450000000008 0 -0.92023340652623609 0.39137000078329887 0 
1 -3.9306679999999998 10.345291 0 -0.92023370082352729 0.39136930879750276 0 
1 -5.0568200000000001 10.824236000000001 0 -0.92023328136307037 0.391370295080958 0 
1 -6.1829710000000002 11.303182 0 0.65724500716992296 -0.75367698687846896 0 
1 -0.61362399999999995 4.9166920000000003 0 0.65724507420366696 -0.75367692842159928 0 
1 4.955724 -1.4697979999999999 0 1 0 0 
1 12.202311 -1.4697979999999999 0 1 0 0 
1 19.448896000000001 -1.4697979999999999 0 -0.8741572416891068 0.48564299315700282 0 
1 -0.70574099999999995 -7.3739910000000002 0 0.71113554058086148 0.70305493592091794 0 
1 4.955724 -1.7768569999999999 0 0 1 0 
1 4.955724 -1.4697979999999999 0 -0.84639546288643353 -0.53255489895902752 0 
1 -0.70574099999999995 -5.0320109999999998 0 -0.84639550528714902 -0.53255483157108985 0 
1 -6.3672069999999996 -8.5942240000000005 0 0 -1 0 
1 -6.3672069999999996 -12.971126999999999 0 0.71113547706646862 0.70305500016531142 0 
1 2.826244 7.4716189999999996 0 0.92023370082352773 -0.3913693087975017 0 
1 3.9523959999999998 6.9926740000000001 0 0.9202337008235274 -0.39136930879750226 0 
1 5.0785479999999996 6.5137289999999997 0 0 1 0 
1 5.0785479999999996 6.8207870000000002 0 -0.9291071482780896 0.36981063670283509 0 
1 3.9523959999999998 7.2690270000000003 0 -0.92910743175239718 0.36980992450509598 0 
1 2.826244 7.7172660000000004 0 -0.92910743175239741 0.36980992450509526 0 
1 1.7000919999999999 8.1655049999999996 0 -0.9291071482780896 0.36981063670283509 0 
1 0.57394000000000001 8.6137449999999998 0 -0.92910743175239685 0.36980992450509653 0 
1 -0.55221200000000004 9.0619840000000007 0 -0.92910743175239729 0.36980992450509531 0 
1 -1.678364 9.5102229999999999 0 -0.92910714827808949 0.36981063670283493 0 
1 -2.804516 9.9584630000000001 0 -0.92910743175239729 0.36980992450509531 0 
1 -3.9306679999999998 10.406701999999999 0 -0.92910714827808949 0.36981063670283487 0 
1 -5.0568200000000001 10.854941999999999 0 -0.92910703544718098 0.36981092017752909 0 
1 -6.1829710000000002 11.303182 0 0.92023328136307037 -0.391370295080958 0 
1 -5.0568200000000001 10.824236000000001 0 0.92023370082352729 -0.39136930879750276 0 
1 -3.9306679999999998 10.345291 0 0.92023340652623609 -0.39137000078329887 0 
1 -2.804516 9.8663450000000008 0 0.9202339951204872 -0.39136861681104046 0 
1 -1.678364 9.3874010000000006 0 0.92023340652623542 -0.39137000078330003 0 
1 -0.55221200000000004 8.908455 0 0.92023370082352762 -0.39136930879750154 0 
1 0.57394000000000001 8.4295100000000005 0 0.92023340652623542 -0.39137000078330003 0 
1 1.7000919999999999 7.950564 0 0.9202337008235274 -0.3913693087975022 0 
1 -0.70574099999999995 -5.0320109999999998 0 0.84639546288643353 0.53255489895902752 0 
1 4.955724 -1.4697979999999999 0 -0.65724507420366696 0.75367692842159928 0 
1 -0.61362399999999995 4.9166920000000003 0 -0.65724500716992296 0.75367698687846896 0 
1 -6.1829710000000002 11.303182 0 -0.60947130763056856 -0.79280812633012598 0 
1 -9.9597940000000005 6.3902419999999998 0 -0.60947120620139583 -0.79280820430379995 0 
1 -13.736616 1.4773019999999999 0 0.59051003257087586 -0.8070302977169711 0 
1 -10.051911 -3.5584609999999999 0 0.59050992819399928 -0.80703037409029288 0 
1 -6.3672069999999996 -8.5942240000000005 0 0.84639550528714902 0.53255483157108985 0 
1 0.11881799999999999 -27.537386000000001 0 0.020742515389268173 -0.99978485088309177 0 
1 0.14243800000000001 -28.675865000000002 0 0 1 0 
1 0.14243800000000001 -27.031395 0 0 1 0 
1 0.14243800000000001 -25.386925000000002 0 0 1 0 
1 0.14243800000000001 -23.742455 0 0 1 0 
1 0.14243800000000001 -22.097984 0 0 1 0 
1 0.14243800000000001 -20.453513999999998 0 0 1 0 
1 0.14243800000000001 -18.809044 0 0 1 0 
1 0.14243800000000001 -17.164574000000002 0 0 1 0 
1 0.14243800000000001 -15.520104 0 0 1 0 
1 0.14243800000000001 -13.875634 0 -1 0 0 
1 -0.16462099999999999 -13.875634 0 0.020742515389268159 -0.99978485088309177 0 
1 -0.14100099999999999 -15.014113 0 0.02074251538926818 -0.99978485088309177 0 
1 -0.117381 -16.152591999999999 0 0.020742515389268159 -0.99978485088309177 0 
1 -0.093760999999999997 -17.291070999999999 0 0.020742515389268159 -0.99978485088309177 0 
1 -0.070140999999999995 -18.429549999999999 0 0.020742515389268155 -0.99978485088309177 0 
1 -0.046521 -19.568028999999999 0 0.020742497177625517 -0.99978485126092831 0 
1 -0.022901000000000001 -20.706509 0 0.020742515389268159 -0.99978485088309177 0 
1 0.00071900000000000002 -21.844988000000001 0 0.020742515389268155 -0.99978485088309177 0 
1 0.024339 -22.983467000000001 0 0.020741601169441161 -0.99978486984997317 0 
1 0.047958000000000001 -24.121948 0 0.020742515389268159 -0.99978485088309177 0 
1 0.071578000000000003 -25.260427 0 0.020742497177625521 -0.99978485126092831 0 
1 0.095198000000000005 -26.398907000000001 0 0.020742515389268149 -0.99978485088309177 0 
1 -3.2352080000000001 -44.458683000000001 0 1 0 0 
1 0.14243800000000001 -44.458683000000001 0 0 1 0 
1 0.14243800000000001 -29.105747000000001 0 -0.87789561264637339 -0.47885205783858631 0 
1 -3.2352080000000001 -30.948098999999999 0 -0.87789561264637339 -0.47885205783858636 0 
1 -6.6128539999999996 -32.790450999999997 0 0 -1 0 
1 -6.6128539999999996 -44.458683000000001 0 1 0 0 
1 -2.3140320000000001 -13.875634 0 1 0 0 
1 -0.16462099999999999 -13.875634 0 0 1 0 
1 -0.16462099999999999 -13.138693 0 -1 0 0 
1 -3.3887369999999999 -13.138693 0 -1 0 0 
1 -6.6128539999999996 -13.138693 0 0 -1 0 
1 -6.6128539999999996 -13.875634 0 1 0 0 
1 -4.4634429999999998 -13.875634 0 1 0 0 
1 0.047958000000000001 -24.121948 0 -0.020741601169441161 0.99978486984997317 0 
1 0.024339 -22.983467000000001 0 -0.020742515389268155 0.99978485088309177 0 
1 0.00071900000000000002 -21.844988000000001 0 -0.020742515389268159 0.99978485088309177 0 
1 -0.022901000000000001 -20.706509 0 -0.020742497177625517 0.99978485126092831 0 
1 -0.046521 -19.568028999999999 0 -0.020742515389268155 0.99978485088309177 0 
1 -0.070140999999999995 -18.429549999999999 0 -0.020742515389268159 0.99978485088309177 0 
1 -0.093760999999999997 -17.291070999999999 0 -0.020742515389268159 0.99978485088309177 0 
1 -0.117381 -16.152591999999999 0 -0.02074251538926818 0.99978485088309177 0 
1 -0.14100099999999999 -15.014113 0 -0.020742515389268159 0.99978485088309177 0 
1 -0.16462099999999999 -13.875634 0 -0.88235300178221465 -0.47058812165833003 0 
1 -3.3887369999999999 -15.595162 0 -0.88235283511643614 -0.47058843415662838 0 
1 -6.6128539999999996 -17.314692000000001 0 0 -1 0 
1 -6.6128539999999996 -22.995277000000002 0 0 -1 0 
1 -6.6128539999999996 -28.675865000000002 0 1 0 0 
1 -3.2352080000000001 -28.675865000000002 0 1 0 0 
1 -1.5463849999999999 -28.675865000000002 0 1 0 0 
1 0.14243800000000001 -28.675865000000002 0 -0.020742515389268173 0.99978485088309177 0 
1 0.11881799999999999 -27.537386000000001 0 -0.020742515389268149 0.99978485088309177 0 
1 0.095198000000000005 -26.398907000000001 0 -0.020742497177625521 0.99978485126092831 0 
1 0.071578000000000003 -25.260427 0 -0.020742515389268159 0.99978485088309177 0 
1 -4.4634429999999998 -13.875634 0 -1 0 0 
1 -6.6128539999999996 -13.875634 0 -1 0 0 
1 -7.1041480000000004 -13.875634 0 0.14142159803529353 -0.98994945911856724 0 
1 -6.9403829999999997 -15.021986999999999 0 0.14142171893459132 -0.98994944184720146 0 
1 -6.776618 -16.168339 0 0.14142075174224039 -0.98994958001741673 0 
1 -6.6128539999999996 -17.314692000000001 0 0.88235283511643614 0.47058843415662838 0 
1 -3.3887369999999999 -15.595162 0 0.88235300178221465 0.47058812165833003 0 
1 -0.16462099999999999 -13.875634 0 -1 0 0 
1 -2.3140320000000001 -13.875634 0 -1 0 0 
1 -6.5514419999999998 12.285769 0 0 1 0 
1 -6.5514419999999998 19.593767 0 -0.033594336691597532 -0.99943555096977199 0 
1 -6.6742650000000001 15.939768000000001 0 -0.033594609901194464 -0.99943554178625582 0 
1 -6.7970889999999997 12.285769 0 1 0 0 
1 -9.6834410000000002 19.593767 0 -0.4240656383085285 -0.90563145617076501 0 
1 -11.495088000000001 15.724826999999999 0 -0.42406535642889009 -0.90563158816200662 0 
1 -13.306734000000001 11.855886 0 0.99782659741091018 0.065894472449253449 0 
1 -10.051911 12.070828000000001 0 0.99782661623700175 0.065894187368955026 0 
1 -6.7970889999999997 12.285769 0 0.033594609901194464 0.99943554178625582 0 
1 -6.6742650000000001 15.939768000000001 0 0.033594336691597532 0.99943555096977199 0 
1 -6.5514419999999998 19.593767 0 -1 0 0 
1 -6.7970889999999997 11.855886 0 0 1 0 
1 -6.7970889999999997 12.285769 0 -0.99782661623700175 -0.065894187368955026 0 
1 -10.051911 12.070828000000001 0 -0.99782659741091018 -0.065894472449253449 0 
1 -13.306734000000001 11.855886 0 1 0 0 
1 -18.772379000000001 0.65438499999999999 0 -0.99741804217465979 -0.071813989893811242 0 
1 -20.307673000000001 0.54384399999999999 0 -0.99741799228976735 -0.071814682737233529 0 
1 -21.842966000000001 0.43330200000000002 0 0.67091337415540586 -0.7415357337171341 0 
1 -20.092731000000001 -1.5011680000000001 0 0.67091335408091057 -0.74153575187977472 0 
1 -18.342497000000002 -3.4356369999999998 0 1 0 0 
1 -14.166498000000001 -3.4356369999999998 0 0 1 0 
1 -14.166498000000001 0.986008 0 -0.99741804217465979 -0.071813989893811325 0 
1 -15.701791999999999 0.875467 0 -0.99741803882420166 -0.071814036428008196 0 
1 -17.237085 0.76492599999999999 0 -0.99741804217465979 -0.071813989893811242 0 
1 -18.342497000000002 -3.742696 0 0.63778161320160442 -0.77021725108047201 0 
1 -12.723323000000001 -10.528694 0 0.63778168053429196 -0.77021719532535371 0 
1 -7.1041480000000004 -17.314692000000001 0 0 1 0 
1 -7.1041480000000004 -16.168339 0 0 1 0 
1 -7.1041480000000004 -15.021986999999999 0 0 1 0 
1 -7.1041480000000004 -13.875634 0 -0.54765914526564985 0.83670153615664988 0 
1 -10.420382 -8.8091650000000001 0 -0.54765914526564985 0.83670153615664988 0 
1 -13.736616 -3.742696 0 -1 0 0 
1 -16.039556999999999 -3.742696 0 -1 0 0 
1 -15.578969000000001 15.571298000000001 0 -0.44424917828454547 0.89590326910526796 0 
1 -17.421320000000001 19.286708999999998 0 -1 0 0 
1 -17.789791000000001 19.286708999999998 0 -0.32791473670474175 -0.94470732264117652 0 
1 -19.079436999999999 15.571298000000001 0 -0.32791511178953525 -0.9447071924464514 0 
1 -20.369084999999998 11.855886 0 1 0 0 
1 -13.736616 11.855886 0 -0.44424946939809401 0.89590312475150569 0 
1 -10.420382 -6.1684599999999996 0 0.80711715425933983 -0.59039131031910119 0 
1 -7.1041480000000004 -8.5942240000000005 0 1 0 0 
1 -6.3672069999999996 -8.5942240000000005 0 -0.59050992819399928 0.80703037409029288 0 
1 -10.051911 -3.5584609999999999 0 -0.59051003257087586 0.8070302977169711 0 
1 -13.736616 1.4773019999999999 0 0 -1 0 
1 -13.736616 -3.742696 0 0.80711715425933983 -0.59039131031910086 0 
1 -6.6128539999999996 -32.790450999999997 0 0 1 0 
1 -6.6128539999999996 -31.725981000000001 0 0 1 0 
1 -6.6128539999999996 -30.66151 0 0 1 0 
1 -6.6128539999999996 -29.59704 0 -1 0 0 
1 -7.1041480000000004 -29.59704 0 0 -1 0 
1 -7.1041480000000004 -30.66151 0 0 -1 0 
1 -7.1041480000000004 -31.725981000000001 0 0 -1 0 
1 -7.1041480000000004 -32.790450999999997 0 1 0 0 
1 -6.6128539999999996 -29.105747000000001 0 0 -1 0 
1 -6.6128539999999996 -29.351393000000002 0 0 -1 0 
1 -6.6128539999999996 -31.725981000000001 0 0 -1 0 
1 -6.6128539999999996 -32.790450999999997 0 0.87789561264637339 0.47885205783858636 0 
1 -3.2352080000000001 -30.948098999999999 0 0.87789561264637339 0.47885205783858631 0 
1 0.14243800000000001 -29.105747000000001 0 -1 0 0 
1 -7.1041480000000004 -16.168339 0 0 -1 0 
1 -7.1041480000000004 -17.314692000000001 0 1 0 0 
1 -6.6128539999999996 -17.314692000000001 0 -0.14142075174224039 0.98994958001741673 0 
1 -6.776618 -16.168339 0 -0.14142171893459132 0.98994944184720146 0 
1 -6.9403829999999997 -15.021986999999999 0 -0.14142159803529353 0.98994945911856724 0 
1 -7.1041480000000004 -13.875634 0 0 -1 0 
1 -7.1041480000000004 -15.021986999999999 0 0 -1 0 
1 -7.1041480000000004 -40.835388000000002 0 0 1 0 
1 -7.1041480000000004 -36.812919999999998 0 0 1 0 
1 -7.1041480000000004 -31.725981000000001 0 0 1 0 
1 -7.1041480000000004 -30.66151 0 0 1 0 
1 -7.1041480000000004 -29.59704 0 -0.76922108799514766 -0.63898272103677523 0 
1 -18.710968000000001 -39.238686000000001 0 -0.76922115865948593 -0.63898263596952143 0 
1 -30.317786999999999 -48.880329000000003 0 1 0 0 
1 -7.1041480000000004 -48.880329000000003 0 0 1 0 
1 -16.837910000000001 -16.608456 0 0.59969728920123822 -0.80022694363829472 0 
1 -7.1041480000000004 -29.59704 0 0 1 0 
1 -7.1041480000000004 -17.314692000000001 0 -0.81789635277570727 0.57536558475129196 0 
1 -16.837910000000001 -10.467282000000001 0 -0.81789636450112446 0.57536556808332173 0 
1 -26.571670999999998 -3.6198730000000001 0 0.59969727931472427 -0.80022695104733743 0 
1 -7.1041480000000004 -8.5942240000000005 0 -0.80711715425933983 0.59039131031910119 0 
1 -10.420382 -6.1684599999999996 0 -0.80711715425933983 0.59039131031910086 0 
1 -13.736616 -3.742696 0 0.54765914526564985 -0.83670153615664988 0 
1 -10.420382 -8.8091650000000001 0 0.54765914526564985 -0.83670153615664988 0 
1 -7.1041480000000004 -13.875634 0 0 1 0 
1 -19.137561999999999 37.628791999999997 0 0.9896132230748208 0.14375558672783786 0 
1 -17.728380000000001 37.833495999999997 0 -1 0 0 
1 -19.842154000000001 37.833495999999997 0 -1 0 0 
1 -21.955925000000001 37.833495999999997 0 0 -1 0 
1 -21.955925000000001 37.219379000000004 0 0.98961312316927019 0.14375627447580394 0 
1 -20.546742999999999 37.424084000000001 0 0.98961280893661807 0.1437584376256803 0 
1 -19.137561999999999 37.628791999999997 0 -0.98961280893661807 -0.1437584376256803 0 
1 -20.546742999999999 37.424084000000001 0 -0.98961312316927019 -0.14375627447580394 0 
1 -21.955925000000001 37.219379000000004 0 -0.076688439281350371 -0.99705510543830556 0 
1 -22.109455000000001 35.223278000000001 0 -0.076688286508972345 -0.99705511718877293 0 
1 -22.262985 33.227173000000001 0 1 0 0 
1 -22.109455000000001 33.227173000000001 0 1 0 0 
1 -21.955925000000001 33.227173000000001 0 0.67616606564183479 0.73674924613089476 0 
1 -20.546742999999999 34.762614999999997 0 0.67616556615707735 0.7367497045425121 0 
1 -19.137561999999999 36.298057999999997 0 0.67616702177790378 0.73674836861712834 0 
1 -17.728380000000001 37.833495999999997 0 -0.9896132230748208 -0.14375558672783786 0 
1 -22.262985 37.219379000000004 0 0 -1 0 
1 -22.262985 35.223278000000001 0 0 -1 0 
1 -22.262985 33.227173000000001 0 0.076688286508972345 0.99705511718877293 0 
1 -22.109455000000001 35.223278000000001 0 0.076688439281350371 0.99705510543830556 0 
1 -21.955925000000001 37.219379000000004 0 -1 0 0 
1 -20.546742999999999 34.762614999999997 0 -0.67616606564183479 -0.73674924613089476 0 
1 -21.955925000000001 33.227173000000001 0 0 -1 0 
1 -21.955925000000001 28.314233999999999 0 1 0 0 
1 -19.842154000000001 28.314233999999999 0 1 0 0 
1 -17.728380000000001 28.314233999999999 0 0 1 0 
1 -17.728380000000001 37.833495999999997 0 -0.67616702177790378 -0.73674836861712834 0 
1 -19.137561999999999 36.298057999999997 0 -0.67616556615707735 -0.7367497045425121 0 
1 -29.250608 42.625400999999997 0 -0.50970509825432186 0.86034918074788225 0 
1 -32.415908999999999 47.968223999999999 0 0.0066942510687295351 -0.99997759325028313 0 
1 -32.380141999999999 42.625400999999997 0 0.0066940639143393248 -0.99997759450315216 0 
1 -32.344375999999997 37.282578000000001 0 1 0 0 
1 -26.08531 37.282578000000001 0 -0.50970474067295835 0.86034939259321397 0 
1 -24.174147000000001 37.250979999999998 0 -0.99986335154982131 0.016531129046697606 0 
1 -26.08531 37.282578000000001 0 0 -1 0 
1 -26.08531 23.914242000000002 0 0.37969537962143685 0.92511157094381502 0 
1 -24.174147000000001 28.570709000000001 0 0.37969541894873643 0.92511155480263219 0 
1 -22.262985 33.227173000000001 0 0 1 0 
1 -22.262985 35.223278000000001 0 0 1 0 
1 -22.262985 37.219379000000004 0 -0.99986332546336032 0.016532706776276693 0 
1 -24.174147000000001 37.711567000000002 0 -0.97572144465134802 -0.21901521053910045 0 
1 -26.08531 37.282578000000001 0 0.99986335154982131 -0.016531129046697606 0 
1 -24.174147000000001 37.250979999999998 0 0.99986332546336032 -0.016532706776276693 0 
1 -22.262985 37.219379000000004 0 0 1 0 
1 -22.262985 38.140555999999997 0 -0.97572142016201324 -0.21901531964002849 0 
1 -34.406731000000001 43.085987000000003 0 -0.37758317483009446 -0.92597567251263491 0 
1 -36.397548999999998 38.203754000000004 0 0 -1 0 
1 -36.397548999999998 32.369639999999997 0 0.63638290341302295 0.77137332093067046 0 
1 -34.370964000000001 34.826107 0 0.63638284735951034 0.77137336717480864 0 
1 -32.344375999999997 37.282578000000001 0 -0.0066940639143393248 0.99997759450315216 0 
1 -32.380141999999999 42.625400999999997 0 -0.0066942510687295351 0.99997759325028313 0 
1 -32.415908999999999 47.968223999999999 0 -0.37758356007036814 -0.92597551542391587 0 
1 -36.438491999999997 30.322579999999999 0 -0.019994458446496659 -0.99980009083387833 0 
1 -36.458961000000002 29.299050999999999 0 0.60715114383456581 -0.79458636317292686 0 
1 -34.401668999999998 26.606646999999999 0 0.60715118778801846 -0.79458632958766551 0 
1 -32.344375999999997 23.914242000000002 0 0 1 0 
1 -32.344375999999997 30.598410000000001 0 0 1 0 
1 -32.344375999999997 37.282578000000001 0 -0.63638284735951034 -0.77137336717480864 0 
1 -34.370964000000001 34.826107 0 -0.63638290341302295 -0.77137332093067046 0 
1 -36.397548999999998 32.369639999999997 0 -0.019998325088715817 -0.99980001349952285 0 
1 -36.418022000000001 31.346108999999998 0 -0.019995434872522182 -0.99980007130638804 0 
1 -20.195456 24.015411 0 1 0 0 
1 -19.171925999999999 24.015411 0 1 0 0 
1 -18.148396999999999 24.015411 0 -0.69021104875824424 0.72360811781795586 0 
1 -20.052161999999999 26.011292999999998 0 -0.6902106690887081 0.7236084799642124 0 
1 -21.955925000000001 28.007175 0 0 -1 0 
1 -21.955925000000001 24.015411 0 1 0 0 
1 -21.587456 24.015411 0 1 0 0 
1 -21.218985 23.708352999999999 0 1 0 0 
1 -20.195456 23.708352999999999 0 1 0 0 
1 -19.171925999999999 23.708352999999999 0 1 0 0 
1 -18.148396999999999 23.708352999999999 0 0 1 0 
1 -18.148396999999999 24.015411 0 -1 0 0 
1 -19.171925999999999 24.015411 0 -1 0 0 
1 -20.195456 24.015411 0 -1 0 0 
1 -21.218985 24.015411 0 0 -1 0 
1 -20.195456 23.708352999999999 0 -1 0 0 
1 -21.740984000000001 23.708352999999999 0 -1 0 0 
1 -22.262985 23.708352999999999 0 0.35889086496748368 -0.93337953001064444 0 
1 -21.530975000000002 21.804590000000001 0 0.35888984646858851 -0.93337992162985439 0 
1 -20.798967000000001 19.900825999999999 0 0.57133389001278945 0.82071772621459427 0 
1 -19.473682 21.804590000000001 0 0.57133409215854247 0.82071758549294782 0 
1 -18.148396999999999 23.708352999999999 0 -1 0 0 
1 -19.171925999999999 23.708352999999999 0 -1 0 0 
1 -25.558375999999999 18.457649 0 0.9569723866020875 0.29017899869064417 0 
1 -20.798967000000001 19.900825999999999 0 -0.35888984646858851 0.93337992162985439 0 
1 -21.530975000000002 21.804590000000001 0 -0.35889086496748368 0.93337953001064444 0 
1 -22.262985 23.708352999999999 0 -0.99855243767524793 0.053786886996925125 0 
1 -26.08531 23.914242000000002 0 -0.52288394717729292 -0.85240388184492322 0 
1 -28.201547999999999 20.464357 0 -0.522884236831479 -0.85240370416438338 0 
1 -30.317786999999999 17.014472999999999 0 0.956972476299353 0.29017870288062875 0 
1 -22.262985 23.708352999999999 0 0 1 0 
1 -22.262985 33.227173000000001 0 -0.37969541894873643 -0.92511155480263219 0 
1 -24.174147000000001 28.570709000000001 0 -0.37969537962143685 -0.92511157094381502 0 
1 -26.08531 23.914242000000002 0 0.99855243767524793 -0.053786886996925125 0 
1 -32.344375999999997 23.914242000000002 0 0 -1 0 
1 -32.344375999999997 20.464357 0 0 -1 0 
1 -32.344375999999997 17.014472999999999 0 1 0 0 
1 -31.668845999999998 17.014472999999999 0 1 0 0 
1 -30.993317000000001 17.014472999999999 0 1 0 0 
1 -30.317786999999999 17.014472999999999 0 0.522884236831479 0.85240370416438338 0 
1 -28.201547999999999 20.464357 0 0.52288394717729292 0.85240388184492322 0 
1 -26.08531 23.914242000000002 0 -1 0 0 
1 -29.214842000000001 23.914242000000002 0 -1 0 0 
1 -36.458961000000002 29.299050999999999 0 0.019994458446496659 0.99980009083387833 0 
1 -36.438491999999997 30.322579999999999 0 0.019995434872522182 0.99980007130638804 0 
1 -36.418022000000001 31.346108999999998 0 0.019998325088715817 0.99980001349952285 0 
1 -36.397548999999998 32.369639999999997 0 -1 0 0 
1 -36.704608999999998 32.369639999999997 0 -0.11914357581609161 -0.99287703586182074 0 
1 -36.827430999999997 31.346108999999998 0 -0.11914667416671283 -0.99287666406004882 0 
1 -36.950256000000003 30.322579999999999 0 -0.11914380532068787 -0.99287700832162795 0 
1 -37.073078000000002 29.299050999999999 0 1 0 0 
1 -34.401668999999998 26.606646999999999 0 -0.60715114383456581 0.79458636317292686 0 
1 -36.458961000000002 29.299050999999999 0 0 -1 0 
1 -36.458961000000002 27.702347 0 0.73569142607259719 -0.67731685761043059 0 
1 -34.401668999999998 25.808294 0 0.73569176831689542 -0.67731648586961135 0 
1 -32.344375999999997 23.914242000000002 0 -0.60715118778801846 0.79458632958766551 0 
1 -40.389313000000001 34.611167999999999 0 0.85433603256511681 -0.51972102464773873 0 
1 -36.704608999999998 32.369639999999997 0 0 1 0 
1 -36.704608999999998 36.852694999999997 0 -1 0 0 
1 -44.074016999999998 36.852694999999997 0 0.85433613551482257 -0.51972085541528812 0 
1 -37.011668999999998 37.282578000000001 0 0 1 0 
1 -37.011668999999998 38.203754000000004 0 -0.27398204120704051 0.96173480809213907 0 
1 -38.516254000000004 43.485165000000002 0 -0.27398293133273449 0.96173455450988243 0 
1 -40.020843999999997 48.766575000000003 0 0 -1 0 
1 -40.020843999999997 37.282578000000001 0 1 0 0 
1 -37.073078000000002 28.621293999999999 0 0 1 0 
1 -37.073078000000002 28.869168999999999 0 0 1 0 
1 -37.073078000000002 29.299050999999999 0 -0.99534666147307971 -0.096358826759120664 0 
1 -40.573546999999998 28.960173000000001 0 -0.99534663684140812 -0.096359081193720192 0 
1 -44.074016999999998 28.621293999999999 0 1 0 0 
1 -44.074016999999998 32.736995999999998 0 0 -1 0 
1 -44.074016999999998 30.679144000000001 0 0 -1 0 
1 -44.074016999999998 28.621293999999999 0 0.99534663684140812 0.096359081193720192 0 
1 -40.573546999999998 28.960173000000001 0 0.99534666147307971 0.096358826759120664 0 
1 -37.073078000000002 29.299050999999999 0 0.11914380532068787 0.99287700832162795 0 
1 -36.950256000000003 30.322579999999999 0 0.11914667416671283 0.99287666406004882 0 
1 -36.827430999999997 31.346108999999998 0 0.11914357581609161 0.99287703586182074 0 
1 -36.704608999999998 32.369639999999997 0 -0.85433603256511681 0.51972102464773873 0 
1 -40.389313000000001 34.611167999999999 0 -0.85433613551482257 0.51972085541528812 0 
1 -44.074016999999998 36.852694999999997 0 0 -1 0 
1 -44.074016999999998 34.794846 0 0 -1 0 
1 -36.790585 46.015326999999999 0 -0.050250915437648931 0.99873662469025248 0 
1 -36.888843999999999 47.968223999999999 0 -0.01257683317408924 -0.9999209085059233 0 
1 -36.919547999999999 45.527102999999997 0 -0.012578497136421583 -0.99992088757550668 0 
1 -36.950256000000003 43.085987000000003 0 -0.012577268481937008 -0.99992090303060133 0 
1 -36.980961000000001 40.644871000000002 0 -0.012578491984471004 -0.99992088764031561 0 
1 -37.011668999999998 38.203754000000004 0 1 0 0 
1 -36.397548999999998 38.203754000000004 0 -0.050251018103844719 0.99873661952465076 0 
1 -36.495807999999997 40.156647 0 -0.050250941104162124 0.99873662339885472 0 
1 -36.594067000000003 42.109543000000002 0 -0.050251043770459039 0.99873661823324544 0 
1 -36.692326000000001 44.062435000000001 0 -0.050251043770459039 0.99873661823324544 0 
1 -36.520373999999997 26.104527000000001 0 0.038407134646088102 0.99926217381039562 0 
1 -36.458961000000002 27.702347 0 -1 0 0 
1 -37.073078000000002 27.702347 0 0.057556104690597444 -0.99834227337764536 0 
1 -36.980961000000001 26.104527000000001 0 0.057556068788303938 -0.99834227544747212 0 
1 -36.888843999999999 24.506706000000001 0 1 0 0 
1 -36.581783000000001 24.506706000000001 0 0.038404612771814957 0.99926227073669049 0 
1 -36.970725999999999 23.585529000000001 0 -0.08853955187713014 -0.99607266188436128 0 
1 -37.052607999999999 22.664353999999999 0 -0.088540433980311958 -0.9960725834750086 0 
1 -37.134490999999997 21.743176999999999 0 1 0 0 
1 -36.888843999999999 21.743176999999999 0 0 1 0 
1 -36.888843999999999 23.124942999999998 0 0 1 0 
1 -36.888843999999999 24.506706000000001 0 -0.08853936115271957 -0.99607267883757777 0 
1 -38.685138999999999 25.458587999999999 0 0.88360431373208581 -0.46823436092842374 0 
1 -36.888843999999999 24.506706000000001 0 -0.057556068788303938 0.99834227544747212 0 
1 -36.980961000000001 26.104527000000001 0 -0.057556104690597444 0.99834227337764536 0 
1 -37.073078000000002 27.702347 0 -0.99620232323744429 0.087068542978038579 0 
1 -39.406726999999997 27.906309 0 -0.99620231029263462 0.087068691087079056 0 
1 -41.740372000000001 28.110271000000001 0 -0.99620227326522315 0.087069114737671358 0 
1 -44.074016999999998 28.314233999999999 0 0.88360399019145197 -0.46823497148092691 0 
1 -42.277724999999997 27.362352000000001 0 0.88360451724932099 -0.46823397687117319 0 
1 -40.481430000000003 26.410471000000001 0 0.88360367882637425 -0.46823555905601372 0 
1 -34.463081000000003 21.846122999999999 0 0.71559794981258773 0.6985124009092617 0 
1 -32.344375999999997 23.914242000000002 0 -0.73569176831689542 0.67731648586961135 0 
1 -34.401668999999998 25.808294 0 -0.73569142607259719 0.67731685761043059 0 
1 -36.458961000000002 27.702347 0 -0.038407134646088102 -0.99926217381039562 0 
1 -36.520373999999997 26.104527000000001 0 -0.038404612771814957 -0.99926227073669049 0 
1 -36.581783000000001 24.506706000000001 0 0 -1 0 
1 -36.581783000000001 19.778002000000001 0 0.71559711776975088 0.69851325330277414 0 
1 -44.074016999999998 24.230353999999998 0 0 -1 0 
1 -44.074016999999998 22.188414000000002 0 0 -1 0 
1 -44.074016999999998 20.146473 0 0.97453645323675753 0.22422912681612284 0 
1 -41.760840999999999 20.678706999999999 0 0.97453624793035942 0.22423001910943338 0 
1 -39.447665999999998 21.210943 0 0.97453643205442775 0.22422921887797292 0 
1 -37.134490999999997 21.743176999999999 0 0.088540433980311958 0.9960725834750086 0 
1 -37.052607999999999 22.664353999999999 0 0.08853955187713014 0.99607266188436128 0 
1 -36.970725999999999 23.585529000000001 0 0.08853936115271957 0.99607267883757777 0 
1 -36.888843999999999 24.506706000000001 0 -0.88360431373208581 0.46823436092842374 0 
1 -38.685138999999999 25.458587999999999 0 -0.88360367882637425 0.46823555905601372 0 
1 -40.481430000000003 26.410471000000001 0 -0.88360451724932099 0.46823397687117319 0 
1 -42.277724999999997 27.362352000000001 0 -0.88360399019145197 0.46823497148092691 0 
1 -44.074016999999998 28.314233999999999 0 0 -1 0 
1 -44.074016999999998 26.272293000000001 0 0 -1 0 
1 -41.740372000000001 28.314233999999999 0 -1 0 0 
1 -44.074016999999998 28.314233999999999 0 0.99620227326522315 -0.087069114737671358 0 
1 -41.740372000000001 28.110271000000001 0 0.99620231029263462 -0.087068691087079056 0 
1 -39.406726999999997 27.906309 0 0.99620232323744429 -0.087068542978038579 0 
1 -37.073078000000002 27.702347 0 0 1 0 
1 -37.073078000000002 28.314233999999999 0 -1 0 0 
1 -39.406726999999997 28.314233999999999 0 -1 0 0 
1 -19.079436999999999 15.571298000000001 0 0.32791473670474175 0.94470732264117652 0 
1 -17.789791000000001 19.286708999999998 0 0 1 0 
1 -17.789791000000001 19.593767 0 -1 0 0 
1 -20.369084999999998 19.593767 0 0 -1 0 
1 -20.369084999999998 11.855886 0 0.32791511178953525 0.9447071924464514 0 
1 -21.842966000000001 1.4773019999999999 0 1 0 0 
1 -13.736616 1.4773019999999999 0 0.60947120620139583 0.79280820430379995 0 
1 -9.9597940000000005 6.3902419999999998 0 0.60947130763056856 0.79280812633012598 0 
1 -6.1829710000000002 11.303182 0 -1 0 0 
1 -21.842966000000001 11.303182 0 0 -1 0 
1 -20.798967000000001 14.373768999999999 0 0 1 0 
1 -20.798967000000001 15.540590999999999 0 0 1 0 
1 -20.798967000000001 16.707415000000001 0 -1 0 0 
1 -25.558375999999999 16.707415000000001 0 -1 0 0 
1 -30.317786999999999 16.707415000000001 0 -0.46574612807450194 -0.88491838278092616 0 
1 -31.136610000000001 15.15165 0 -0.46574636250379392 -0.88491825939715163 0 
1 -31.955432999999999 13.595886 0 -0.4657472533349612 -0.88491779053816033 0 
1 -32.774258000000003 12.040122 0 1 0 0 
1 -26.786612000000002 12.040122 0 1 0 0 
1 -20.798967000000001 12.040122 0 0 1 0 
1 -20.798967000000001 13.206944999999999 0 0 1 0 
1 -25.558375999999999 17.014472999999999 0 1 0 0 
1 -20.798967000000001 17.014472999999999 0 0 1 0 
1 -20.798967000000001 19.900825999999999 0 -0.9569723866020875 -0.29017899869064417 0 
1 -25.558375999999999 18.457649 0 -0.956972476299353 -0.29017870288062875 0 
1 -30.317786999999999 17.014472999999999 0 1 0 0 
1 -19.447908000000002 -3.3946960000000002 0 0.99931483872029825 -0.037011526764296171 0 
1 -18.342497000000002 -3.4356369999999998 0 -0.67091335408091057 0.74153575187977472 0 
1 -20.092731000000001 -1.5011680000000001 0 -0.67091337415540586 0.7415357337171341 0 
1 -21.842966000000001 0.43330200000000002 0 0.049120383641565575 -0.99879286536844336 0 
1 -21.781555000000001 -0.81540299999999999 0 0.049121979507441724 -0.99879278688288009 0 
1 -21.720141999999999 -2.0641080000000001 0 0.049120344399449713 -0.99879286729835992 0 
1 -21.658731 -3.3128139999999999 0 0.99931483872029825 -0.037011526764296573 0 
1 -20.553319999999999 -3.353755 0 0.99931483995867276 -0.037011493328051648 0 
1 -21.658731 -3.6198730000000001 0 0.99931483872029825 -0.037011526764296171 0 
1 -20.553319999999999 -3.6608139999999998 0 0.99931483995867276 -0.037011493328051648 0 
1 -19.447908000000002 -3.7017549999999999 0 0.99931483872029825 -0.037011526764296573 0 
1 -18.342497000000002 -3.742696 0 0 1 0 
1 -18.342497000000002 -3.4356369999999998 0 -0.99931483872029825 0.037011526764296171 0 
1 -19.447908000000002 -3.3946960000000002 0 -0.99931483995867276 0.037011493328051648 0 
1 -20.553319999999999 -3.353755 0 -0.99931483872029825 0.037011526764296573 0 
1 -21.658731 -3.3128139999999999 0 0 -1 0 
1 -7.1041480000000004 -17.314692000000001 0 -0.72829014318465368 0.68526890148326203 0 
1 -14.381439 -10.467282000000001 0 -0.72829024012613086 0.68526879845577593 0 
1 -21.658731 -3.6198730000000001 0 -1 0 0 
1 -22.334261000000001 -3.6198730000000001 0 -1 0 0 
1 -24.197082999999999 -3.6198730000000001 0 -1 0 0 
1 -25.384377000000001 -3.6198730000000001 0 -1 0 0 
1 -26.571670999999998 -3.6198730000000001 0 0.81789636450112446 -0.57536556808332173 0 
1 -16.837910000000001 -10.467282000000001 0 0.81789635277570727 -0.57536558475129196 0 
1 -15.701791999999999 0.875467 0 0.99741804217465979 0.071813989893811325 0 
1 -14.166498000000001 0.986008 0 -1 0 0 
1 -16.725321000000001 0.986008 0 -1 0 0 
1 -19.284143 0.986008 0 -1 0 0 
1 -21.842966000000001 0.986008 0 0 -1 0 
1 -21.842966000000001 0.43330200000000002 0 0.99741799228976735 0.071814682737233529 0 
1 -20.307673000000001 0.54384399999999999 0 0.99741804217465979 0.071813989893811242 0 
1 -18.772379000000001 0.65438499999999999 0 0.99741804217465979 0.071813989893811242 0 
1 -17.237085 0.76492599999999999 0 0.99741803882420166 0.071814036428008196 0 
1 -21.781555000000001 -0.81540299999999999 0 -0.049120383641565575 0.99879286536844336 0 
1 -21.842966000000001 0.43330200000000002 0 -1 0 0 
1 -22.027203 0.43330200000000002 0 0 -1 0 
1 -22.027203 -1.439756 0 0 -1 0 
1 -22.027203 -3.3128139999999999 0 1 0 0 
1 -21.658731 -3.3128139999999999 0 -0.049120344399449713 0.99879286729835992 0 
1 -21.720141999999999 -2.0641080000000001 0 -0.049121979507441724 0.99879278688288009 0 
1 -22.702729999999999 -3.3128139999999999 0 1 0 0 
1 -22.395672000000001 -3.3128139999999999 0 0 1 0 
1 -22.395672000000001 -1.163403 0 0 1 0 
1 -22.395672000000001 0.986008 0 -0.69678572841214992 -0.7172793379717205 0 
1 -23.787672000000001 -0.44693300000000002 0 -0.69678546351847104 -0.71727959529694518 0 
1 -25.179670000000002 -1.8798729999999999 0 -0.69678598594724772 -0.71727908779464766 0 
1 -26.571670999999998 -3.3128139999999999 0 1 0 0 
1 -25.384377000000001 -3.3128139999999999 0 1 0 0 
1 -24.197082999999999 -3.3128139999999999 0 1 0 0 
1 -23.009789999999999 -3.3128139999999999 0 1 0 0 
1 -30.993317000000001 16.707415000000001 0 1 0 0 
1 -30.317786999999999 16.707415000000001 0 0 1 0 
1 -30.317786999999999 17.014472999999999 0 -1 0 0 
1 -30.993317000000001 17.014472999999999 0 -1 0 0 
1 -31.668845999999998 17.014472999999999 0 -1 0 0 
1 -32.344375999999997 17.014472999999999 0 0 -1 0 
1 -32.344375999999997 16.707415000000001 0 1 0 0 
1 -31.668845999999998 16.707415000000001 0 1 0 0 
1 -39.406726999999997 17.014472999999999 0 1 0 0 
1 -32.344375999999997 17.014472999999999 0 0 1 0 
1 -32.344375999999997 20.464357 0 0 1 0 
1 -32.344375999999997 23.914242000000002 0 -0.71559794981258773 -0.6985124009092617 0 
1 -34.463081000000003 21.846122999999999 0 -0.71559711776975088 -0.69851325330277414 0 
1 -36.581783000000001 19.778002000000001 0 -0.71483455354881686 -0.69929361576712801 0 
1 -37.994255000000003 18.396238 0 -0.71483430056617681 -0.6992938743719016 0 
1 -36.888843999999999 20.822002000000001 0 -1 0 0 
1 -37.134490999999997 20.822002000000001 0 -0.99529534443337164 -0.096887446809461195 0 
1 -39.447665999999998 20.596824999999999 0 -0.99529538592514821 -0.096887020576082089 0 
1 -41.760840999999999 20.371649000000001 0 -0.99529538996415345 -0.09688697908441446 0 
1 -44.074016999999998 20.146473 0 1 0 0 
1 -36.888843999999999 20.146473 0 0 1 0 
1 -36.888843999999999 20.484238000000001 0 0 1 0 
1 -39.447665999999998 20.596824999999999 0 0.99529534443337164 0.096887446809461195 0 
1 -37.134490999999997 20.822002000000001 0 0 1 0 
1 -37.134490999999997 21.743176999999999 0 -0.97453643205442775 -0.22422921887797292 0 
1 -39.447665999999998 21.210943 0 -0.97453624793035942 -0.22423001910943338 0 
1 -41.760840999999999 20.678706999999999 0 -0.97453645323675753 -0.22422912681612284 0 
1 -44.074016999999998 20.146473 0 0.99529538996415345 0.09688697908441446 0 
1 -41.760840999999999 20.371649000000001 0 0.99529538592514821 0.096887020576082089 0 
1 -39.406726999999997 18.396238 0 0 -1 0 
1 -39.406726999999997 17.014472999999999 0 0.71483430056617681 0.6992938743719016 0 
1 -37.994255000000003 18.396238 0 0.71483455354881686 0.69929361576712801 0 
1 -36.581783000000001 19.778002000000001 0 -1 0 0 
1 -39.406726999999997 19.778002000000001 0 0 -1 0 
1 -24.197082999999999 -3.6198730000000001 0 1 0 0 
1 -23.009789999999999 -3.6198730000000001 0 0 1 0 
1 -23.009789999999999 -3.3128139999999999 0 -1 0 0 
1 -24.197082999999999 -3.3128139999999999 0 -1 0 0 
1 -25.384377000000001 -3.3128139999999999 0 -1 0 0 
1 -26.571670999999998 -3.3128139999999999 0 0 -1 0 
1 -26.571670999999998 -3.6198730000000001 0 1 0 0 
1 -25.384377000000001 -3.6198730000000001 0 1 0 0 
1 -26.571670999999998 -3.6198730000000001 0 -1 0 0 
1 -30.317786999999999 -3.6198730000000001 0 0 -1 0 
1 -30.317786999999999 -26.250101000000001 0 0 -1 0 
1 -30.317786999999999 -48.880329000000003 0 0.76922115865948593 0.63898263596952143 0 
1 -18.710968000000001 -39.238686000000001 0 0.76922108799514766 0.63898272103677523 0 
1 -7.1041480000000004 -29.59704 0 -0.59969728920123822 0.80022694363829472 0 
1 -16.837910000000001 -16.608456 0 -0.59969727931472427 0.80022695104733743 0 
1 -32.559314999999998 16.707415000000001 0 -1 0 0 
1 -32.774258000000003 16.707415000000001 0 0 -1 0 
1 -32.774258000000003 14.373768999999999 0 0 -1 0 
1 -32.774258000000003 12.040122 0 0.4657472533349612 0.88491779053816033 0 
1 -31.955432999999999 13.595886 0 0.46574636250379392 0.88491825939715163 0 
1 -31.136610000000001 15.15165 0 0.46574612807450194 0.88491838278092616 0 
1 -30.317786999999999 16.707415000000001 0 -1 0 0 
1 -30.993317000000001 16.707415000000001 0 -1 0 0 
1 -31.668845999999998 16.707415000000001 0 -1 0 0 
1 -26.571670999999998 -3.3128139999999999 0 0.69678598594724772 0.71727908779464766 0 
1 -25.179670000000002 -1.8798729999999999 0 0.69678546351847104 0.71727959529694518 0 
1 -23.787672000000001 -0.44693300000000002 0 0.69678572841214992 0.7172793379717205 0 
1 -22.395672000000001 0.986008 0 -1 0 0 
1 -30.379197999999999 0.986008 0 0 -1 0 
1 -30.379197999999999 -1.163403 0 0 -1 0 
1 -30.379197999999999 -3.3128139999999999 0 1 0 0 
1 -20.553319999999999 -3.6608139999999998 0 -0.99931483872029825 0.037011526764296171 0 
1 -21.658731 -3.6198730000000001 0 0.72829024012613086 -0.68526879845577593 0 
1 -14.381439 -10.467282000000001 0 0.72829014318465368 -0.68526890148326203 0 
1 -7.1041480000000004 -17.314692000000001 0 -0.63778168053429196 0.77021719532535371 0 
1 -12.723323000000001 -10.528694 0 -0.63778161320160442 0.77021725108047201 0 
1 -18.342497000000002 -3.742696 0 -0.99931483872029825 0.037011526764296573 0 
1 -19.447908000000002 -3.7017549999999999 0 -0.99931483995867276 0.037011493328051648 0 
1 4.1253270000000004 60.602336999999999 0 -0.95414926108017784 -0.29933123388672772 0 
1 0.029364999999999999 59.317371000000001 0 1 0 0 
1 27.357592 59.317371000000001 0 -0.96868877728593583 0.24827817616592615 0 
1 19.837420999999999 61.244816 0 -0.96868880032554883 0.2482780862739378 0 
1 12.317251000000001 63.172260000000001 0 -0.9541495937383061 -0.29933017350248126 0 
1 8.2212890000000005 61.887298999999999 0 -0.95414952720675628 -0.29933038557941899 0 
1 65.331001000000001 21.558409000000001 0 0 1 0 
1 65.331001000000001 25.857229 0 -1 0 0 
1 51.206302999999998 25.857229 0 0.68601321429022766 -0.72758908033256686 0 
1 55.259480000000003 21.558409000000001 0 1 0 0 
1 -32.415908999999999 57.402999999999999 0 1 0 0 
1 -25.83473 57.402999999999999 0 0 1 0 
1 -25.83473 60.682785000000003 0 -1 0 0 
1 -31.79167 60.682785000000003 0 -0.18697280506296043 -0.98236509005913286 0 
1 -17.421320000000001 38.140555999999997 0 0 -1 0 
1 -17.421320000000001 28.314233999999999 0 1 0 0 
1 -11.700165 28.314233999999999 0 0 1 0 
1 -11.700165 38.140555999999997 0 -1 0 0 
Polygon3D 0
PolygonOnTriangulations 0
Surfaces 380
1 44.158285455369175 40.539874449844262 0 0 0 1 1 0 -0 -0 1 0 
1 41.234804853874529 61.128925598955284 0 0 0 1 1 0 -0 -0 1 0 
1 36.066622010167244 33.635039430589828 0 0 0 1 1 0 -0 -0 1 0 
1 39.765588327656673 27.945519743998787 0 0 0 1 1 0 -0 -0 1 0 
1 42.836932722342688 30.570819852381181 0 0 0 1 1 0 -0 -0 1 0 
1 37.730677970949991 40.339755396808464 0 0 0 1 1 0 -0 -0 1 0 
1 39.315734524327262 69.296685754446642 0 0 0 1 1 0 -0 -0 1 0 
1 21.517209238535926 75.37870089097872 0 0 0 1 1 0 -0 -0 1 0 
1 46.575228426859205 24.235592518071609 0 0 0 1 1 0 -0 -0 1 0 
1 41.879415783250117 27.541632115449662 0 0 0 1 1 0 -0 -0 1 0 
1 39.718996063825649 26.413245936174345 0 0 0 1 1 0 -0 -0 1 0 
1 36.372788035180164 26.989640582279602 0 0 0 1 1 0 -0 -0 1 0 
1 37.281124000000005 62.773086499999984 0 0 0 1 1 0 -0 -0 1 0 
1 34.55487893745989 67.035360246381572 0 0 0 1 1 0 -0 -0 1 0 
1 39.5902572179765 48.659516081711438 0 0 0 1 1 0 -0 -0 1 0 
1 35.555757666926482 61.704217830947101 0 0 0 1 1 0 -0 -0 1 0 
1 34.5399109556922 53.997899328574562 0 0 0 1 1 0 -0 -0 1 0 
1 37.207400849813332 49.864306490262855 0 0 0 1 1 0 -0 -0 1 0 
1 35.568290549891685 48.764512961551887 0 0 0 1 1 0 -0 -0 1 0 
1 35.207690906829981 25.232053784071169 0 0 0 1 1 0 -0 -0 1 0 
1 30.225215708710888 26.572386149383394 0 0 0 1 1 0 -0 -0 1 0 
1 35.539724304242284 23.685881882077918 0 0 0 1 1 0 -0 -0 1 0 
1 28.371697283963293 20.918590781491876 0 0 0 1 1 0 -0 -0 1 0 
1 30.752120649065134 32.659101993592159 0 0 0 1 1 0 -0 -0 1 0 
1 40.01169785352301 46.877802425664903 0 0 0 1 1 0 -0 -0 1 0 
1 60.931368994688576 14.822997594815243 0 0 0 1 1 0 -0 -0 1 0 
1 52.339849983787836 15.673576118410459 0 0 0 1 1 0 -0 -0 1 0 
1 46.867560940408545 13.737624639852898 0 0 0 1 1 0 -0 -0 1 0 
1 45.894188 11.548293499999998 0 0 0 1 1 0 -0 -0 1 0 
1 49.61043326505942 20.884534291145002 0 0 0 1 1 0 -0 -0 1 0 
1 55.413007999999977 9.2300000000000004 0 0 0 1 1 0 -0 -0 1 0 
1 59.574586692936585 8.0081653473446703 0 0 0 1 1 0 -0 -0 1 0 
1 52.657596857962844 9.7532360534937332 0 0 0 1 1 0 -0 -0 1 0 
1 49.862340483442857 9.4181017835412355 0 0 0 1 1 0 -0 -0 1 0 
1 58.868692840666696 2.6489292793611923 0 0 0 1 1 0 -0 -0 1 0 
1 36.068445489590509 20.19213617780078 0 0 0 1 1 0 -0 -0 1 0 
1 35.611872822007086 17.801091822007088 0 0 0 1 1 0 -0 -0 1 0 
1 35.49709746444244 22.605559128698989 0 0 0 1 1 0 -0 -0 1 0 
1 30.186888205698587 17.132810070658259 0 0 0 1 1 0 -0 -0 1 0 
1 31.852445666917692 14.169917633201822 0 0 0 1 1 0 -0 -0 1 0 
1 33.28957135578505 20.03966948682972 0 0 0 1 1 0 -0 -0 1 0 
1 41.481756534659816 14.734937577354543 0 0 0 1 1 0 -0 -0 1 0 
1 43.244699658275444 8.2975577711721247 0 0 0 1 1 0 -0 -0 1 0 
1 38.211711220143791 3.8602843127197111 0 0 0 1 1 0 -0 -0 1 0 
1 48.035670264947683 2.9932997448791596 0 0 0 1 1 0 -0 -0 1 0 
1 31.097196699224451 59.83308681009904 0 0 0 1 1 0 -0 -0 1 0 
1 28.461316148095374 68.825474740990884 0 0 0 1 1 0 -0 -0 1 0 
1 24.793228351575223 65.136976175809068 0 0 0 1 1 0 -0 -0 1 0 
1 23.748766 63.325790499999989 0 0 0 1 1 0 -0 -0 1 0 
1 20.523746665522197 70.090992444009686 0 0 0 1 1 0 -0 -0 1 0 
1 29.215923860959347 54.714142178661959 0 0 0 1 1 0 -0 -0 1 0 
1 25.664509288347375 61.922068930441434 0 0 0 1 1 0 -0 -0 1 0 
1 24.77733912738525 56.645483196996942 0 0 0 1 1 0 -0 -0 1 0 
1 22.871422943969645 55.20989877863564 0 0 0 1 1 0 -0 -0 1 0 
1 28.795900600609539 45.688995004391643 0 0 0 1 1 0 -0 -0 1 0 
1 22.227430248274121 65.206848541192258 0 0 0 1 1 0 -0 -0 1 0 
1 17.107367000000004 72.844608000000022 0 0 0 1 1 0 -0 -0 1 0 
1 19.268599032112739 66.455068336164331 0 0 0 1 1 0 -0 -0 1 0 
1 16.5155575 63.325790499999989 0 0 0 1 1 0 -0 -0 1 0 
1 19.905681003705919 61.591411521104156 0 0 0 1 1 0 -0 -0 1 0 
1 15.564044461463572 71.1945185191299 0 0 0 1 1 0 -0 -0 1 0 
1 21.210384784686656 55.688048907182853 0 0 0 1 1 0 -0 -0 1 0 
1 18.388250271962153 56.626619974175945 0 0 0 1 1 0 -0 -0 1 0 
1 26.097651979312111 46.041564614926621 0 0 0 1 1 0 -0 -0 1 0 
1 16.199233482287198 55.15995451233826 0 0 0 1 1 0 -0 -0 1 0 
1 17.501006499999999 52.715610500000011 0 0 0 1 1 0 -0 -0 1 0 
1 22.795108233376965 61.655836083710184 0 0 0 1 1 0 -0 -0 1 0 
1 22.549555735169029 45.968064523190741 0 0 0 1 1 0 -0 -0 1 0 
1 32.589725327378233 43.138054744763693 0 0 0 1 1 0 -0 -0 1 0 
1 29.084656160528617 29.388876044298677 0 0 0 1 1 0 -0 -0 1 0 
1 26.988426404485285 34.551868089135709 0 0 0 1 1 0 -0 -0 1 0 
1 24.942808882189308 35.788694652005866 0 0 0 1 1 0 -0 -0 1 0 
1 25.643205500000008 32.795795499999997 0 0 0 1 1 0 -0 -0 1 0 
1 24.466496492854255 30.829660518953208 0 0 0 1 1 0 -0 -0 1 0 
1 28.811213888771135 3.3400331309694344 0 0 0 1 1 0 -0 -0 1 0 
1 29.418868233126393 9.9085786697605744 0 0 0 1 1 0 -0 -0 1 0 
1 27.462320615476568 6.5897119546561829 0 0 0 1 1 0 -0 -0 1 0 
1 22.096939889577978 6.0281715914208274 0 0 0 1 1 0 -0 -0 1 0 
1 18.653832064894125 11.329664417980556 0 0 0 1 1 0 -0 -0 1 0 
1 23.650837287951195 4.8654177818317494 0 0 0 1 1 0 -0 -0 1 0 
1 19.886667808723455 35.772729805632856 0 0 0 1 1 0 -0 -0 1 0 
1 17.797044406445728 34.560570904318183 0 0 0 1 1 0 -0 -0 1 0 
1 17.906301384751458 42.046057294629286 0 0 0 1 1 0 -0 -0 1 0 
1 16.604975051022816 52.014935436230914 0 0 0 1 1 0 -0 -0 1 0 
1 13.701512811373973 35.583105008204548 0 0 0 1 1 0 -0 -0 1 0 
1 18.14655463405883 28.986250289820347 0 0 0 1 1 0 -0 -0 1 0 
1 12.086097760875138 8.787278400638737 0 0 0 1 1 0 -0 -0 1 0 
1 12.044826483211308 34.334806299609824 0 0 0 1 1 0 -0 -0 1 0 
1 19.102855999999999 32.795795499999997 0 0 0 1 1 0 -0 -0 1 0 
1 13.742418865469443 4.0006624014494587 0 0 0 1 1 0 -0 -0 1 0 
1 34.794569523533383 1.3019404856916457 0 0 0 1 1 0 -0 -0 1 0 
1 64.121744052423225 -3.8218533624165962 0 0 0 1 1 0 -0 -0 1 0 
1 62.741604845399401 -13.12143861763143 0 0 0 1 1 0 -0 -0 1 0 
1 63.26807772287723 2.0587749575939323 0 0 0 1 1 0 -0 -0 1 0 
1 59.856290706225906 6.0647327062259073 0 0 0 1 1 0 -0 -0 1 0 
1 58.956645720261704 -17.28260966547397 0 0 0 1 1 0 -0 -0 1 0 
1 59.742140657564811 -6.449052478399361 0 0 0 1 1 0 -0 -0 1 0 
1 63.509961454570025 -16.266265506935007 0 0 0 1 1 0 -0 -0 1 0 
1 62.797033386799164 -23.409608902609268 0 0 0 1 1 0 -0 -0 1 0 
1 64.958457655272198 -17.05179785362629 0 0 0 1 1 0 -0 -0 1 0 
1 59.913157807796175 -23.163077219928603 0 0 0 1 1 0 -0 -0 1 0 
1 56.512768995334895 -24.876655388004856 0 0 0 1 1 0 -0 -0 1 0 
1 61.046998359111761 -24.876777130293835 0 0 0 1 1 0 -0 -0 1 0 
1 55.953305339389807 -8.3187806105321549 0 0 0 1 1 0 -0 -0 1 0 
1 53.95491175461536 -16.663463839454504 0 0 0 1 1 0 -0 -0 1 0 
1 52.715544062070045 -6.2679334833695224 0 0 0 1 1 0 -0 -0 1 0 
1 51.242148283251623 -7.8062732630215166 0 0 0 1 1 0 -0 -0 1 0 
1 49.563087828998981 -17.646448507725118 0 0 0 1 1 0 -0 -0 1 0 
1 52.005603823880278 -12.866588758170952 0 0 0 1 1 0 -0 -0 1 0 
1 52.875388870783766 1.8491537619283038 0 0 0 1 1 0 -0 -0 1 0 
1 54.094021783806141 2.4579871351266296 0 0 0 1 1 0 -0 -0 1 0 
1 56.656770458178528 -22.983605602235659 0 0 0 1 1 0 -0 -0 1 0 
1 50.365843311018509 -24.908501865903339 0 0 0 1 1 0 -0 -0 1 0 
1 58.44419278556942 -22.957991410127526 0 0 0 1 1 0 -0 -0 1 0 
1 46.997593487336594 -26.801337885665284 0 0 0 1 1 0 -0 -0 1 0 
1 44.799084149376931 -26.617643930046853 0 0 0 1 1 0 -0 -0 1 0 
1 48.289488350356734 -21.945202079177882 0 0 0 1 1 0 -0 -0 1 0 
1 62.57689168411197 -27.750920436625147 0 0 0 1 1 0 -0 -0 1 0 
1 60.440849861510557 -26.797932296151966 0 0 0 1 1 0 -0 -0 1 0 
1 58.557787539833505 -27.321407991780426 0 0 0 1 1 0 -0 -0 1 0 
1 59.152133990698182 -27.34905940038621 0 0 0 1 1 0 -0 -0 1 0 
1 60.369906894324231 -38.296552632768865 0 0 0 1 1 0 -0 -0 1 0 
1 62.178776645716113 -39.125056142778817 0 0 0 1 1 0 -0 -0 1 0 
1 55.944621837612786 -49.537798378505407 0 0 0 1 1 0 -0 -0 1 0 
1 60.80436958724178 -45.150891580547928 0 0 0 1 1 0 -0 -0 1 0 
1 57.173204694480205 -26.789395797358821 0 0 0 1 1 0 -0 -0 1 0 
1 60.008813223535228 -38.009903738171204 0 0 0 1 1 0 -0 -0 1 0 
1 59.060264153151799 -38.254498042172663 0 0 0 1 1 0 -0 -0 1 0 
1 48.540274182120449 -37.008180477586741 0 0 0 1 1 0 -0 -0 1 0 
1 49.599811821712734 -27.621743670551417 0 0 0 1 1 0 -0 -0 1 0 
1 54.99134356053937 -27.767756871789235 0 0 0 1 1 0 -0 -0 1 0 
1 46.181298806625989 -42.99630541587085 0 0 0 1 1 0 -0 -0 1 0 
1 52.204726049928418 -27.349058474985121 0 0 0 1 1 0 -0 -0 1 0 
1 56.556705111024009 -44.364569725255642 0 0 0 1 1 0 -0 -0 1 0 
1 52.400954904152073 -45.814160500773866 0 0 0 1 1 0 -0 -0 1 0 
1 52.248562478470646 -50.28320679906205 0 0 0 1 1 0 -0 -0 1 0 
1 49.257323239738653 -43.866351241915666 0 0 0 1 1 0 -0 -0 1 0 
1 43.730334922109712 -48.302293944600535 0 0 0 1 1 0 -0 -0 1 0 
1 44.893613651177709 -44.139379840455895 0 0 0 1 1 0 -0 -0 1 0 
1 43.800525243484053 -24.730796375082456 0 0 0 1 1 0 -0 -0 1 0 
1 41.729133086650172 1.877116271527149 0 0 0 1 1 0 -0 -0 1 0 
1 41.561564376424016 -6.3014031499002989 0 0 0 1 1 0 -0 -0 1 0 
1 46.389778847991749 -7.0576048749903837 0 0 0 1 1 0 -0 -0 1 0 
1 42.900797610652056 2.4435682842697517 0 0 0 1 1 0 -0 -0 1 0 
1 35.519899869677218 -7.0577831241958169 0 0 0 1 1 0 -0 -0 1 0 
1 30.249998760876316 -8.3950782780144291 0 0 0 1 1 0 -0 -0 1 0 
1 40.149211501119431 -7.7840881250720688 0 0 0 1 1 0 -0 -0 1 0 
1 41.661986655734367 -16.042165996716552 0 0 0 1 1 0 -0 -0 1 0 
1 42.778038891926002 -16.60198860228693 0 0 0 1 1 0 -0 -0 1 0 
1 28.823535298693407 -14.772760744297877 0 0 0 1 1 0 -0 -0 1 0 
1 30.336453184287738 -16.931659591518162 0 0 0 1 1 0 -0 -0 1 0 
1 26.897750384096142 -15.760506164658899 0 0 0 1 1 0 -0 -0 1 0 
1 36.819717599557848 -17.136839234059558 0 0 0 1 1 0 -0 -0 1 0 
1 27.484197151237304 -5.6849519354754223 0 0 0 1 1 0 -0 -0 1 0 
1 45.63041683186092 -15.638987831860923 0 0 0 1 1 0 -0 -0 1 0 
1 23.624895500000004 -0.30297500000000005 0 0 0 1 1 0 -0 -0 1 0 
1 21.230622891901383 0.19365383913159748 0 0 0 1 1 0 -0 -0 1 0 
1 26.959757116376501 0.49874329166892423 0 0 0 1 1 0 -0 -0 1 0 
1 21.228599145113726 4.3837777069144375 0 0 0 1 1 0 -0 -0 1 0 
1 24.087136907183154 -13.55274249313335 0 0 0 1 1 0 -0 -0 1 0 
1 23.861194434057069 -7.1533476692730256 0 0 0 1 1 0 -0 -0 1 0 
1 10.539857553327019 -8.9650872438506024 0 0 0 1 1 0 -0 -0 1 0 
1 12.482292336396617 -2.0802860359362811 0 0 0 1 1 0 -0 -0 1 0 
1 22.064229839131595 -1.4751328391315972 0 0 0 1 1 0 -0 -0 1 0 
1 22.888610943458829 -21.386362591930506 0 0 0 1 1 0 -0 -0 1 0 
1 38.477926400057839 -23.179178539793128 0 0 0 1 1 0 -0 -0 1 0 
1 42.361547478634186 -27.673196315485431 0 0 0 1 1 0 -0 -0 1 0 
1 37.53125949999999 -24.735119000000008 0 0 0 1 1 0 -0 -0 1 0 
1 38.413318692951243 -26.432352832654718 0 0 0 1 1 0 -0 -0 1 0 
1 43.424623660051907 -41.198324674367498 0 0 0 1 1 0 -0 -0 1 0 
1 41.301595332506544 -45.429835398965146 0 0 0 1 1 0 -0 -0 1 0 
1 35.797398058396965 -28.128086746110892 0 0 0 1 1 0 -0 -0 1 0 
1 39.427462742611901 -38.565034970724277 0 0 0 1 1 0 -0 -0 1 0 
1 34.599807464129235 -23.489524869428578 0 0 0 1 1 0 -0 -0 1 0 
1 33.218044057930442 -26.563078056992687 0 0 0 1 1 0 -0 -0 1 0 
1 28.575671257792305 -24.719869146157386 0 0 0 1 1 0 -0 -0 1 0 
1 24.477545679787408 -32.977273909796587 0 0 0 1 1 0 -0 -0 1 0 
1 29.763471353866237 -30.744355048111977 0 0 0 1 1 0 -0 -0 1 0 
1 25.067897661061711 -25.621914705880751 0 0 0 1 1 0 -0 -0 1 0 
1 31.848273496795567 -37.265934260766706 0 0 0 1 1 0 -0 -0 1 0 
1 30.129725844351391 -46.319926757497868 0 0 0 1 1 0 -0 -0 1 0 
1 35.172177829924351 -38.956124301197697 0 0 0 1 1 0 -0 -0 1 0 
1 28.694964793564317 -41.751307449131367 0 0 0 1 1 0 -0 -0 1 0 
1 26.873691962854572 -34.151689169982468 0 0 0 1 1 0 -0 -0 1 0 
1 23.449075717027991 -41.62597498317848 0 0 0 1 1 0 -0 -0 1 0 
1 13.160188472364542 30.736208643842648 0 0 0 1 1 0 -0 -0 1 0 
1 7.0607875319135216 74.167700608314505 0 0 0 1 1 0 -0 -0 1 0 
1 7.7974125595434547 70.103205313301942 0 0 0 1 1 0 -0 -0 1 0 
1 4.5179590000000003 72.844608000000022 0 0 0 1 1 0 -0 -0 1 0 
1 9.9169847373113793 64.963802179872985 0 0 0 1 1 0 -0 -0 1 0 
1 2.8659169404565463 71.180415059543478 0 0 0 1 1 0 -0 -0 1 0 
1 12.98471736382476 65.513971708003524 0 0 0 1 1 0 -0 -0 1 0 
1 11.067240999999999 63.325790500000011 0 0 0 1 1 0 -0 -0 1 0 
1 6.0090210239945296 61.752425597893478 0 0 0 1 1 0 -0 -0 1 0 
1 3.9261504999999999 63.325790500000004 0 0 0 1 1 0 -0 -0 1 0 
1 2.1858730746481516 61.84249029503885 0 0 0 1 1 0 -0 -0 1 0 
1 6.5929899708842896 66.449549077340023 0 0 0 1 1 0 -0 -0 1 0 
1 7.1464502520907418 55.010709318907196 0 0 0 1 1 0 -0 -0 1 0 
1 13.993209870062328 65.400927958846694 0 0 0 1 1 0 -0 -0 1 0 
1 -2.3976008075263979 81.578385447115537 0 0 0 1 1 0 -0 -0 1 0 
1 -1.3618157122648789 75.840667375618793 0 0 0 1 1 0 -0 -0 1 0 
1 -3.6858711350068405 79.252628443117899 0 0 0 1 1 0 -0 -0 1 0 
1 -14.283795612247477 79.50301083766054 0 0 0 1 1 0 -0 -0 1 0 
1 -11.611841032541497 80.995495231141888 0 0 0 1 1 0 -0 -0 1 0 
1 -16.181031094984785 63.232797267260821 0 0 0 1 1 0 -0 -0 1 0 
1 -3.1342941394791093 69.312581787466513 0 0 0 1 1 0 -0 -0 1 0 
1 1.4038028700623293 65.400927958846694 0 0 0 1 1 0 -0 -0 1 0 
1 -8.3701818146647398 63.431557269223632 0 0 0 1 1 0 -0 -0 1 0 
1 9.2490062476969381 74.674547177227993 0 0 0 1 1 0 -0 -0 1 0 
1 -10.505406683949349 62.342900316039277 0 0 0 1 1 0 -0 -0 1 0 
1 2.5319093773596282 49.298113874457329 0 0 0 1 1 0 -0 -0 1 0 
1 7.7103127154410727 49.328172435213368 0 0 0 1 1 0 -0 -0 1 0 
1 -2.7584841082647786 59.841224278042553 0 0 0 1 1 0 -0 -0 1 0 
1 -1.9583643144099774 61.039257051949797 0 0 0 1 1 0 -0 -0 1 0 
1 -2.3520928370044394 56.331240268286969 0 0 0 1 1 0 -0 -0 1 0 
1 -2.7617376061052274 49.584232130414541 0 0 0 1 1 0 -0 -0 1 0 
1 5.9718912588925894 48.643541691544321 0 0 0 1 1 0 -0 -0 1 0 
1 7.7103130000000011 46.912200499999997 0 0 0 1 1 0 -0 -0 1 0 
1 9.4487341792442976 48.643541807660206 0 0 0 1 1 0 -0 -0 1 0 
1 0.81200370405693734 48.672946575082747 0 0 0 1 1 0 -0 -0 1 0 
1 2.4903149999999998 46.912200499999997 0 0 0 1 1 0 -0 -0 1 0 
1 -5.899656808538035 44.298752077820517 0 0 0 1 1 0 -0 -0 1 0 
1 4.2498547542163223 48.653129564855284 0 0 0 1 1 0 -0 -0 1 0 
1 -3.1814491860374665 47.50769824771173 0 0 0 1 1 0 -0 -0 1 0 
1 11.924250027997154 49.295545479798783 0 0 0 1 1 0 -0 -0 1 0 
1 -8.1546127686425685 58.546188523181755 0 0 0 1 1 0 -0 -0 1 0 
1 -10.045072110902137 59.449799609635775 0 0 0 1 1 0 -0 -0 1 0 
1 -9.5108759459113053 60.781476945911301 0 0 0 1 1 0 -0 -0 1 0 
1 -14.431120756318466 59.033368010263686 0 0 0 1 1 0 -0 -0 1 0 
1 -19.554792279432771 58.824000463720473 0 0 0 1 1 0 -0 -0 1 0 
1 -19.146945449238086 53.053349536544729 0 0 0 1 1 0 -0 -0 1 0 
1 -14.367208999999997 52.428650000000005 0 0 0 1 1 0 -0 -0 1 0 
1 -9.1139018293818719 53.112153638412899 0 0 0 1 1 0 -0 -0 1 0 
1 -5.9230940000000007 50.463472500000002 0 0 0 1 1 0 -0 -0 1 0 
1 -8.0031192945210758 49.319382851236213 0 0 0 1 1 0 -0 -0 1 0 
1 -3.6715805092755454 53.527263070313978 0 0 0 1 1 0 -0 -0 1 0 
1 -11.536067158058691 42.815322030132137 0 0 0 1 1 0 -0 -0 1 0 
1 -12.638177799857461 83.423668937041271 0 0 0 1 1 0 -0 -0 1 0 
1 -20.976596976929006 83.602760755472204 0 0 0 1 1 0 -0 -0 1 0 
1 -22.180731000000002 81.741920499999992 0 0 0 1 1 0 -0 -0 1 0 
1 -22.709336128337963 83.086372024849496 0 0 0 1 1 0 -0 -0 1 0 
1 -27.583578949446018 84.779951532499837 0 0 0 1 1 0 -0 -0 1 0 
1 -23.130525225128881 81.002891401736136 0 0 0 1 1 0 -0 -0 1 0 
1 -21.306113512189835 81.169167177991625 0 0 0 1 1 0 -0 -0 1 0 
1 -23.843072162651023 78.169711128208746 0 0 0 1 1 0 -0 -0 1 0 
1 -31.361785999999995 80.421566000000013 0 0 0 1 1 0 -0 -0 1 0 
1 -26.090886900591588 63.665694453474515 0 0 0 1 1 0 -0 -0 1 0 
1 -31.915877548084566 84.10488419091746 0 0 0 1 1 0 -0 -0 1 0 
1 -36.173537940476038 85.579213605431875 0 0 0 1 1 0 -0 -0 1 0 
1 -32.791085430348289 84.552979699593436 0 0 0 1 1 0 -0 -0 1 0 
1 -39.313711014252796 83.523756062215554 0 0 0 1 1 0 -0 -0 1 0 
1 -33.928109288145002 80.437173285771237 0 0 0 1 1 0 -0 -0 1 0 
1 -34.441343575500298 64.382910285799284 0 0 0 1 1 0 -0 -0 1 0 
1 -33.300571296750249 62.69819022183367 0 0 0 1 1 0 -0 -0 1 0 
1 -36.087605637938879 78.927144246134034 0 0 0 1 1 0 -0 -0 1 0 
1 -37.943172608842559 79.38789199001873 0 0 0 1 1 0 -0 -0 1 0 
1 -40.700433070631917 63.859788454267687 0 0 0 1 1 0 -0 -0 1 0 
1 -21.381820121137086 62.892837519073922 0 0 0 1 1 0 -0 -0 1 0 
1 -19.478614887405616 60.892630766646668 0 0 0 1 1 0 -0 -0 1 0 
1 -20.013091115275589 62.517365696970863 0 0 0 1 1 0 -0 -0 1 0 
1 -24.084495455190556 60.956589847933564 0 0 0 1 1 0 -0 -0 1 0 
1 -22.06214992561522 63.138402788743349 0 0 0 1 1 0 -0 -0 1 0 
1 -29.297755295800275 62.406505196030899 0 0 0 1 1 0 -0 -0 1 0 
1 -23.103886114475369 58.797208753772885 0 0 0 1 1 0 -0 -0 1 0 
1 -20.304025275623616 49.46485862022422 0 0 0 1 1 0 -0 -0 1 0 
1 -23.243407789500747 49.405382890849666 0 0 0 1 1 0 -0 -0 1 0 
1 -24.233765735273199 53.253675949905016 0 0 0 1 1 0 -0 -0 1 0 
1 -24.572915621739561 59.6191759627132 0 0 0 1 1 0 -0 -0 1 0 
1 -21.798395219860904 42.809265634250281 0 0 0 1 1 0 -0 -0 1 0 
1 -36.421124169365882 60.887523310497201 0 0 0 1 1 0 -0 -0 1 0 
1 -34.112326105494681 60.020772463936432 0 0 0 1 1 0 -0 -0 1 0 
1 -40.377821478726119 59.070873427464903 0 0 0 1 1 0 -0 -0 1 0 
1 -39.72480802748305 60.177814395625887 0 0 0 1 1 0 -0 -0 1 0 
1 -40.405644150513105 58.574741354528598 0 0 0 1 1 0 -0 -0 1 0 
1 -41.156794581934385 54.794290453543901 0 0 0 1 1 0 -0 -0 1 0 
1 -34.980951875300157 57.258572458431573 0 0 0 1 1 0 -0 -0 1 0 
1 -34.16138173407009 52.260244909808385 0 0 0 1 1 0 -0 -0 1 0 
1 -35.3329029532891 43.966734375349866 0 0 0 1 1 0 -0 -0 1 0 
1 -36.508569441388111 56.754577796874337 0 0 0 1 1 0 -0 -0 1 0 
1 -39.376217318814547 51.192537743884706 0 0 0 1 1 0 -0 -0 1 0 
1 -37.836156083203605 44.155421944880949 0 0 0 1 1 0 -0 -0 1 0 
1 -27.000328213013393 43.236577442011829 0 0 0 1 1 0 -0 -0 1 0 
1 -16.934970021385308 42.720928641549193 0 0 0 1 1 0 -0 -0 1 0 
1 9.0837863973838502 42.924322905927902 0 0 0 1 1 0 -0 -0 1 0 
1 12.877793613285032 37.301328386714957 0 0 0 1 1 0 -0 -0 1 0 
1 10.309512989102998 34.702677987529661 0 0 0 1 1 0 -0 -0 1 0 
1 2.6493162999027509 36.190582507141691 0 0 0 1 1 0 -0 -0 1 0 
1 1.7064967194692862 40.795140116181621 0 0 0 1 1 0 -0 -0 1 0 
1 6.3338265433941938 43.106698673977661 0 0 0 1 1 0 -0 -0 1 0 
1 10.314512346101761 30.27125348256536 0 0 0 1 1 0 -0 -0 1 0 
1 12.782548143779183 32.708780027873296 0 0 0 1 1 0 -0 -0 1 0 
1 1.0885438008524986 33.945353774496077 0 0 0 1 1 0 -0 -0 1 0 
1 1.3256534431559832 29.058687079801167 0 0 0 1 1 0 -0 -0 1 0 
1 -6.0195785000000006 35.008334999999995 0 0 0 1 1 0 -0 -0 1 0 
1 3.6447108713632788 20.827679758300167 0 0 0 1 1 0 -0 -0 1 0 
1 -8.0669755707941313 36.246465922353721 0 0 0 1 1 0 -0 -0 1 0 
1 -9.2348430022007548 32.357733482594909 0 0 0 1 1 0 -0 -0 1 0 
1 -13.493811220972001 26.215213617733991 0 0 0 1 1 0 -0 -0 1 0 
1 -8.7661670256585644 21.113463722770046 0 0 0 1 1 0 -0 -0 1 0 
1 -11.310852499999999 19.747296499999994 0 0 0 1 1 0 -0 -0 1 0 
1 -15.83047961690764 19.66698548287669 0 0 0 1 1 0 -0 -0 1 0 
1 -12.144912725699392 22.587325596686842 0 0 0 1 1 0 -0 -0 1 0 
1 -12.199335505091971 16.429074436377352 0 0 0 1 1 0 -0 -0 1 0 
1 -17.571557085442514 21.049953287755265 0 0 0 1 1 0 -0 -0 1 0 
1 -14.856587587856664 16.359668246774774 0 0 0 1 1 0 -0 -0 1 0 
1 0.83628220823669175 13.323500504626367 0 0 0 1 1 0 -0 -0 1 0 
1 6.0098549468481552 3.5347692690513615 0 0 0 1 1 0 -0 -0 1 0 
1 -1.3837430878815331 -6.8391264948591726 0 0 0 1 1 0 -0 -0 1 0 
1 -0.48211509807387304 8.9559997400429925 0 0 0 1 1 0 -0 -0 1 0 
1 -4.8683101153341077 0.92029126435314246 0 0 0 1 1 0 -0 -0 1 0 
1 0.06487710178458693 -21.199780978157186 0 0 0 1 1 0 -0 -0 1 0 
1 -2.9351060756996752 -37.468496674532204 0 0 0 1 1 0 -0 -0 1 0 
1 -3.3887374999999995 -13.507163499999999 0 0 0 1 1 0 -0 -0 1 0 
1 -3.0305756554132932 -21.972084826254143 0 0 0 1 1 0 -0 -0 1 0 
1 -4.165113149079458 -14.92181584161005 0 0 0 1 1 0 -0 -0 1 0 
1 -6.6138854660799549 15.879388084781588 0 0 0 1 1 0 -0 -0 1 0 
1 -9.3296758966329829 15.327021774781397 0 0 0 1 1 0 -0 -0 1 0 
1 -9.9479854659898468 11.966901571200022 0 0 0 1 1 0 -0 -0 1 0 
1 -17.382448800497794 -1.0289150210468758 0 0 0 1 1 0 -0 -0 1 0 
1 -11.877812430258038 -9.6112958378367335 0 0 0 1 1 0 -0 -0 1 0 
1 -17.22208200088502 14.566443385336909 0 0 0 1 1 0 -0 -0 1 0 
1 -10.795442042379417 -4.0272879792360099 0 0 0 1 1 0 -0 -0 1 0 
1 -6.8585010000000004 -31.193745499999999 0 0 0 1 1 0 -0 -0 1 0 
1 -3.9214896745321957 -30.261817325467803 0 0 0 1 1 0 -0 -0 1 0 
1 -6.9725955493433638 -15.709257680714225 0 0 0 1 1 0 -0 -0 1 0 
1 -15.631262670226111 -42.318389352334947 0 0 0 1 1 0 -0 -0 1 0 
1 -15.093788741902744 -15.702946027537628 0 0 0 1 1 0 -0 -0 1 0 
1 -9.7364789484735681 -8.4620869688539795 0 0 0 1 1 0 -0 -0 1 0 
1 -19.984588726527765 37.668873857317912 0 0 0 1 1 0 -0 -0 1 0 
1 -20.501022917178084 35.974583372433571 0 0 0 1 1 0 -0 -0 1 0 
1 -22.183272205264945 35.297093171229193 0 0 0 1 1 0 -0 -0 1 0 
1 -19.451307722355001 32.428455019908412 0 0 0 1 1 0 -0 -0 1 0 
1 -30.381815689750614 41.486596633426601 0 0 0 1 1 0 -0 -0 1 0 
1 -24.747561540629615 31.349850115427799 0 0 0 1 1 0 -0 -0 1 0 
1 -23.970888556606603 37.504919875391721 0 0 0 1 1 0 -0 -0 1 0 
1 -34.099587934454235 40.004361180814236 0 0 0 1 1 0 -0 -0 1 0 
1 -33.67583687535604 30.618672981585838 0 0 0 1 1 0 -0 -0 1 0 
1 -20.622866426243167 25.440587578762738 0 0 0 1 1 0 -0 -0 1 0 
1 -19.683691 23.861882000000005 0 0 0 1 1 0 -0 -0 1 0 
1 -20.362335146623206 22.414978018640873 0 0 0 1 1 0 -0 -0 1 0 
1 -25.54556392769911 20.399555641224588 0 0 0 1 1 0 -0 -0 1 0 
1 -23.397159561415574 27.750740832407722 0 0 0 1 1 0 -0 -0 1 0 
1 -29.974283358214393 21.09157455101359 0 0 0 1 1 0 -0 -0 1 0 
1 -36.663903527067284 30.767807320850093 0 0 0 1 1 0 -0 -0 1 0 
1 -34.636868107308331 26.503485009024818 0 0 0 1 1 0 -0 -0 1 0 
1 -39.582669386049325 35.417811144054589 0 0 0 1 1 0 -0 -0 1 0 
1 -39.118310134622192 42.377350778898574 0 0 0 1 1 0 -0 -0 1 0 
1 -40.412290792897082 28.79891588949037 0 0 0 1 1 0 -0 -0 1 0 
1 -41.160170944389414 32.133565529644265 0 0 0 1 1 0 -0 -0 1 0 
1 -36.793831122839954 42.937236722566396 0 0 0 1 1 0 -0 -0 1 0 
1 -36.751403653832959 26.171550007209344 0 0 0 1 1 0 -0 -0 1 0 
1 -36.95297963198292 23.066253776529081 0 0 0 1 1 0 -0 -0 1 0 
1 -39.906413308076132 26.968718415369022 0 0 0 1 1 0 -0 -0 1 0 
1 -35.29917242074103 23.758515417962034 0 0 0 1 1 0 -0 -0 1 0 
1 -41.26752069635522 23.896902179995912 0 0 0 1 1 0 -0 -0 1 0 
1 -40.427247970280746 28.15458983414393 0 0 0 1 1 0 -0 -0 1 0 
1 -19.597726207110291 16.260920341982722 0 0 0 1 1 0 -0 -0 1 0 
1 -15.259407940382106 7.1972400491949848 0 0 0 1 1 0 -0 -0 1 0 
1 -26.324237696985911 14.191410785900903 0 0 0 1 1 0 -0 -0 1 0 
1 -24.943785429481306 17.843057815438932 0 0 0 1 1 0 -0 -0 1 0 
1 -20.574012236264831 -1.9883173450467557 0 0 0 1 1 0 -0 -0 1 0 
1 -20.000613999999995 -3.5277549999999991 0 0 0 1 1 0 -0 -0 1 0 
1 -16.564012056589966 -9.7764964636141851 0 0 0 1 1 0 -0 -0 1 0 
1 -18.137940587726259 0.84286377261600332 0 0 0 1 1 0 -0 -0 1 0 
1 -21.887893835499046 -1.4826262630672344 0 0 0 1 1 0 -0 -0 1 0 
1 -23.863274354779879 -1.7838001431904187 0 0 0 1 1 0 -0 -0 1 0 
1 -31.331081499999996 16.860944000000003 0 0 0 1 1 0 -0 -0 1 0 
1 -34.853741096369511 19.442555843871865 0 0 0 1 1 0 -0 -0 1 0 
1 -40.320748783797548 20.328790969453568 0 0 0 1 1 0 -0 -0 1 0 
1 -40.391373727876221 20.751661146802448 0 0 0 1 1 0 -0 -0 1 0 
1 -38.403401859334082 18.805384360484496 0 0 0 1 1 0 -0 -0 1 0 
1 -24.790730499999995 -3.4663434999999994 0 0 0 1 1 0 -0 -0 1 0 
1 -23.198238720890512 -26.198204993827073 0 0 0 1 1 0 -0 -0 1 0 
1 -32.008396911842645 14.836143044725953 0 0 0 1 1 0 -0 -0 1 0 
1 -27.007832027636351 -0.75694131404796616 0 0 0 1 1 0 -0 -0 1 0 
1 -14.123146593371995 -9.9434528106249029 0 0 0 1 1 0 -0 -0 1 0 
1 13.667396731336442 60.299710517295829 0 0 0 1 1 0 -0 -0 1 0 
1 58.879574381956886 23.9610484113486 0 0 0 1 1 0 -0 -0 1 0 
1 -28.983979000939819 58.989454694178924 0 0 0 1 1 0 -0 -0 1 0 
1 -14.560742499999998 33.227394999999987 0 0 0 1 1 0 -0 -0 1 0 
Triangulations 0

TShapes 8009
Ve
1e-07
43.437717 34.70052 0
0 0

0101101
*
Ve
1e-07
43.130657 46.24593 0
0 0

0101101
*
Ve
1e-07
45.034424 34.70052 0
0 0

0101101
*
Ve
1e-07
45.034424 40.473225 0
0 0

0101101
*
Ve
1e-07
45.034424 46.24593 0
0 0

0101101
*
Ve
1e-07
43.233013 42.397461 0
0 0

0101101
*
Ve
1e-07
43.335365 38.548992 0
0 0

0101101
*
Ve
1e-07
37.434654 51.872501 0
0 0

0101101
*
Ve
1e-07
43.130657 76.706154 0
0 0

0101101
*
Ve
1e-07
37.434654 60.838615 0
0 0

0101101
*
Ve
1e-07
40.282658 49.059216 0
0 0

0101101
*
Ve
1e-07
40.282658 68.772385 0
0 0

0101101
*
Ve
1e-07
33.151249 29.72617 0
0 0

0101101
*
Ve
1e-07
28.95944 37.770145 0
0 0

0101101
*
Ve
1e-07
37.21978 29.72617 0
0 0

0101101
*
Ve
1e-07
41.288307 29.72617 0
0 0

0101101
*
Ve
1e-07
38.611626 35.723728 0
0 0

0101101
*
Ve
1e-07
33.785534 36.746937 0
0 0

0101101
*
Ve
1e-07
30.35671 35.088821 0
0 0

0101101
*
Ve
1e-07
31.753981 32.407494 0
0 0

0101101
*
Ve
1e-07
40.797012 26.594172 0
0 0

0101101
*
Ve
1e-07
38.524776 26.348524 0
0 0

0101101
*
Ve
1e-07
41.288307 29.296288 0
0 0

0101101
*
Ve
1e-07
38.524776 29.296288 0
0 0

0101101
*
Ve
1e-07
41.04266 27.945229 0
0 0

0101101
*
Ve
1e-07
39.282188 26.430407 0
0 0

0101101
*
Ve
1e-07
40.0396 26.512289 0
0 0

0101101
*
Ve
1e-07
39.906544 29.296288 0
0 0

0101101
*
Ve
1e-07
38.524776 27.822407 0
0 0

0101101
*
Ve
1e-07
39.783718 27.883818 0
0 0

0101101
*
Ve
1e-07
43.437717 26.594172 0
0 0

0101101
*
Ve
1e-07
42.36301 27.945229 0
0 0

0101101
*
Ve
1e-07
37.434654 46.775326 0
0 0

0101101
*
Ve
1e-07
40.282658 46.510628 0
0 0

0101101
*
Ve
1e-07
34.609585 43.773598 0
0 0

0101101
*
Ve
1e-07
31.784512 40.771873 0
0 0

0101101
*
Ve
1e-07
37.434654 62.773083 0
0 0

0101101
*
Ve
1e-07
37.434654 72.998138 0
0 0

0101101
*
Ve
1e-07
37.434654 64.707558 0
0 0

0101101
*
Ve
1e-07
37.434654 63.740318 0
0 0

0101101
*
Ve
1e-07
37.434654 61.805851 0
0 0

0101101
*
Ve
1e-07
37.434654 68.852844 0
0 0

0101101
*
Ve
1e-07
38.858654 68.812614 0
0 0

0101101
*
Ve
1e-07
38.146656 68.832733 0
0 0

0101101
*
Ve
1e-07
37.434654 66.780197 0
0 0

0101101
*
Ve
1e-07
37.790653 66.286522 0
0 0

0101101
*
Ve
1e-07
37.790653 68.842789 0
0 0

0101101
*
Ve
1e-07
37.612656 66.533363 0
0 0

0101101
*
Ve
1e-07
38.146656 65.792847 0
0 0

0101101
*
Ve
1e-07
38.502655 68.82267 0
0 0

0101101
*
Ve
1e-07
37.968655 66.039688 0
0 0

0101101
*
Ve
1e-07
39.570656 68.792503 0
0 0

0101101
*
Ve
1e-07
38.502655 65.299171 0
0 0

0101101
*
Ve
1e-07
39.214657 68.802559 0
0 0

0101101
*
Ve
1e-07
38.324654 65.546013 0
0 0

0101101
*
Ve
1e-07
39.926655 68.78244 0
0 0

0101101
*
Ve
1e-07
38.680656 65.052338 0
0 0

0101101
*
Ve
1e-07
19.011131 72.998138 0
0 0

0101101
*
Ve
1e-07
-0.471679 76.706154 0
0 0

0101101
*
Ve
1e-07
21.329491 76.706154 0
0 0

0101101
*
Ve
1e-07
6.022591 75.470146 0
0 0

0101101
*
Ve
1e-07
12.516861 74.234146 0
0 0

0101101
*
Ve
1e-07
51.206303 25.857229 0
0 0

0101101
*
Ve
1e-07
43.836895 17.566645 0
0 0

0101101
*
Ve
1e-07
51.206303 28.620758 0
0 0

0101101
*
Ve
1e-07
43.836895 28.620758 0
0 0

0101101
*
Ve
1e-07
47.521599 21.711937 0
0 0

0101101
*
Ve
1e-07
65.331001 25.857229 0
0 0

0101101
*
Ve
1e-07
65.331001 21.558409 0
0 0

0101101
*
Ve
1e-07
55.25948 21.558409 0
0 0

0101101
*
Ve
1e-07
42.117367 26.594172 0
0 0

0101101
*
Ve
1e-07
39.660896 26.348524 0
0 0

0101101
*
Ve
1e-07
40.797012 26.348524 0
0 0

0101101
*
Ve
1e-07
33.458309 27.822407 0
0 0

0101101
*
Ve
1e-07
33.458309 29.296288 0
0 0

0101101
*
Ve
1e-07
38.156307 23.339348 0
0 0

0101101
*
Ve
1e-07
38.156307 29.296288 0
0 0

0101101
*
Ve
1e-07
35.807308 25.580877 0
0 0

0101101
*
Ve
1e-07
37.127594 60.838615 0
0 0

0101101
*
Ve
1e-07
37.127594 64.707558 0
0 0

0101101
*
Ve
1e-07
37.127594 63.740318 0
0 0

0101101
*
Ve
1e-07
37.127594 62.773083 0
0 0

0101101
*
Ve
1e-07
37.127594 61.805851 0
0 0

0101101
*
Ve
1e-07
32.644539 60.04026 0
0 0

0101101
*
Ve
1e-07
37.127594 72.691078 0
0 0

0101101
*
Ve
1e-07
34.886066 72.691078 0
0 0

0101101
*
Ve
1e-07
32.644539 72.691078 0
0 0

0101101
*
Ve
1e-07
34.886066 62.373909 0
0 0

0101101
*
Ve
1e-07
37.127594 51.872501 0
0 0

0101101
*
Ve
1e-07
37.434654 48.003559 0
0 0

0101101
*
Ve
1e-07
40.282658 47.124744 0
0 0

0101101
*
Ve
1e-07
37.189007 51.098713 0
0 0

0101101
*
Ve
1e-07
37.25042 50.324924 0
0 0

0101101
*
Ve
1e-07
37.311832 49.551136 0
0 0

0101101
*
Ve
1e-07
37.373241 48.777348 0
0 0

0101101
*
Ve
1e-07
37.281124 51.872501 0
0 0

0101101
*
Ve
1e-07
37.127594 60.04026 0
0 0

0101101
*
Ve
1e-07
37.127594 60.439438 0
0 0

0101101
*
Ve
1e-07
32.644539 47.020973 0
0 0

0101101
*
Ve
1e-07
37.127594 59.610378 0
0 0

0101101
*
Ve
1e-07
32.644539 59.610378 0
0 0

0101101
*
Ve
1e-07
34.886066 49.446735 0
0 0

0101101
*
Ve
1e-07
37.127594 48.003559 0
0 0

0101101
*
Ve
1e-07
37.127594 50.905266 0
0 0

0101101
*
Ve
1e-07
37.127594 49.93803 0
0 0

0101101
*
Ve
1e-07
37.127594 48.970795 0
0 0

0101101
*
Ve
1e-07
37.127594 47.020973 0
0 0

0101101
*
Ve
1e-07
34.886066 47.020973 0
0 0

0101101
*
Ve
1e-07
37.127594 47.512264 0
0 0

0101101
*
Ve
1e-07
36.006832 48.4795 0
0 0

0101101
*
Ve
1e-07
33.458309 24.567583 0
0 0

0101101
*
Ve
1e-07
33.151249 27.822407 0
0 0

0101101
*
Ve
1e-07
35.807308 23.953466 0
0 0

0101101
*
Ve
1e-07
33.304779 26.194994 0
0 0

0101101
*
Ve
1e-07
33.304779 24.567583 0
0 0

0101101
*
Ve
1e-07
25.841957 27.243069 0
0 0

0101101
*
Ve
1e-07
33.151249 24.567583 0
0 0

0101101
*
Ve
1e-07
30.714819 27.629293 0
0 0

0101101
*
Ve
1e-07
28.278389 27.43618 0
0 0

0101101
*
Ve
1e-07
28.278389 26.35124 0
0 0

0101101
*
Ve
1e-07
30.714819 25.459412 0
0 0

0101101
*
Ve
1e-07
31.400692 26.050159 0
0 0

0101101
*
Ve
1e-07
33.458309 23.339348 0
0 0

0101101
*
Ve
1e-07
33.151249 21.681231 0
0 0

0101101
*
Ve
1e-07
25.841957 13.425426 0
0 0

0101101
*
Ve
1e-07
28.278389 16.177361 0
0 0

0101101
*
Ve
1e-07
30.714819 18.929296 0
0 0

0101101
*
Ve
1e-07
28.95944 32.611561 0
0 0

0101101
*
Ve
1e-07
30.35671 31.015175 0
0 0

0101101
*
Ve
1e-07
31.753981 29.418791 0
0 0

0101101
*
Ve
1e-07
65.331001 21.251348 0
0 0

0101101
*
Ve
1e-07
65.331001 6.646283 0
0 0

0101101
*
Ve
1e-07
55.566536 21.251348 0
0 0

0101101
*
Ve
1e-07
55.566536 11.118411 0
0 0

0101101
*
Ve
1e-07
60.448772 8.882347 0
0 0

0101101
*
Ve
1e-07
48.504189 17.566645 0
0 0

0101101
*
Ve
1e-07
48.504189 11.364058 0
0 0

0101101
*
Ve
1e-07
55.25948 11.118411 0
0 0

0101101
*
Ve
1e-07
51.881832 19.562527 0
0 0

0101101
*
Ve
1e-07
51.881832 11.241235 0
0 0

0101101
*
Ve
1e-07
44.205364 11.732529 0
0 0

0101101
*
Ve
1e-07
48.197128 11.732529 0
0 0

0101101
*
Ve
1e-07
48.197128 17.07535 0
0 0

0101101
*
Ve
1e-07
45.331245 11.732529 0
0 0

0101101
*
Ve
1e-07
46.45713 11.732529 0
0 0

0101101
*
Ve
1e-07
46.201248 14.403939 0
0 0

0101101
*
Ve
1e-07
44.205364 11.364058 0
0 0

0101101
*
Ve
1e-07
47.583012 11.364058 0
0 0

0101101
*
Ve
1e-07
47.583012 11.732529 0
0 0

0101101
*
Ve
1e-07
45.331245 11.364058 0
0 0

0101101
*
Ve
1e-07
46.45713 11.364058 0
0 0

0101101
*
Ve
1e-07
55.25948 7.341589 0
0 0

0101101
*
Ve
1e-07
55.566536 7.341589 0
0 0

0101101
*
Ve
1e-07
55.566536 8.285794 0
0 0

0101101
*
Ve
1e-07
55.566536 9.23 0
0 0

0101101
*
Ve
1e-07
55.566536 10.174206 0
0 0

0101101
*
Ve
1e-07
55.25948 10.174206 0
0 0

0101101
*
Ve
1e-07
55.25948 9.23 0
0 0

0101101
*
Ve
1e-07
55.25948 8.285794 0
0 0

0101101
*
Ve
1e-07
55.566536 6.646283 0
0 0

0101101
*
Ve
1e-07
60.448772 6.646283 0
0 0

0101101
*
Ve
1e-07
55.566536 6.993936 0
0 0

0101101
*
Ve
1e-07
58.007652 7.938141 0
0 0

0101101
*
Ve
1e-07
59.228214 8.410244 0
0 0

0101101
*
Ve
1e-07
56.787094 8.584071 0
0 0

0101101
*
Ve
1e-07
57.397373 9.292225 0
0 0

0101101
*
Ve
1e-07
55.25948 6.646283 0
0 0

0101101
*
Ve
1e-07
51.881832 9.005171 0
0 0

0101101
*
Ve
1e-07
55.25948 6.993936 0
0 0

0101101
*
Ve
1e-07
49.732422 9.005171 0
0 0

0101101
*
Ve
1e-07
48.043598 11.364058 0
0 0

0101101
*
Ve
1e-07
54.573017 6.339224 0
0 0

0101101
*
Ve
1e-07
64.644547 5.295224 0
0 0

0101101
*
Ve
1e-07
54.573017 -1.21442 0
0 0

0101101
*
Ve
1e-07
61.573959 -1.21442 0
0 0

0101101
*
Ve
1e-07
61.287369 5.643224 0
0 0

0101101
*
Ve
1e-07
57.930195 5.991224 0
0 0

0101101
*
Ve
1e-07
61.957783 -0.400715 0
0 0

0101101
*
Ve
1e-07
62.341606 0.412991 0
0 0

0101101
*
Ve
1e-07
62.72543 1.226696 0
0 0

0101101
*
Ve
1e-07
63.109253 2.040402 0
0 0

0101101
*
Ve
1e-07
63.493076 2.854108 0
0 0

0101101
*
Ve
1e-07
63.8769 3.667813 0
0 0

0101101
*
Ve
1e-07
64.260719 4.481519 0
0 0

0101101
*
Ve
1e-07
58.073486 -1.21442 0
0 0

0101101
*
Ve
1e-07
54.573017 2.562402 0
0 0

0101101
*
Ve
1e-07
58.841133 2.301402 0
0 0

0101101
*
Ve
1e-07
59.823723 -1.21442 0
0 0

0101101
*
Ve
1e-07
60.975193 2.170902 0
0 0

0101101
*
Ve
1e-07
58.45731 0.543491 0
0 0

0101101
*
Ve
1e-07
60.39946 0.478241 0
0 0

0101101
*
Ve
1e-07
59.224957 4.059313 0
0 0

0101101
*
Ve
1e-07
61.55093 3.863563 0
0 0

0101101
*
Ve
1e-07
33.396896 21.681231 0
0 0

0101101
*
Ve
1e-07
38.156307 22.970879 0
0 0

0101101
*
Ve
1e-07
33.458309 18.426409 0
0 0

0101101
*
Ve
1e-07
38.156307 17.566645 0
0 0

0101101
*
Ve
1e-07
33.41737 20.596291 0
0 0

0101101
*
Ve
1e-07
33.43784 19.511351 0
0 0

0101101
*
Ve
1e-07
35.807308 17.996527 0
0 0

0101101
*
Ve
1e-07
38.156307 20.268761 0
0 0

0101101
*
Ve
1e-07
36.569839 22.540997 0
0 0

0101101
*
Ve
1e-07
34.983368 22.111115 0
0 0

0101101
*
Ve
1e-07
33.458309 17.566645 0
0 0

0101101
*
Ve
1e-07
33.396896 22.970879 0
0 0

0101101
*
Ve
1e-07
36.569839 22.970879 0
0 0

0101101
*
Ve
1e-07
34.983368 22.970879 0
0 0

0101101
*
Ve
1e-07
29.496605 15.3118 0
0 0

0101101
*
Ve
1e-07
33.151249 17.198174 0
0 0

0101101
*
Ve
1e-07
33.151249 17.812292 0
0 0

0101101
*
Ve
1e-07
33.151249 20.596291 0
0 0

0101101
*
Ve
1e-07
35.791954 17.198174 0
0 0

0101101
*
Ve
1e-07
35.791954 14.281116 0
0 0

0101101
*
Ve
1e-07
35.791954 11.364058 0
0 0

0101101
*
Ve
1e-07
29.158623 12.738303 0
0 0

0101101
*
Ve
1e-07
32.475288 12.051181 0
0 0

0101101
*
Ve
1e-07
33.151249 18.426409 0
0 0

0101101
*
Ve
1e-07
33.151249 19.511351 0
0 0

0101101
*
Ve
1e-07
36.099014 11.732529 0
0 0

0101101
*
Ve
1e-07
36.099014 17.07535 0
0 0

0101101
*
Ve
1e-07
31.850674 6.646283 0
0 0

0101101
*
Ve
1e-07
33.821316 9.005171 0
0 0

0101101
*
Ve
1e-07
39.998661 11.364058 0
0 0

0101101
*
Ve
1e-07
43.555077 6.646283 0
0 0

0101101
*
Ve
1e-07
43.027611 6.339224 0
0 0

0101101
*
Ve
1e-07
39.281494 -1.21442 0
0 0

0101101
*
Ve
1e-07
38.022552 6.339224 0
0 0

0101101
*
Ve
1e-07
36.149494 2.193931 0
0 0

0101101
*
Ve
1e-07
33.017498 6.339224 0
0 0

0101101
*
Ve
1e-07
33.017498 5.602283 0
0 0

0101101
*
Ve
1e-07
41.154552 2.562402 0
0 0

0101101
*
Ve
1e-07
50.335609 -1.21442 0
0 0

0101101
*
Ve
1e-07
43.334671 -1.21442 0
0 0

0101101
*
Ve
1e-07
52.270077 2.562402 0
0 0

0101101
*
Ve
1e-07
43.334671 2.562402 0
0 0

0101101
*
Ve
1e-07
54.204548 6.339224 0
0 0

0101101
*
Ve
1e-07
43.334671 6.339224 0
0 0

0101101
*
Ve
1e-07
32.214657 72.691078 0
0 0

0101101
*
Ve
1e-07
32.214657 46.775326 0
0 0

0101101
*
Ve
1e-07
27.915834 63.479321 0
0 0

0101101
*
Ve
1e-07
27.915834 63.17226 0
0 0

0101101
*
Ve
1e-07
30.781715 69.620491 0
0 0

0101101
*
Ve
1e-07
29.348774 66.549904 0
0 0

0101101
*
Ve
1e-07
32.214657 59.733204 0
0 0

0101101
*
Ve
1e-07
29.348774 57.706615 0
0 0

0101101
*
Ve
1e-07
30.781715 52.240971 0
0 0

0101101
*
Ve
1e-07
26.380541 63.479321 0
0 0

0101101
*
Ve
1e-07
26.380541 68.085197 0
0 0

0101101
*
Ve
1e-07
26.380541 72.691078 0
0 0

0101101
*
Ve
1e-07
22.406639 63.479321 0
0 0

0101101
*
Ve
1e-07
26.01207 63.479321 0
0 0

0101101
*
Ve
1e-07
26.01207 67.962379 0
0 0

0101101
*
Ve
1e-07
23.30139 63.479321 0
0 0

0101101
*
Ve
1e-07
24.196142 63.479321 0
0 0

0101101
*
Ve
1e-07
24.209354 65.720848 0
0 0

0101101
*
Ve
1e-07
25.090893 63.17226 0
0 0

0101101
*
Ve
1e-07
22.406639 63.17226 0
0 0

0101101
*
Ve
1e-07
25.090893 63.479321 0
0 0

0101101
*
Ve
1e-07
23.30139 63.17226 0
0 0

0101101
*
Ve
1e-07
24.196142 63.17226 0
0 0

0101101
*
Ve
1e-07
19.011131 72.691078 0
0 0

0101101
*
Ve
1e-07
26.073481 72.691078 0
0 0

0101101
*
Ve
1e-07
13.545485 68.269432 0
0 0

0101101
*
Ve
1e-07
26.073481 68.269432 0
0 0

0101101
*
Ve
1e-07
16.278309 70.480255 0
0 0

0101101
*
Ve
1e-07
27.357592 52.56208 0
0 0

0101101
*
Ve
1e-07
27.357592 55.939728 0
0 0

0101101
*
Ve
1e-07
27.357592 59.317371 0
0 0

0101101
*
Ve
1e-07
29.786123 49.668701 0
0 0

0101101
*
Ve
1e-07
24.882114 61.244816 0
0 0

0101101
*
Ve
1e-07
26.503365 63.17226 0
0 0

0101101
*
Ve
1e-07
25.822298 52.869141 0
0 0

0101101
*
Ve
1e-07
20.909359 59.010315 0
0 0

0101101
*
Ve
1e-07
27.050533 52.869141 0
0 0

0101101
*
Ve
1e-07
27.050533 55.939728 0
0 0

0101101
*
Ve
1e-07
27.050533 59.010315 0
0 0

0101101
*
Ve
1e-07
22.547005 56.963257 0
0 0

0101101
*
Ve
1e-07
24.18465 54.916199 0
0 0

0101101
*
Ve
1e-07
22.014769 52.869141 0
0 0

0101101
*
Ve
1e-07
25.822298 52.56208 0
0 0

0101101
*
Ve
1e-07
25.822298 52.715611 0
0 0

0101101
*
Ve
1e-07
21.277828 56.963257 0
0 0

0101101
*
Ve
1e-07
21.646299 54.916199 0
0 0

0101101
*
Ve
1e-07
23.918533 52.715611 0
0 0

0101101
*
Ve
1e-07
26.589945 52.56208 0
0 0

0101101
*
Ve
1e-07
30.044512 40.771873 0
0 0

0101101
*
Ve
1e-07
31.129583 43.773598 0
0 0

0101101
*
Ve
1e-07
27.390869 45.166115 0
0 0

0101101
*
Ve
1e-07
17.950336 63.479321 0
0 0

0101101
*
Ve
1e-07
23.324825 66.468025 0
0 0

0101101
*
Ve
1e-07
20.637581 64.973671 0
0 0

0101101
*
Ve
1e-07
20.178488 63.479321 0
0 0

0101101
*
Ve
1e-07
15.203603 72.691078 0
0 0

0101101
*
Ve
1e-07
15.203603 72.998138 0
0 0

0101101
*
Ve
1e-07
18.059248 72.998138 0
0 0

0101101
*
Ve
1e-07
17.107367 72.998138 0
0 0

0101101
*
Ve
1e-07
16.155485 72.998138 0
0 0

0101101
*
Ve
1e-07
16.155485 72.691078 0
0 0

0101101
*
Ve
1e-07
17.107367 72.691078 0
0 0

0101101
*
Ve
1e-07
18.059248 72.691078 0
0 0

0101101
*
Ve
1e-07
13.545485 67.962379 0
0 0

0101101
*
Ve
1e-07
14.313132 65.720848 0
0 0

0101101
*
Ve
1e-07
15.080779 63.479321 0
0 0

0101101
*
Ve
1e-07
16.037298 63.479321 0
0 0

0101101
*
Ve
1e-07
16.993818 63.479321 0
0 0

0101101
*
Ve
1e-07
15.080779 63.17226 0
0 0

0101101
*
Ve
1e-07
17.950336 63.17226 0
0 0

0101101
*
Ve
1e-07
16.037298 63.17226 0
0 0

0101101
*
Ve
1e-07
16.993818 63.17226 0
0 0

0101101
*
Ve
1e-07
12.317251 63.17226 0
0 0

0101101
*
Ve
1e-07
24.22184 60.602337 0
0 0

0101101
*
Ve
1e-07
21.086088 61.887299 0
0 0

0101101
*
Ve
1e-07
19.837421 61.244816 0
0 0

0101101
*
Ve
1e-07
13.699015 63.17226 0
0 0

0101101
*
Ve
1e-07
13.545485 72.691078 0
0 0

0101101
*
Ve
1e-07
14.374544 72.691078 0
0 0

0101101
*
Ve
1e-07
13.545485 70.480255 0
0 0

0101101
*
Ve
1e-07
15.326427 71.58567 0
0 0

0101101
*
Ve
1e-07
20.909359 52.869141 0
0 0

0101101
*
Ve
1e-07
19.343359 52.869141 0
0 0

0101101
*
Ve
1e-07
14.614655 59.010315 0
0 0

0101101
*
Ve
1e-07
20.602299 52.869141 0
0 0

0101101
*
Ve
1e-07
20.602299 59.010315 0
0 0

0101101
*
Ve
1e-07
16.979006 55.939728 0
0 0

0101101
*
Ve
1e-07
22.014769 52.56208 0
0 0

0101101
*
Ve
1e-07
24.32966 47.631435 0
0 0

0101101
*
Ve
1e-07
26.64455 42.70079 0
0 0

0101101
*
Ve
1e-07
14.614655 52.869141 0
0 0

0101101
*
Ve
1e-07
14.614655 55.939728 0
0 0

0101101
*
Ve
1e-07
16.57983 52.869141 0
0 0

0101101
*
Ve
1e-07
17.501007 52.869141 0
0 0

0101101
*
Ve
1e-07
18.422182 52.869141 0
0 0

0101101
*
Ve
1e-07
14.614655 57.475021 0
0 0

0101101
*
Ve
1e-07
16.057831 54.404434 0
0 0

0101101
*
Ve
1e-07
16.518419 55.172081 0
0 0

0101101
*
Ve
1e-07
19.343359 52.56208 0
0 0

0101101
*
Ve
1e-07
15.658654 52.56208 0
0 0

0101101
*
Ve
1e-07
15.658654 52.869141 0
0 0

0101101
*
Ve
1e-07
16.57983 52.56208 0
0 0

0101101
*
Ve
1e-07
17.501007 52.56208 0
0 0

0101101
*
Ve
1e-07
18.422182 52.56208 0
0 0

0101101
*
Ve
1e-07
14.614655 50.719727 0
0 0

0101101
*
Ve
1e-07
16.979006 51.640903 0
0 0

0101101
*
Ve
1e-07
20.679064 52.56208 0
0 0

0101101
*
Ve
1e-07
19.39625 46.403202 0
0 0

0101101
*
Ve
1e-07
24.177845 42.086674 0
0 0

0101101
*
Ve
1e-07
34.824654 46.775326 0
0 0

0101101
*
Ve
1e-07
27.301323 32.611561 0
0 0

0101101
*
Ve
1e-07
28.130383 32.611561 0
0 0

0101101
*
Ve
1e-07
26.814869 30.822063 0
0 0

0101101
*
Ve
1e-07
26.328413 29.032566 0
0 0

0101101
*
Ve
1e-07
23.985088 32.98003 0
0 0

0101101
*
Ve
1e-07
28.652382 32.98003 0
0 0

0101101
*
Ve
1e-07
28.652382 35.221558 0
0 0

0101101
*
Ve
1e-07
28.652382 37.463089 0
0 0

0101101
*
Ve
1e-07
25.0905 32.98003 0
0 0

0101101
*
Ve
1e-07
26.195911 32.98003 0
0 0

0101101
*
Ve
1e-07
28.652382 36.342323 0
0 0

0101101
*
Ve
1e-07
26.318735 35.221558 0
0 0

0101101
*
Ve
1e-07
27.147795 34.100796 0
0 0

0101101
*
Ve
1e-07
26.733265 34.661175 0
0 0

0101101
*
Ve
1e-07
22.572618 32.98003 0
0 0

0101101
*
Ve
1e-07
22.572618 37.463089 0
0 0

0101101
*
Ve
1e-07
23.985088 32.611561 0
0 0

0101101
*
Ve
1e-07
27.301323 32.98003 0
0 0

0101101
*
Ve
1e-07
25.0905 32.611561 0
0 0

0101101
*
Ve
1e-07
26.195911 32.611561 0
0 0

0101101
*
Ve
1e-07
23.286112 29.927315 0
0 0

0101101
*
Ve
1e-07
20.730267 32.611561 0
0 0

0101101
*
Ve
1e-07
23.870543 4.118671 0
0 0

0101101
*
Ve
1e-07
23.870543 5.653965 0
0 0

0101101
*
Ve
1e-07
27.860607 1.360008 0
0 0

0101101
*
Ve
1e-07
31.850674 -1.398656 0
0 0

0101101
*
Ve
1e-07
29.19063 6.31551 0
0 0

0101101
*
Ve
1e-07
26.530586 5.984737 0
0 0

0101101
*
Ve
1e-07
23.870543 5.1422 0
0 0

0101101
*
Ve
1e-07
23.870543 4.630435 0
0 0

0101101
*
Ve
1e-07
25.865574 4.320692 0
0 0

0101101
*
Ve
1e-07
25.865574 5.111368 0
0 0

0101101
*
Ve
1e-07
24.868057 4.603505 0
0 0

0101101
*
Ve
1e-07
24.868057 5.190754 0
0 0

0101101
*
Ve
1e-07
23.870543 7.434905 0
0 0

0101101
*
Ve
1e-07
24.856249 10.430165 0
0 0

0101101
*
Ve
1e-07
26.530586 7.172031 0
0 0

0101101
*
Ve
1e-07
29.19063 6.909157 0
0 0

0101101
*
Ve
1e-07
23.486776 5.653965 0
0 0

0101101
*
Ve
1e-07
23.379248 4.118671 0
0 0

0101101
*
Ve
1e-07
23.486776 6.990504 0
0 0

0101101
*
Ve
1e-07
21.652071 6.990504 0
0 0

0101101
*
Ve
1e-07
19.817366 6.990504 0
0 0

0101101
*
Ve
1e-07
23.415091 4.630435 0
0 0

0101101
*
Ve
1e-07
23.450933 5.1422 0
0 0

0101101
*
Ve
1e-07
20.734718 6.990504 0
0 0

0101101
*
Ve
1e-07
22.542542 5.938411 0
0 0

0101101
*
Ve
1e-07
22.070425 5.7465 0
0 0

0101101
*
Ve
1e-07
21.598307 5.554588 0
0 0

0101101
*
Ve
1e-07
19.448896 7.434905 0
0 0

0101101
*
Ve
1e-07
14.81543 10.430165 0
0 0

0101101
*
Ve
1e-07
10.181963 13.425426 0
0 0

0101101
*
Ve
1e-07
20.730267 32.98003 0
0 0

0101101
*
Ve
1e-07
16.185799 37.463089 0
0 0

0101101
*
Ve
1e-07
22.26556 32.98003 0
0 0

0101101
*
Ve
1e-07
22.26556 37.463089 0
0 0

0101101
*
Ve
1e-07
18.458033 35.221558 0
0 0

0101101
*
Ve
1e-07
16.185799 32.98003 0
0 0

0101101
*
Ve
1e-07
18.560385 32.98003 0
0 0

0101101
*
Ve
1e-07
19.645327 32.98003 0
0 0

0101101
*
Ve
1e-07
9.614741 37.770145 0
0 0

0101101
*
Ve
1e-07
10.438656 46.666553 0
0 0

0101101
*
Ve
1e-07
12.526655 48.693142 0
0 0

0101101
*
Ve
1e-07
10.164018 43.701084 0
0 0

0101101
*
Ve
1e-07
9.88938 40.735615 0
0 0

0101101
*
Ve
1e-07
19.28709 37.770145 0
0 0

0101101
*
Ve
1e-07
14.614655 52.56208 0
0 0

0101101
*
Ve
1e-07
15.878739 37.463089 0
0 0

0101101
*
Ve
1e-07
15.878739 35.221558 0
0 0

0101101
*
Ve
1e-07
15.878739 32.98003 0
0 0

0101101
*
Ve
1e-07
10.167447 36.848969 0
0 0

0101101
*
Ve
1e-07
14.52768 32.98003 0
0 0

0101101
*
Ve
1e-07
13.023093 37.156029 0
0 0

0101101
*
Ve
1e-07
12.347564 34.914501 0
0 0

0101101
*
Ve
1e-07
17.475445 32.611561 0
0 0

0101101
*
Ve
1e-07
10.181963 27.243069 0
0 0

0101101
*
Ve
1e-07
19.645327 32.611561 0
0 0

0101101
*
Ve
1e-07
18.560385 32.611561 0
0 0

0101101
*
Ve
1e-07
15.044284 30.822063 0
0 0

0101101
*
Ve
1e-07
12.613123 29.032566 0
0 0

0101101
*
Ve
1e-07
5.078548 6.820787 0
0 0

0101101
*
Ve
1e-07
19.448896 6.820787 0
0 0

0101101
*
Ve
1e-07
11.211447 32.98003 0
0 0

0101101
*
Ve
1e-07
14.52768 32.611561 0
0 0

0101101
*
Ve
1e-07
10.689446 34.914501 0
0 0

0101101
*
Ve
1e-07
12.869563 32.795795 0
0 0

0101101
*
Ve
1e-07
17.475445 32.98003 0
0 0

0101101
*
Ve
1e-07
19.448896 -1.469798 0
0 0

0101101
*
Ve
1e-07
19.448896 6.513729 0
0 0

0101101
*
Ve
1e-07
5.078548 6.513729 0
0 0

0101101
*
Ve
1e-07
12.263722 2.521966 0
0 0

0101101
*
Ve
1e-07
32.219143 5.602283 0
0 0

0101101
*
Ve
1e-07
32.219143 -1.21442 0
0 0

0101101
*
Ve
1e-07
65.135841 -12.82124 0
0 0

0101101
*
Ve
1e-07
64.460312 -12.82124 0
0 0

0101101
*
Ve
1e-07
65.135841 -3.763008 0
0 0

0101101
*
Ve
1e-07
63.017132 -7.109948 0
0 0

0101101
*
Ve
1e-07
65.135841 5.295224 0
0 0

0101101
*
Ve
1e-07
61.573959 -1.398656 0
0 0

0101101
*
Ve
1e-07
64.690605 4.458489 0
0 0

0101101
*
Ve
1e-07
64.245369 3.621754 0
0 0

0101101
*
Ve
1e-07
63.800133 2.785019 0
0 0

0101101
*
Ve
1e-07
63.354897 1.948284 0
0 0

0101101
*
Ve
1e-07
62.909664 1.111549 0
0 0

0101101
*
Ve
1e-07
62.464428 0.274814 0
0 0

0101101
*
Ve
1e-07
62.019192 -0.561921 0
0 0

0101101
*
Ve
1e-07
64.076485 -5.436478 0
0 0

0101101
*
Ve
1e-07
65.135841 0.766108 0
0 0

0101101
*
Ve
1e-07
63.715691 -1.744097 0
0 0

0101101
*
Ve
1e-07
60.714191 -13.005475 0
0 0

0101101
*
Ve
1e-07
60.714191 -12.698417 0
0 0

0101101
*
Ve
1e-07
64.460312 -13.86524 0
0 0

0101101
*
Ve
1e-07
63.211605 -12.780299 0
0 0

0101101
*
Ve
1e-07
61.962898 -12.739358 0
0 0

0101101
*
Ve
1e-07
61.962898 -13.292064 0
0 0

0101101
*
Ve
1e-07
63.211605 -13.578651 0
0 0

0101101
*
Ve
1e-07
64.89019 5.295224 0
0 0

0101101
*
Ve
1e-07
61.573959 -1.306538 0
0 0

0101101
*
Ve
1e-07
63.784779 3.094637 0
0 0

0101101
*
Ve
1e-07
63.232075 1.994343 0
0 0

0101101
*
Ve
1e-07
62.679367 0.894049 0
0 0

0101101
*
Ve
1e-07
62.126663 -0.206244 0
0 0

0101101
*
Ve
1e-07
64.644547 6.339224 0
0 0

0101101
*
Ve
1e-07
61.287369 6.339224 0
0 0

0101101
*
Ve
1e-07
57.930195 6.339224 0
0 0

0101101
*
Ve
1e-07
65.135841 -20.55912 0
0 0

0101101
*
Ve
1e-07
54.388783 -13.005475 0
0 0

0101101
*
Ve
1e-07
54.388783 -16.782297 0
0 0

0101101
*
Ve
1e-07
54.388783 -20.55912 0
0 0

0101101
*
Ve
1e-07
62.925014 -16.782297 0
0 0

0101101
*
Ve
1e-07
53.774666 -1.398656 0
0 0

0101101
*
Ve
1e-07
57.674313 -1.398656 0
0 0

0101101
*
Ve
1e-07
57.244431 -7.048536 0
0 0

0101101
*
Ve
1e-07
60.130783 -7.079242 0
0 0

0101101
*
Ve
1e-07
61.359016 -9.919536 0
0 0

0101101
*
Ve
1e-07
58.687607 -7.063889 0
0 0

0101101
*
Ve
1e-07
60.169163 -9.896506 0
0 0

0101101
*
Ve
1e-07
61.573959 -7.094595 0
0 0

0101101
*
Ve
1e-07
62.54887 -9.942565 0
0 0

0101101
*
Ve
1e-07
64.91066 -18.327827 0
0 0

0101101
*
Ve
1e-07
64.685486 -16.096533 0
0 0

0101101
*
Ve
1e-07
59.424545 -24.612295 0
0 0

0101101
*
Ve
1e-07
64.89019 -24.612295 0
0 0

0101101
*
Ve
1e-07
64.89019 -20.927591 0
0 0

0101101
*
Ve
1e-07
60.55043 -24.612295 0
0 0

0101101
*
Ve
1e-07
61.676311 -24.612295 0
0 0

0101101
*
Ve
1e-07
62.157368 -22.769943 0
0 0

0101101
*
Ve
1e-07
65.135841 -17.212179 0
0 0

0101101
*
Ve
1e-07
65.135841 -13.86524 0
0 0

0101101
*
Ve
1e-07
54.695843 -24.612295 0
0 0

0101101
*
Ve
1e-07
59.793018 -22.769943 0
0 0

0101101
*
Ve
1e-07
55.862667 -24.612295 0
0 0

0101101
*
Ve
1e-07
57.029488 -24.612295 0
0 0

0101101
*
Ve
1e-07
58.196312 -24.612295 0
0 0

0101101
*
Ve
1e-07
58.196312 -25.287825 0
0 0

0101101
*
Ve
1e-07
54.695843 -24.980766 0
0 0

0101101
*
Ve
1e-07
55.862667 -25.083118 0
0 0

0101101
*
Ve
1e-07
57.029488 -25.185471 0
0 0

0101101
*
Ve
1e-07
62.802193 -24.980766 0
0 0

0101101
*
Ve
1e-07
59.424545 -25.287825 0
0 0

0101101
*
Ve
1e-07
62.802193 -24.612295 0
0 0

0101101
*
Ve
1e-07
60.55043 -25.185471 0
0 0

0101101
*
Ve
1e-07
61.676311 -25.083118 0
0 0

0101101
*
Ve
1e-07
53.590431 -12.698417 0
0 0

0101101
*
Ve
1e-07
53.682549 -7.048536 0
0 0

0101101
*
Ve
1e-07
54.081726 -13.005475 0
0 0

0101101
*
Ve
1e-07
53.590431 -13.005475 0
0 0

0101101
*
Ve
1e-07
54.081726 -20.55912 0
0 0

0101101
*
Ve
1e-07
54.081726 -18.67071 0
0 0

0101101
*
Ve
1e-07
54.081726 -16.782297 0
0 0

0101101
*
Ve
1e-07
54.081726 -14.893887 0
0 0

0101101
*
Ve
1e-07
53.713253 -14.893887 0
0 0

0101101
*
Ve
1e-07
53.836079 -16.782297 0
0 0

0101101
*
Ve
1e-07
53.9589 -18.67071 0
0 0

0101101
*
Ve
1e-07
53.774666 -1.306538 0
0 0

0101101
*
Ve
1e-07
51.96302 -7.048536 0
0 0

0101101
*
Ve
1e-07
53.774666 -1.21442 0
0 0

0101101
*
Ve
1e-07
50.335609 -1.398656 0
0 0

0101101
*
Ve
1e-07
50.274197 -12.698417 0
0 0

0101101
*
Ve
1e-07
50.274197 -12.790534 0
0 0

0101101
*
Ve
1e-07
50.274197 -12.882652 0
0 0

0101101
*
Ve
1e-07
51.932312 -12.790534 0
0 0

0101101
*
Ve
1e-07
50.304901 -7.048536 0
0 0

0101101
*
Ve
1e-07
43.150433 -20.55912 0
0 0

0101101
*
Ve
1e-07
48.616081 -20.55912 0
0 0

0101101
*
Ve
1e-07
46.712315 -16.720886 0
0 0

0101101
*
Ve
1e-07
51.932312 -12.944063 0
0 0

0101101
*
Ve
1e-07
53.860641 0.296308 0
0 0

0101101
*
Ve
1e-07
53.946617 1.807037 0
0 0

0101101
*
Ve
1e-07
54.032597 3.317766 0
0 0

0101101
*
Ve
1e-07
54.118572 4.828495 0
0 0

0101101
*
Ve
1e-07
54.204548 -1.21442 0
0 0

0101101
*
Ve
1e-07
54.204548 1.303461 0
0 0

0101101
*
Ve
1e-07
54.204548 3.821342 0
0 0

0101101
*
Ve
1e-07
51.932312 -24.612295 0
0 0

0101101
*
Ve
1e-07
48.493256 -24.857943 0
0 0

0101101
*
Ve
1e-07
58.411251 -22.769943 0
0 0

0101101
*
Ve
1e-07
48.493256 -24.735119 0
0 0

0101101
*
Ve
1e-07
48.493256 -24.612295 0
0 0

0101101
*
Ve
1e-07
56.691723 -22.769943 0
0 0

0101101
*
Ve
1e-07
50.212784 -24.735119 0
0 0

0101101
*
Ve
1e-07
51.932312 -25.287825 0
0 0

0101101
*
Ve
1e-07
50.212784 -25.072884 0
0 0

0101101
*
Ve
1e-07
46.343845 -29.586647 0
0 0

0101101
*
Ve
1e-07
46.343845 -24.857943 0
0 0

0101101
*
Ve
1e-07
47.418552 -27.222294 0
0 0

0101101
*
Ve
1e-07
46.343845 -27.222294 0
0 0

0101101
*
Ve
1e-07
45.729729 -24.857943 0
0 0

0101101
*
Ve
1e-07
46.036785 -24.857943 0
0 0

0101101
*
Ve
1e-07
42.352081 -24.857943 0
0 0

0101101
*
Ve
1e-07
44.194435 -27.222294 0
0 0

0101101
*
Ve
1e-07
46.036785 -29.586647 0
0 0

0101101
*
Ve
1e-07
43.37561 -24.857943 0
0 0

0101101
*
Ve
1e-07
45.422668 -24.612295 0
0 0

0101101
*
Ve
1e-07
31.72785 -20.927591 0
0 0

0101101
*
Ve
1e-07
36.292789 -22.155825 0
0 0

0101101
*
Ve
1e-07
40.857731 -23.38406 0
0 0

0101101
*
Ve
1e-07
48.309021 -20.927591 0
0 0

0101101
*
Ve
1e-07
64.89019 -29.586647 0
0 0

0101101
*
Ve
1e-07
59.056076 -29.586647 0
0 0

0101101
*
Ve
1e-07
64.89019 -24.980766 0
0 0

0101101
*
Ve
1e-07
60.929134 -27.283707 0
0 0

0101101
*
Ve
1e-07
59.240311 -27.437235 0
0 0

0101101
*
Ve
1e-07
58.687607 -25.287825 0
0 0

0101101
*
Ve
1e-07
58.687607 -29.586647 0
0 0

0101101
*
Ve
1e-07
58.360077 -26.720764 0
0 0

0101101
*
Ve
1e-07
58.523842 -28.153706 0
0 0

0101101
*
Ve
1e-07
58.687607 -28.153706 0
0 0

0101101
*
Ve
1e-07
58.687607 -26.720764 0
0 0

0101101
*
Ve
1e-07
59.056076 -25.287825 0
0 0

0101101
*
Ve
1e-07
57.889252 -40.73288 0
0 0

0101101
*
Ve
1e-07
56.024643 -40.640759 0
0 0

0101101
*
Ve
1e-07
60.15036 -37.969349 0
0 0

0101101
*
Ve
1e-07
64.276077 -36.034878 0
0 0

0101101
*
Ve
1e-07
64.276077 -35.666409 0
0 0

0101101
*
Ve
1e-07
64.276077 -35.297939 0
0 0

0101101
*
Ve
1e-07
60.018192 -39.166878 0
0 0

0101101
*
Ve
1e-07
62.147133 -37.60088 0
0 0

0101101
*
Ve
1e-07
63.244644 -35.96579 0
0 0

0101101
*
Ve
1e-07
62.213215 -36.633644 0
0 0

0101101
*
Ve
1e-07
61.181786 -37.301498 0
0 0

0101101
*
Ve
1e-07
59.118931 -38.637203 0
0 0

0101101
*
Ve
1e-07
58.087502 -39.305054 0
0 0

0101101
*
Ve
1e-07
57.056072 -39.972908 0
0 0

0101101
*
Ve
1e-07
64.89019 -40.73288 0
0 0

0101101
*
Ve
1e-07
64.89019 -36.034878 0
0 0

0101101
*
Ve
1e-07
64.06958 -50.033058 0
0 0

0101101
*
Ve
1e-07
46.567234 -49.357529 0
0 0

0101101
*
Ve
1e-07
64.990761 -50.033058 0
0 0

0101101
*
Ve
1e-07
64.990761 -49.357529 0
0 0

0101101
*
Ve
1e-07
55.318409 -49.695293 0
0 0

0101101
*
Ve
1e-07
64.622284 -48.866234 0
0 0

0101101
*
Ve
1e-07
56.024643 -48.866234 0
0 0

0101101
*
Ve
1e-07
64.758934 -44.953087 0
0 0

0101101
*
Ve
1e-07
64.895584 -41.039936 0
0 0

0101101
*
Ve
1e-07
57.889252 -41.039936 0
0 0

0101101
*
Ve
1e-07
56.956947 -44.953087 0
0 0

0101101
*
Ve
1e-07
56.691723 -27.283707 0
0 0

0101101
*
Ve
1e-07
55.717583 -40.640759 0
0 0

0101101
*
Ve
1e-07
63.206264 -35.96579 0
0 0

0101101
*
Ve
1e-07
62.136452 -36.633644 0
0 0

0101101
*
Ve
1e-07
61.066639 -37.301498 0
0 0

0101101
*
Ve
1e-07
59.99683 -37.969349 0
0 0

0101101
*
Ve
1e-07
58.927017 -38.637203 0
0 0

0101101
*
Ve
1e-07
57.857208 -39.305054 0
0 0

0101101
*
Ve
1e-07
56.787395 -39.972908 0
0 0

0101101
*
Ve
1e-07
53.875233 -41.039936 0
0 0

0101101
*
Ve
1e-07
53.875233 -40.886406 0
0 0

0101101
*
Ve
1e-07
53.875233 -40.73288 0
0 0

0101101
*
Ve
1e-07
59.075653 -38.015408 0
0 0

0101101
*
Ve
1e-07
53.875233 -40.809643 0
0 0

0101101
*
Ve
1e-07
56.936031 -39.427879 0
0 0

0101101
*
Ve
1e-07
58.00584 -38.721642 0
0 0

0101101
*
Ve
1e-07
46.567234 -40.73288 0
0 0

0101101
*
Ve
1e-07
32.649025 -35.297939 0
0 0

0101101
*
Ve
1e-07
37.288429 -37.109585 0
0 0

0101101
*
Ve
1e-07
41.92783 -38.92123 0
0 0

0101101
*
Ve
1e-07
52.300785 -29.586647 0
0 0

0101101
*
Ve
1e-07
52.177959 -28.153706 0
0 0

0101101
*
Ve
1e-07
52.055138 -26.720764 0
0 0

0101101
*
Ve
1e-07
52.546432 -24.980766 0
0 0

0101101
*
Ve
1e-07
52.546432 -29.586647 0
0 0

0101101
*
Ve
1e-07
46.567234 -45.365765 0
0 0

0101101
*
Ve
1e-07
45.891705 -43.953293 0
0 0

0101101
*
Ve
1e-07
45.216175 -42.233765 0
0 0

0101101
*
Ve
1e-07
45.216175 -42.540825 0
0 0

0101101
*
Ve
1e-07
52.300785 -27.437235 0
0 0

0101101
*
Ve
1e-07
52.300785 -25.287825 0
0 0

0101101
*
Ve
1e-07
55.717583 -48.866234 0
0 0

0101101
*
Ve
1e-07
46.812881 -48.866234 0
0 0

0101101
*
Ve
1e-07
50.344055 -44.953087 0
0 0

0101101
*
Ve
1e-07
51.265232 -48.866234 0
0 0

0101101
*
Ve
1e-07
55.717583 -44.753498 0
0 0

0101101
*
Ve
1e-07
53.030819 -44.853291 0
0 0

0101101
*
Ve
1e-07
64.06958 -50.769997 0
0 0

0101101
*
Ve
1e-07
52.094292 -50.769997 0
0 0

0101101
*
Ve
1e-07
40.118999 -50.769997 0
0 0

0101101
*
Ve
1e-07
64.06958 -50.401527 0
0 0

0101101
*
Ve
1e-07
53.706348 -50.232643 0
0 0

0101101
*
Ve
1e-07
43.343117 -50.063763 0
0 0

0101101
*
Ve
1e-07
46.812881 -41.039936 0
0 0

0101101
*
Ve
1e-07
46.567234 -47.515175 0
0 0

0101101
*
Ve
1e-07
46.567234 -45.672821 0
0 0

0101101
*
Ve
1e-07
43.435234 -45.672821 0
0 0

0101101
*
Ve
1e-07
41.777119 -48.221409 0
0 0

0101101
*
Ve
1e-07
43.742294 -45.365765 0
0 0

0101101
*
Ve
1e-07
43.742294 -42.540825 0
0 0

0101101
*
Ve
1e-07
42.106434 -24.612295 0
0 0

0101101
*
Ve
1e-07
45.422668 -24.857943 0
0 0

0101101
*
Ve
1e-07
44.399139 -24.857943 0
0 0

0101101
*
Ve
1e-07
44.317257 -24.612295 0
0 0

0101101
*
Ve
1e-07
43.211845 -24.612295 0
0 0

0101101
*
Ve
1e-07
42.536316 -1.21442 0
0 0

0101101
*
Ve
1e-07
39.281494 -1.398656 0
0 0

0101101
*
Ve
1e-07
42.659142 0.673991 0
0 0

0101101
*
Ve
1e-07
42.781963 2.562402 0
0 0

0101101
*
Ve
1e-07
42.904789 4.450813 0
0 0

0101101
*
Ve
1e-07
42.536316 -1.398656 0
0 0

0101101
*
Ve
1e-07
42.413494 -12.698417 0
0 0

0101101
*
Ve
1e-07
40.847492 -7.048536 0
0 0

0101101
*
Ve
1e-07
42.474907 -7.048536 0
0 0

0101101
*
Ve
1e-07
43.027611 -1.21442 0
0 0

0101101
*
Ve
1e-07
43.027611 0.673991 0
0 0

0101101
*
Ve
1e-07
43.027611 2.562402 0
0 0

0101101
*
Ve
1e-07
43.027611 4.450813 0
0 0

0101101
*
Ve
1e-07
39.220081 -12.698417 0
0 0

0101101
*
Ve
1e-07
31.72785 -12.698417 0
0 0

0101101
*
Ve
1e-07
31.809732 -5.165243 0
0 0

0101101
*
Ve
1e-07
31.768791 -8.931829 0
0 0

0101101
*
Ve
1e-07
39.25079 -7.048536 0
0 0

0101101
*
Ve
1e-07
27.102194 -14.13795 0
0 0

0101101
*
Ve
1e-07
27.102194 -13.554538 0
0 0

0101101
*
Ve
1e-07
27.102194 -12.971127 0
0 0

0101101
*
Ve
1e-07
30.267847 -5.256146 0
0 0

0101101
*
Ve
1e-07
28.68502 -9.113636 0
0 0

0101101
*
Ve
1e-07
29.415022 -13.418183 0
0 0

0101101
*
Ve
1e-07
39.220081 -12.882652 0
0 0

0101101
*
Ve
1e-07
40.816788 -12.790534 0
0 0

0101101
*
Ve
1e-07
42.413494 -12.882652 0
0 0

0101101
*
Ve
1e-07
42.904789 -20.55912 0
0 0

0101101
*
Ve
1e-07
42.413494 -12.790534 0
0 0

0101101
*
Ve
1e-07
41.737965 -14.75571 0
0 0

0101101
*
Ve
1e-07
42.075729 -13.773122 0
0 0

0101101
*
Ve
1e-07
42.198551 -15.738298 0
0 0

0101101
*
Ve
1e-07
42.413494 -12.836593 0
0 0

0101101
*
Ve
1e-07
42.306023 -14.287446 0
0 0

0101101
*
Ve
1e-07
42.359756 -13.562019 0
0 0

0101101
*
Ve
1e-07
42.421169 -14.544607 0
0 0

0101101
*
Ve
1e-07
42.413494 -12.859623 0
0 0

0101101
*
Ve
1e-07
42.417332 -13.702115 0
0 0

0101101
*
Ve
1e-07
42.415413 -13.280869 0
0 0

0101101
*
Ve
1e-07
42.446117 -13.772162 0
0 0

0101101
*
Ve
1e-07
42.413494 -12.871138 0
0 0

0101101
*
Ve
1e-07
42.429806 -13.32165 0
0 0

0101101
*
Ve
1e-07
42.386627 -13.199306 0
0 0

0101101
*
Ve
1e-07
42.388546 -13.632067 0
0 0

0101101
*
Ve
1e-07
42.413494 -12.848107 0
0 0

0101101
*
Ve
1e-07
42.40102 -13.240088 0
0 0

0101101
*
Ve
1e-07
42.24461 -13.281828 0
0 0

0101101
*
Ve
1e-07
42.190876 -14.030284 0
0 0

0101101
*
Ve
1e-07
42.413494 -12.813563 0
0 0

0101101
*
Ve
1e-07
42.302185 -13.421924 0
0 0

0101101
*
Ve
1e-07
41.277374 -13.773122 0
0 0

0101101
*
Ve
1e-07
42.413494 -12.744475 0
0 0

0101101
*
Ve
1e-07
41.845436 -13.258799 0
0 0

0101101
*
Ve
1e-07
42.42165 -13.096394 0
0 0

0101101
*
Ve
1e-07
42.437004 -13.34204 0
0 0

0101101
*
Ve
1e-07
42.413494 -12.876895 0
0 0

0101101
*
Ve
1e-07
42.425247 -13.109468 0
0 0

0101101
*
Ve
1e-07
42.414452 -13.070246 0
0 0

0101101
*
Ve
1e-07
42.422607 -13.301259 0
0 0

0101101
*
Ve
1e-07
42.413494 -12.86538 0
0 0

0101101
*
Ve
1e-07
42.418053 -13.08332 0
0 0

0101101
*
Ve
1e-07
42.407257 -13.044098 0
0 0

0101101
*
Ve
1e-07
42.408215 -13.260478 0
0 0

0101101
*
Ve
1e-07
42.413494 -12.853866 0
0 0

0101101
*
Ve
1e-07
42.410854 -13.057172 0
0 0

0101101
*
Ve
1e-07
42.419369 -12.993181 0
0 0

0101101
*
Ve
1e-07
42.427048 -13.116005 0
0 0

0101101
*
Ve
1e-07
42.413494 -12.879773 0
0 0

0101101
*
Ve
1e-07
42.420269 -12.997889 0
0 0

0101101
*
Ve
1e-07
42.417572 -12.983766 0
0 0

0101101
*
Ve
1e-07
42.42345 -13.102931 0
0 0

0101101
*
Ve
1e-07
42.413494 -12.874016 0
0 0

0101101
*
Ve
1e-07
42.418472 -12.988473 0
0 0

0101101
*
Ve
1e-07
42.415771 -12.97435 0
0 0

0101101
*
Ve
1e-07
42.419849 -13.089856 0
0 0

0101101
*
Ve
1e-07
42.413494 -12.868258 0
0 0

0101101
*
Ve
1e-07
42.416672 -12.979057 0
0 0

0101101
*
Ve
1e-07
42.413975 -12.964934 0
0 0

0101101
*
Ve
1e-07
42.416252 -13.076782 0
0 0

0101101
*
Ve
1e-07
42.413494 -12.862501 0
0 0

0101101
*
Ve
1e-07
42.414871 -12.969642 0
0 0

0101101
*
Ve
1e-07
42.412174 -12.955519 0
0 0

0101101
*
Ve
1e-07
42.412655 -13.063708 0
0 0

0101101
*
Ve
1e-07
42.413494 -12.856744 0
0 0

0101101
*
Ve
1e-07
42.413074 -12.960226 0
0 0

0101101
*
Ve
1e-07
40.448318 -15.441475 0
0 0

0101101
*
Ve
1e-07
41.676552 -18.000298 0
0 0

0101101
*
Ve
1e-07
42.80653 -19.023827 0
0 0

0101101
*
Ve
1e-07
42.708271 -17.488533 0
0 0

0101101
*
Ve
1e-07
42.610012 -15.953239 0
0 0

0101101
*
Ve
1e-07
42.511753 -14.417946 0
0 0

0101101
*
Ve
1e-07
42.904789 -18.000298 0
0 0

0101101
*
Ve
1e-07
42.904789 -15.441475 0
0 0

0101101
*
Ve
1e-07
42.904789 -12.882652 0
0 0

0101101
*
Ve
1e-07
27.102194 -17.515596 0
0 0

0101101
*
Ve
1e-07
26.82584 -17.515596 0
0 0

0101101
*
Ve
1e-07
29.415022 -15.107006 0
0 0

0101101
*
Ve
1e-07
26.964018 -15.826773 0
0 0

0101101
*
Ve
1e-07
29.415022 -19.221594 0
0 0

0101101
*
Ve
1e-07
26.82584 -14.13795 0
0 0

0101101
*
Ve
1e-07
26.82584 -15.826773 0
0 0

0101101
*
Ve
1e-07
32.157734 -12.882652 0
0 0

0101101
*
Ve
1e-07
32.157734 -16.720886 0
0 0

0101101
*
Ve
1e-07
32.157734 -20.55912 0
0 0

0101101
*
Ve
1e-07
23.870543 -2.94368 0
0 0

0101101
*
Ve
1e-07
23.870543 -1.991798 0
0 0

0101101
*
Ve
1e-07
23.870543 -1.039916 0
0 0

0101101
*
Ve
1e-07
27.860607 -1.219286 0
0 0

0101101
*
Ve
1e-07
25.486368 -7.957403 0
0 0

0101101
*
Ve
1e-07
43.150433 -12.882652 0
0 0

0101101
*
Ve
1e-07
23.379248 -1.039916 0
0 0

0101101
*
Ve
1e-07
23.379248 0.433966 0
0 0

0101101
*
Ve
1e-07
23.870543 0.433966 0
0 0

0101101
*
Ve
1e-07
23.870543 -0.302975 0
0 0

0101101
*
Ve
1e-07
23.379248 -0.302975 0
0 0

0101101
*
Ve
1e-07
19.817366 1.907848 0
0 0

0101101
*
Ve
1e-07
23.379248 1.907848 0
0 0

0101101
*
Ve
1e-07
19.817366 -2.452386 0
0 0

0101101
*
Ve
1e-07
21.598307 -1.00921 0
0 0

0101101
*
Ve
1e-07
23.870543 2.276319 0
0 0

0101101
*
Ve
1e-07
19.817366 2.706201 0
0 0

0101101
*
Ve
1e-07
21.598307 2.706201 0
0 0

0101101
*
Ve
1e-07
23.379248 2.706201 0
0 0

0101101
*
Ve
1e-07
26.82584 -13.554538 0
0 0

0101101
*
Ve
1e-07
23.901106 -13.738773 0
0 0

0101101
*
Ve
1e-07
26.82584 -13.339597 0
0 0

0101101
*
Ve
1e-07
20.976372 -13.339597 0
0 0

0101101
*
Ve
1e-07
19.448896 -2.94368 0
0 0

0101101
*
Ve
1e-07
23.275545 -7.957403 0
0 0

0101101
*
Ve
1e-07
-6.367207 -12.971127 0
0 0

0101101
*
Ve
1e-07
4.955724 -1.776857 0
0 0

0101101
*
Ve
1e-07
12.202311 -2.360268 0
0 0

0101101
*
Ve
1e-07
-0.705741 -7.373991 0
0 0

0101101
*
Ve
1e-07
19.448896 -1.776857 0
0 0

0101101
*
Ve
1e-07
23.379248 -2.452386 0
0 0

0101101
*
Ve
1e-07
20.976372 -31.39465 0
0 0

0101101
*
Ve
1e-07
20.976372 -22.367123 0
0 0

0101101
*
Ve
1e-07
23.901106 -24.455122 0
0 0

0101101
*
Ve
1e-07
40.57114 -24.612295 0
0 0

0101101
*
Ve
1e-07
39.035847 -24.612295 0
0 0

0101101
*
Ve
1e-07
35.381847 -22.769943 0
0 0

0101101
*
Ve
1e-07
39.895611 -29.586647 0
0 0

0101101
*
Ve
1e-07
39.895611 -27.222294 0
0 0

0101101
*
Ve
1e-07
39.895611 -24.857943 0
0 0

0101101
*
Ve
1e-07
39.035847 -24.857943 0
0 0

0101101
*
Ve
1e-07
36.026672 -24.612295 0
0 0

0101101
*
Ve
1e-07
36.026672 -24.857943 0
0 0

0101101
*
Ve
1e-07
38.283554 -24.612295 0
0 0

0101101
*
Ve
1e-07
37.531261 -24.612295 0
0 0

0101101
*
Ve
1e-07
36.778965 -24.612295 0
0 0

0101101
*
Ve
1e-07
36.778965 -24.857943 0
0 0

0101101
*
Ve
1e-07
37.531261 -24.857943 0
0 0

0101101
*
Ve
1e-07
38.283554 -24.857943 0
0 0

0101101
*
Ve
1e-07
39.649963 -29.156765 0
0 0

0101101
*
Ve
1e-07
39.649963 -27.007353 0
0 0

0101101
*
Ve
1e-07
39.649963 -24.857943 0
0 0

0101101
*
Ve
1e-07
38.590611 -25.932648 0
0 0

0101101
*
Ve
1e-07
37.838318 -27.007353 0
0 0

0101101
*
Ve
1e-07
39.649963 -28.082058 0
0 0

0101101
*
Ve
1e-07
38.214466 -26.470001 0
0 0

0101101
*
Ve
1e-07
43.435234 -42.233765 0
0 0

0101101
*
Ve
1e-07
40.118999 -40.640759 0
0 0

0101101
*
Ve
1e-07
43.343117 -40.686821 0
0 0

0101101
*
Ve
1e-07
31.72785 -29.586647 0
0 0

0101101
*
Ve
1e-07
39.649963 -29.586647 0
0 0

0101101
*
Ve
1e-07
33.877262 -27.222294 0
0 0

0101101
*
Ve
1e-07
36.384014 -37.969349 0
0 0

0101101
*
Ve
1e-07
31.420792 -24.612295 0
0 0

0101101
*
Ve
1e-07
34.967319 -23.230532 0
0 0

0101101
*
Ve
1e-07
36.625435 -23.921413 0
0 0

0101101
*
Ve
1e-07
35.174583 -23.000237 0
0 0

0101101
*
Ve
1e-07
36.917141 -23.806267 0
0 0

0101101
*
Ve
1e-07
31.72785 -24.857943 0
0 0

0101101
*
Ve
1e-07
27.102194 -25.007828 0
0 0

0101101
*
Ve
1e-07
27.102194 -32.500061 0
0 0

0101101
*
Ve
1e-07
29.261492 -28.556177 0
0 0

0101101
*
Ve
1e-07
26.82584 -32.500061 0
0 0

0101101
*
Ve
1e-07
26.630674 -35.789234 0
0 0

0101101
*
Ve
1e-07
26.82584 -31.613234 0
0 0

0101101
*
Ve
1e-07
23.811199 -31.613234 0
0 0

0101101
*
Ve
1e-07
20.796558 -31.613234 0
0 0

0101101
*
Ve
1e-07
26.69573 -34.692841 0
0 0

0101101
*
Ve
1e-07
26.760786 -33.596451 0
0 0

0101101
*
Ve
1e-07
22.303879 -31.613234 0
0 0

0101101
*
Ve
1e-07
23.713617 -33.701233 0
0 0

0101101
*
Ve
1e-07
25.26973 -32.878941 0
0 0

0101101
*
Ve
1e-07
24.491673 -33.290089 0
0 0

0101101
*
Ve
1e-07
31.420792 -34.438175 0
0 0

0101101
*
Ve
1e-07
26.937735 -35.789234 0
0 0

0101101
*
Ve
1e-07
31.420792 -29.525234 0
0 0

0101101
*
Ve
1e-07
27.047375 -33.596451 0
0 0

0101101
*
Ve
1e-07
26.992554 -34.692841 0
0 0

0101101
*
Ve
1e-07
29.220377 -31.83494 0
0 0

0101101
*
Ve
1e-07
31.420792 -27.068766 0
0 0

0101101
*
Ve
1e-07
29.240934 -30.195559 0
0 0

0101101
*
Ve
1e-07
26.82584 -31.39465 0
0 0

0101101
*
Ve
1e-07
31.543615 -40.640759 0
0 0

0101101
*
Ve
1e-07
32.649025 -34.868057 0
0 0

0101101
*
Ve
1e-07
31.482203 -37.539467 0
0 0

0101101
*
Ve
1e-07
32.649025 -34.438175 0
0 0

0101101
*
Ve
1e-07
32.096321 -37.969349 0
0 0

0101101
*
Ve
1e-07
26.937735 -50.220993 0
0 0

0101101
*
Ve
1e-07
31.543615 -50.220993 0
0 0

0101101
*
Ve
1e-07
29.240675 -45.430878 0
0 0

0101101
*
Ve
1e-07
26.937735 -43.005112 0
0 0

0101101
*
Ve
1e-07
20.796558 -50.220993 0
0 0

0101101
*
Ve
1e-07
26.630674 -50.220993 0
0 0

0101101
*
Ve
1e-07
26.630674 -43.005112 0
0 0

0101101
*
Ve
1e-07
20.796558 -40.917114 0
0 0

0101101
*
Ve
1e-07
23.713617 -50.220993 0
0 0

0101101
*
Ve
1e-07
23.713617 -41.961113 0
0 0

0101101
*
Ve
1e-07
11.211447 32.611561 0
0 0

0101101
*
Ve
1e-07
10.696705 29.927315 0
0 0

0101101
*
Ve
1e-07
12.869563 32.611561 0
0 0

0101101
*
Ve
1e-07
2.859842 72.998138 0
0 0

0101101
*
Ve
1e-07
9.978509 74.234146 0
0 0

0101101
*
Ve
1e-07
4.753415 75.470146 0
0 0

0101101
*
Ve
1e-07
3.965254 72.998138 0
0 0

0101101
*
Ve
1e-07
10.689839 72.998138 0
0 0

0101101
*
Ve
1e-07
13.238427 68.269432 0
0 0

0101101
*
Ve
1e-07
0.956078 68.269432 0
0 0

0101101
*
Ve
1e-07
13.238427 72.691078 0
0 0

0101101
*
Ve
1e-07
6.176076 72.691078 0
0 0

0101101
*
Ve
1e-07
3.566077 70.480255 0
0 0

0101101
*
Ve
1e-07
6.176076 72.998138 0
0 0

0101101
*
Ve
1e-07
2.859842 72.691078 0
0 0

0101101
*
Ve
1e-07
5.070665 72.998138 0
0 0

0101101
*
Ve
1e-07
3.965254 72.691078 0
0 0

0101101
*
Ve
1e-07
5.070665 72.691078 0
0 0

0101101
*
Ve
1e-07
13.238427 67.962379 0
0 0

0101101
*
Ve
1e-07
12.317251 63.479321 0
0 0

0101101
*
Ve
1e-07
5.360929 63.479321 0
0 0

0101101
*
Ve
1e-07
9.817231 63.479321 0
0 0

0101101
*
Ve
1e-07
10.612595 66.468025 0
0 0

0101101
*
Ve
1e-07
7.986762 64.973671 0
0 0

0101101
*
Ve
1e-07
12.777839 65.720848 0
0 0

0101101
*
Ve
1e-07
10.650571 63.479321 0
0 0

0101101
*
Ve
1e-07
11.483911 63.479321 0
0 0

0101101
*
Ve
1e-07
0.956078 72.691078 0
0 0

0101101
*
Ve
1e-07
1.90796 72.691078 0
0 0

0101101
*
Ve
1e-07
0.956078 70.480255 0
0 0

0101101
*
Ve
1e-07
2.737019 71.58567 0
0 0

0101101
*
Ve
1e-07
13.238427 63.479321 0
0 0

0101101
*
Ve
1e-07
9.817231 63.17226 0
0 0

0101101
*
Ve
1e-07
10.650571 63.17226 0
0 0

0101101
*
Ve
1e-07
11.483911 63.17226 0
0 0

0101101
*
Ve
1e-07
7.58908 63.17226 0
0 0

0101101
*
Ve
1e-07
6.881194 62.208538 0
0 0

0101101
*
Ve
1e-07
5.360929 63.17226 0
0 0

0101101
*
Ve
1e-07
0.029365 59.317371 0
0 0

0101101
*
Ve
1e-07
6.527251 61.726677 0
0 0

0101101
*
Ve
1e-07
8.974217 62.690399 0
0 0

0101101
*
Ve
1e-07
9.109748 62.449471 0
0 0

0101101
*
Ve
1e-07
4.125327 60.602337 0
0 0

0101101
*
Ve
1e-07
8.221289 61.887299 0
0 0

0101101
*
Ve
1e-07
3.583741 61.887299 0
0 0

0101101
*
Ve
1e-07
1.806553 60.602337 0
0 0

0101101
*
Ve
1e-07
2.491372 63.479321 0
0 0

0101101
*
Ve
1e-07
2.491372 63.17226 0
0 0

0101101
*
Ve
1e-07
4.40441 63.479321 0
0 0

0101101
*
Ve
1e-07
3.447891 63.479321 0
0 0

0101101
*
Ve
1e-07
3.447891 63.17226 0
0 0

0101101
*
Ve
1e-07
4.40441 63.17226 0
0 0

0101101
*
Ve
1e-07
0.649019 63.17226 0
0 0

0101101
*
Ve
1e-07
1.570195 63.17226 0
0 0

0101101
*
Ve
1e-07
0.339192 61.244816 0
0 0

0101101
*
Ve
1e-07
0.956078 67.962379 0
0 0

0101101
*
Ve
1e-07
1.723725 65.720848 0
0 0

0101101
*
Ve
1e-07
14.307595 51.026787 0
0 0

0101101
*
Ve
1e-07
-0.058273 51.026787 0
0 0

0101101
*
Ve
1e-07
14.307595 55.018551 0
0 0

0101101
*
Ve
1e-07
14.307595 59.010315 0
0 0

0101101
*
Ve
1e-07
0.029365 59.010315 0
0 0

0101101
*
Ve
1e-07
0.000152 56.349136 0
0 0

0101101
*
Ve
1e-07
-0.02906 53.687962 0
0 0

0101101
*
Ve
1e-07
7.16848 59.010315 0
0 0

0101101
*
Ve
1e-07
7.146571 55.018551 0
0 0

0101101
*
Ve
1e-07
14.307595 57.014431 0
0 0

0101101
*
Ve
1e-07
7.157526 57.014431 0
0 0

0101101
*
Ve
1e-07
7.124661 51.026787 0
0 0

0101101
*
Ve
1e-07
14.307595 53.022667 0
0 0

0101101
*
Ve
1e-07
7.135616 53.022667 0
0 0

0101101
*
Ve
1e-07
13.545485 63.479321 0
0 0

0101101
*
Ve
1e-07
-0.471679 84.873917 0
0 0

0101101
*
Ve
1e-07
-3.020267 84.873917 0
0 0

0101101
*
Ve
1e-07
-3.020267 79.561798 0
0 0

0101101
*
Ve
1e-07
-5.568854 84.873917 0
0 0

0101101
*
Ve
1e-07
-5.568854 82.41745 0
0 0

0101101
*
Ve
1e-07
-3.081679 77.750153 0
0 0

0101101
*
Ve
1e-07
1.754431 72.998138 0
0 0

0101101
*
Ve
1e-07
-5.691678 78.794151 0
0 0

0101101
*
Ve
1e-07
0.649019 72.998138 0
0 0

0101101
*
Ve
1e-07
-2.521329 75.896149 0
0 0

0101101
*
Ve
1e-07
-5.937325 82.41745 0
0 0

0101101
*
Ve
1e-07
-5.998736 77.258858 0
0 0

0101101
*
Ve
1e-07
-23.255436 80.268036 0
0 0

0101101
*
Ve
1e-07
-5.998736 78.794151 0
0 0

0101101
*
Ve
1e-07
-18.98732 81.557686 0
0 0

0101101
*
Ve
1e-07
-14.627087 78.763451 0
0 0

0101101
*
Ve
1e-07
-12.493029 80.175919 0
0 0

0101101
*
Ve
1e-07
-21.121378 80.912857 0
0 0

0101101
*
Ve
1e-07
-5.998736 78.026505 0
0 0

0101101
*
Ve
1e-07
-12.462322 81.987564 0
0 0

0101101
*
Ve
1e-07
-17.912615 60.861923 0
0 0

0101101
*
Ve
1e-07
-21.167437 65.037926 0
0 0

0101101
*
Ve
1e-07
-12.262734 60.861923 0
0 0

0101101
*
Ve
1e-07
-12.262734 62.949924 0
0 0

0101101
*
Ve
1e-07
-12.262734 65.037926 0
0 0

0101101
*
Ve
1e-07
-20.082497 63.645924 0
0 0

0101101
*
Ve
1e-07
-18.997555 62.253925 0
0 0

0101101
*
Ve
1e-07
-12.262734 63.993923 0
0 0

0101101
*
Ve
1e-07
-16.715086 65.037926 0
0 0

0101101
*
Ve
1e-07
-15.901381 62.949924 0
0 0

0101101
*
Ve
1e-07
-16.308233 63.993923 0
0 0

0101101
*
Ve
1e-07
-5.691678 60.554867 0
0 0

0101101
*
Ve
1e-07
-2.521329 61.863564 0
0 0

0101101
*
Ve
1e-07
-5.691678 69.674507 0
0 0

0101101
*
Ve
1e-07
0.956078 63.479321 0
0 0

0101101
*
Ve
1e-07
0.956078 65.720848 0
0 0

0101101
*
Ve
1e-07
-5.998736 65.037926 0
0 0

0101101
*
Ve
1e-07
-5.998736 62.949924 0
0 0

0101101
*
Ve
1e-07
-5.998736 60.861923 0
0 0

0101101
*
Ve
1e-07
-11.955676 65.037926 0
0 0

0101101
*
Ve
1e-07
-9.898382 62.949924 0
0 0

0101101
*
Ve
1e-07
-7.841089 60.861923 0
0 0

0101101
*
Ve
1e-07
-11.955676 60.861923 0
0 0

0101101
*
Ve
1e-07
-11.495088 60.861923 0
0 0

0101101
*
Ve
1e-07
-9.970029 60.861923 0
0 0

0101101
*
Ve
1e-07
-8.905559 60.861923 0
0 0

0101101
*
Ve
1e-07
3.257962 47.157848 0
0 0

0101101
*
Ve
1e-07
1.722668 47.157848 0
0 0

0101101
*
Ve
1e-07
4.670432 50.719727 0
0 0

0101101
*
Ve
1e-07
0.433021 50.719727 0
0 0

0101101
*
Ve
1e-07
3.964196 48.938789 0
0 0

0101101
*
Ve
1e-07
2.490315 47.157848 0
0 0

0101101
*
Ve
1e-07
1.077845 48.938789 0
0 0

0101101
*
Ve
1e-07
9.890429 50.719727 0
0 0

0101101
*
Ve
1e-07
9.153489 48.938789 0
0 0

0101101
*
Ve
1e-07
8.416548 47.157848 0
0 0

0101101
*
Ve
1e-07
5.530196 50.719727 0
0 0

0101101
*
Ve
1e-07
6.267137 48.938789 0
0 0

0101101
*
Ve
1e-07
7.004078 47.157848 0
0 0

0101101
*
Ve
1e-07
7.710313 47.157848 0
0 0

0101101
*
Ve
1e-07
-2.831156 59.936119 0
0 0

0101101
*
Ve
1e-07
-2.831156 59.782589 0
0 0

0101101
*
Ve
1e-07
-5.769565 57.280178 0
0 0

0101101
*
Ve
1e-07
-3.865801 55.195713 0
0 0

0101101
*
Ve
1e-07
-1.962037 53.111252 0
0 0

0101101
*
Ve
1e-07
-5.730621 58.917522 0
0 0

0101101
*
Ve
1e-07
-0.058273 46.666553 0
0 0

0101101
*
Ve
1e-07
-2.913919 51.574188 0
0 0

0101101
*
Ve
1e-07
-2.913919 47.735954 0
0 0

0101101
*
Ve
1e-07
-5.769565 52.12159 0
0 0

0101101
*
Ve
1e-07
-5.769565 48.805355 0
0 0

0101101
*
Ve
1e-07
-5.769565 51.016178 0
0 0

0101101
*
Ve
1e-07
-5.769565 49.910767 0
0 0

0101101
*
Ve
1e-07
5.530196 47.157848 0
0 0

0101101
*
Ve
1e-07
8.416548 46.666553 0
0 0

0101101
*
Ve
1e-07
7.004078 46.666553 0
0 0

0101101
*
Ve
1e-07
7.710313 46.666553 0
0 0

0101101
*
Ve
1e-07
9.890429 47.157848 0
0 0

0101101
*
Ve
1e-07
0.433021 47.157848 0
0 0

0101101
*
Ve
1e-07
0.433021 48.938789 0
0 0

0101101
*
Ve
1e-07
3.257962 46.666553 0
0 0

0101101
*
Ve
1e-07
1.722668 46.666553 0
0 0

0101101
*
Ve
1e-07
2.490315 46.666553 0
0 0

0101101
*
Ve
1e-07
-5.866049 38.140556 0
0 0

0101101
*
Ve
1e-07
-8.734864 42.858837 0
0 0

0101101
*
Ve
1e-07
-11.603681 47.577122 0
0 0

0101101
*
Ve
1e-07
-2.913919 47.121838 0
0 0

0101101
*
Ve
1e-07
-5.769565 47.577122 0
0 0

0101101
*
Ve
1e-07
-2.962161 42.403553 0
0 0

0101101
*
Ve
1e-07
4.670432 47.157848 0
0 0

0101101
*
Ve
1e-07
10.438656 50.719727 0
0 0

0101101
*
Ve
1e-07
-7.841089 60.554867 0
0 0

0101101
*
Ve
1e-07
-11.603681 57.280178 0
0 0

0101101
*
Ve
1e-07
-9.095286 59.463303 0
0 0

0101101
*
Ve
1e-07
-10.349483 58.371738 0
0 0

0101101
*
Ve
1e-07
-7.841089 60.708393 0
0 0

0101101
*
Ve
1e-07
-11.034499 60.554867 0
0 0

0101101
*
Ve
1e-07
-8.905559 60.759571 0
0 0

0101101
*
Ve
1e-07
-9.970029 60.657219 0
0 0

0101101
*
Ve
1e-07
-11.31909 58.917522 0
0 0

0101101
*
Ve
1e-07
-11.034499 60.861923 0
0 0

0101101
*
Ve
1e-07
-17.130737 57.280178 0
0 0

0101101
*
Ve
1e-07
-17.912615 60.554867 0
0 0

0101101
*
Ve
1e-07
-14.367209 57.280178 0
0 0

0101101
*
Ve
1e-07
-21.920855 57.280178 0
0 0

0101101
*
Ve
1e-07
-21.044613 60.923336 0
0 0

0101101
*
Ve
1e-07
-18.956614 60.677689 0
0 0

0101101
*
Ve
1e-07
-20.000614 60.800514 0
0 0

0101101
*
Ve
1e-07
-21.482735 59.101757 0
0 0

0101101
*
Ve
1e-07
-19.525795 57.280178 0
0 0

0101101
*
Ve
1e-07
-21.613794 52.244415 0
0 0

0101101
*
Ve
1e-07
-21.613794 56.973118 0
0 0

0101101
*
Ve
1e-07
-17.437796 47.884182 0
0 0

0101101
*
Ve
1e-07
-17.437796 56.973118 0
0 0

0101101
*
Ve
1e-07
-19.525795 50.064297 0
0 0

0101101
*
Ve
1e-07
-17.130737 47.577122 0
0 0

0101101
*
Ve
1e-07
-6.076623 52.12159 0
0 0

0101101
*
Ve
1e-07
-11.296622 47.884182 0
0 0

0101101
*
Ve
1e-07
-6.076623 56.973118 0
0 0

0101101
*
Ve
1e-07
-11.296622 56.973118 0
0 0

0101101
*
Ve
1e-07
-8.686623 50.002888 0
0 0

0101101
*
Ve
1e-07
-6.076623 48.805355 0
0 0

0101101
*
Ve
1e-07
-6.076623 51.016178 0
0 0

0101101
*
Ve
1e-07
-6.076623 49.910767 0
0 0

0101101
*
Ve
1e-07
-6.076623 47.884182 0
0 0

0101101
*
Ve
1e-07
-6.076623 48.344769 0
0 0

0101101
*
Ve
1e-07
-11.700165 38.140556 0
0 0

0101101
*
Ve
1e-07
-14.415451 42.858837 0
0 0

0101101
*
Ve
1e-07
-5.937325 84.873917 0
0 0

0101101
*
Ve
1e-07
-18.98732 84.873917 0
0 0

0101101
*
Ve
1e-07
-21.535908 81.926155 0
0 0

0101101
*
Ve
1e-07
-23.255436 84.873917 0
0 0

0101101
*
Ve
1e-07
-19.325085 81.926155 0
0 0

0101101
*
Ve
1e-07
-19.325085 84.873917 0
0 0

0101101
*
Ve
1e-07
-22.395672 83.400032 0
0 0

0101101
*
Ve
1e-07
-21.535908 81.557686 0
0 0

0101101
*
Ve
1e-07
-22.825554 81.926155 0
0 0

0101101
*
Ve
1e-07
-22.825554 81.557686 0
0 0

0101101
*
Ve
1e-07
-22.180731 81.926155 0
0 0

0101101
*
Ve
1e-07
-22.180731 81.557686 0
0 0

0101101
*
Ve
1e-07
-23.255436 81.926155 0
0 0

0101101
*
Ve
1e-07
-30.502022 80.575096 0
0 0

0101101
*
Ve
1e-07
-32.467197 88.497208 0
0 0

0101101
*
Ve
1e-07
-23.562496 80.575096 0
0 0

0101101
*
Ve
1e-07
-23.562496 88.497208 0
0 0

0101101
*
Ve
1e-07
-31.48461 84.536148 0
0 0

0101101
*
Ve
1e-07
-23.255436 81.557686 0
0 0

0101101
*
Ve
1e-07
-23.255436 81.496269 0
0 0

0101101
*
Ve
1e-07
-23.040495 80.912857 0
0 0

0101101
*
Ve
1e-07
-41.61755 77.258858 0
0 0

0101101
*
Ve
1e-07
-30.502022 80.268036 0
0 0

0101101
*
Ve
1e-07
-34.207199 79.264977 0
0 0

0101101
*
Ve
1e-07
-37.912373 78.261917 0
0 0

0101101
*
Ve
1e-07
-26.878729 80.268036 0
0 0

0101101
*
Ve
1e-07
-23.808142 77.258858 0
0 0

0101101
*
Ve
1e-07
-32.22155 80.268036 0
0 0

0101101
*
Ve
1e-07
-32.22155 80.575096 0
0 0

0101101
*
Ve
1e-07
-31.361786 80.575096 0
0 0

0101101
*
Ve
1e-07
-31.361786 80.268036 0
0 0

0101101
*
Ve
1e-07
-21.96579 65.22216 0
0 0

0101101
*
Ve
1e-07
-22.334261 61.230396 0
0 0

0101101
*
Ve
1e-07
-31.361786 65.22216 0
0 0

0101101
*
Ve
1e-07
-25.83473 60.989845 0
0 0

0101101
*
Ve
1e-07
-22.150024 63.226276 0
0 0

0101101
*
Ve
1e-07
-28.598259 63.106003 0
0 0

0101101
*
Ve
1e-07
-24.667906 61.070026 0
0 0

0101101
*
Ve
1e-07
-23.501083 61.150211 0
0 0

0101101
*
Ve
1e-07
-26.663788 65.22216 0
0 0

0101101
*
Ve
1e-07
-32.467197 80.575096 0
0 0

0101101
*
Ve
1e-07
-34.862255 80.575096 0
0 0

0101101
*
Ve
1e-07
-41.61755 88.620033 0
0 0

0101101
*
Ve
1e-07
-33.019905 80.636505 0
0 0

0101101
*
Ve
1e-07
-32.712845 88.620033 0
0 0

0101101
*
Ve
1e-07
-33.941078 80.605797 0
0 0

0101101
*
Ve
1e-07
-39.365784 85.938385 0
0 0

0101101
*
Ve
1e-07
-37.114021 83.256737 0
0 0

0101101
*
Ve
1e-07
-32.97604 81.777008 0
0 0

0101101
*
Ve
1e-07
-32.932175 82.917511 0
0 0

0101101
*
Ve
1e-07
-32.888306 84.058014 0
0 0

0101101
*
Ve
1e-07
-32.84444 85.198524 0
0 0

0101101
*
Ve
1e-07
-32.800575 86.339027 0
0 0

0101101
*
Ve
1e-07
-32.75671 87.47953 0
0 0

0101101
*
Ve
1e-07
-37.165195 88.620033 0
0 0

0101101
*
Ve
1e-07
-32.712845 80.636505 0
0 0

0101101
*
Ve
1e-07
-32.712845 82.233208 0
0 0

0101101
*
Ve
1e-07
-32.712845 83.829918 0
0 0

0101101
*
Ve
1e-07
-32.712845 85.42662 0
0 0

0101101
*
Ve
1e-07
-32.712845 87.023331 0
0 0

0101101
*
Ve
1e-07
-41.61755 80.575096 0
0 0

0101101
*
Ve
1e-07
-41.61755 84.597565 0
0 0

0101101
*
Ve
1e-07
-33.019905 80.268036 0
0 0

0101101
*
Ve
1e-07
-34.862255 80.268036 0
0 0

0101101
*
Ve
1e-07
-33.941078 80.268036 0
0 0

0101101
*
Ve
1e-07
-32.037315 64.792274 0
0 0

0101101
*
Ve
1e-07
-36.090492 62.520042 0
0 0

0101101
*
Ve
1e-07
-32.037315 65.406395 0
0 0

0101101
*
Ve
1e-07
-36.090492 65.406395 0
0 0

0101101
*
Ve
1e-07
-34.063904 63.656158 0
0 0

0101101
*
Ve
1e-07
-31.79167 60.682785 0
0 0

0101101
*
Ve
1e-07
-31.79167 64.792274 0
0 0

0101101
*
Ve
1e-07
-33.941078 61.601414 0
0 0

0101101
*
Ve
1e-07
-32.620728 80.268036 0
0 0

0101101
*
Ve
1e-07
-34.340256 79.515739 0
0 0

0101101
*
Ve
1e-07
-35.885784 79.264977 0
0 0

0101101
*
Ve
1e-07
-38.751667 78.261917 0
0 0

0101101
*
Ve
1e-07
-35.20002 79.139595 0
0 0

0101101
*
Ve
1e-07
-32.851021 79.891891 0
0 0

0101101
*
Ve
1e-07
-33.065964 79.703812 0
0 0

0101101
*
Ve
1e-07
-41.61755 80.268036 0
0 0

0101101
*
Ve
1e-07
-41.61755 78.763451 0
0 0

0101101
*
Ve
1e-07
-38.239902 80.268036 0
0 0

0101101
*
Ve
1e-07
-37.779316 79.515739 0
0 0

0101101
*
Ve
1e-07
-36.397549 62.520042 0
0 0

0101101
*
Ve
1e-07
-44.074017 58.960922 0
0 0

0101101
*
Ve
1e-07
-36.397549 67.371567 0
0 0

0101101
*
Ve
1e-07
-40.235783 67.371567 0
0 0

0101101
*
Ve
1e-07
-44.074017 67.371567 0
0 0

0101101
*
Ve
1e-07
-40.235783 60.740482 0
0 0

0101101
*
Ve
1e-07
-21.167437 64.60804 0
0 0

0101101
*
Ve
1e-07
-21.044613 61.230396 0
0 0

0101101
*
Ve
1e-07
-21.658731 64.60804 0
0 0

0101101
*
Ve
1e-07
-21.658731 61.230396 0
0 0

0101101
*
Ve
1e-07
-21.106026 62.919216 0
0 0

0101101
*
Ve
1e-07
-18.956614 60.984749 0
0 0

0101101
*
Ve
1e-07
-20.000614 61.107571 0
0 0

0101101
*
Ve
1e-07
-21.167437 64.822983 0
0 0

0101101
*
Ve
1e-07
-25.83473 60.682785 0
0 0

0101101
*
Ve
1e-07
-22.334261 60.923336 0
0 0

0101101
*
Ve
1e-07
-24.667906 60.76297 0
0 0

0101101
*
Ve
1e-07
-23.501083 60.843151 0
0 0

0101101
*
Ve
1e-07
-21.96579 61.230396 0
0 0

0101101
*
Ve
1e-07
-31.361786 60.989845 0
0 0

0101101
*
Ve
1e-07
-25.83473 57.403 0
0 0

0101101
*
Ve
1e-07
-23.877792 57.341591 0
0 0

0101101
*
Ve
1e-07
-24.084496 59.16317 0
0 0

0101101
*
Ve
1e-07
-21.920855 52.244415 0
0 0

0101101
*
Ve
1e-07
-21.920855 47.884182 0
0 0

0101101
*
Ve
1e-07
-21.920855 50.064297 0
0 0

0101101
*
Ve
1e-07
-25.83473 47.968224 0
0 0

0101101
*
Ve
1e-07
-21.920855 47.577122 0
0 0

0101101
*
Ve
1e-07
-23.877792 50.106319 0
0 0

0101101
*
Ve
1e-07
-23.877792 47.772671 0
0 0

0101101
*
Ve
1e-07
-17.42132 38.140556 0
0 0

0101101
*
Ve
1e-07
-22.262985 38.140556 0
0 0

0101101
*
Ve
1e-07
-24.644148 44.692333 0
0 0

0101101
*
Ve
1e-07
-23.453566 41.416443 0
0 0

0101101
*
Ve
1e-07
-18.921165 41.286079 0
0 0

0101101
*
Ve
1e-07
-20.421009 44.431599 0
0 0

0101101
*
Ve
1e-07
-32.415909 57.403 0
0 0

0101101
*
Ve
1e-07
-36.274727 59.388042 0
0 0

0101101
*
Ve
1e-07
-36.888844 59.388042 0
0 0

0101101
*
Ve
1e-07
-36.18261 60.954041 0
0 0

0101101
*
Ve
1e-07
-36.643196 60.954041 0
0 0

0101101
*
Ve
1e-07
-34.345318 58.395523 0
0 0

0101101
*
Ve
1e-07
-36.888844 58.960922 0
0 0

0101101
*
Ve
1e-07
-40.48143 59.174484 0
0 0

0101101
*
Ve
1e-07
-36.888844 58.653866 0
0 0

0101101
*
Ve
1e-07
-44.074017 58.653866 0
0 0

0101101
*
Ve
1e-07
-36.888844 58.344044 0
0 0

0101101
*
Ve
1e-07
-40.48143 58.498955 0
0 0

0101101
*
Ve
1e-07
-36.581783 55.030571 0
0 0

0101101
*
Ve
1e-07
-44.074017 49.25787 0
0 0

0101101
*
Ve
1e-07
-36.735313 56.687309 0
0 0

0101101
*
Ve
1e-07
-44.074017 53.955868 0
0 0

0101101
*
Ve
1e-07
-40.3279 52.144218 0
0 0

0101101
*
Ve
1e-07
-36.274727 58.344044 0
0 0

0101101
*
Ve
1e-07
-36.274727 55.030571 0
0 0

0101101
*
Ve
1e-07
-34.345318 56.216785 0
0 0

0101101
*
Ve
1e-07
-36.274727 56.687309 0
0 0

0101101
*
Ve
1e-07
-36.274727 47.968224 0
0 0

0101101
*
Ve
1e-07
-32.415909 47.968224 0
0 0

0101101
*
Ve
1e-07
-36.397549 38.203754 0
0 0

0101101
*
Ve
1e-07
-36.888844 47.968224 0
0 0

0101101
*
Ve
1e-07
-34.406731 43.085987 0
0 0

0101101
*
Ve
1e-07
-36.790585 46.015327 0
0 0

0101101
*
Ve
1e-07
-36.692326 44.062435 0
0 0

0101101
*
Ve
1e-07
-36.594067 42.109543 0
0 0

0101101
*
Ve
1e-07
-36.495808 40.156647 0
0 0

0101101
*
Ve
1e-07
-36.581783 49.25787 0
0 0

0101101
*
Ve
1e-07
-40.3279 49.25787 0
0 0

0101101
*
Ve
1e-07
-37.011669 38.203754 0
0 0

0101101
*
Ve
1e-07
-36.888844 48.766575 0
0 0

0101101
*
Ve
1e-07
-40.020844 48.766575 0
0 0

0101101
*
Ve
1e-07
-36.980961 40.644871 0
0 0

0101101
*
Ve
1e-07
-36.950256 43.085987 0
0 0

0101101
*
Ve
1e-07
-36.919548 45.527103 0
0 0

0101101
*
Ve
1e-07
-38.516254 43.485165 0
0 0

0101101
*
Ve
1e-07
-29.125319 47.968224 0
0 0

0101101
*
Ve
1e-07
-26.08531 37.282578 0
0 0

0101101
*
Ve
1e-07
-24.174147 37.711567 0
0 0

0101101
*
Ve
1e-07
-29.250608 42.625401 0
0 0

0101101
*
Ve
1e-07
-26.649733 42.839893 0
0 0

0101101
*
Ve
1e-07
-30.770615 47.968224 0
0 0

0101101
*
Ve
1e-07
-27.950171 42.732647 0
0 0

0101101
*
Ve
1e-07
-27.480024 47.968224 0
0 0

0101101
*
Ve
1e-07
-25.349295 42.94714 0
0 0

0101101
*
Ve
1e-07
9.427602 46.666553 0
0 0

0101101
*
Ve
1e-07
7.874299 43.701084 0
0 0

0101101
*
Ve
1e-07
8.74452 40.735615 0
0 0

0101101
*
Ve
1e-07
10.167447 37.463089 0
0 0

0101101
*
Ve
1e-07
9.860388 36.848969 0
0 0

0101101
*
Ve
1e-07
9.860388 32.98003 0
0 0

0101101
*
Ve
1e-07
-5.866049 36.789497 0
0 0

0101101
*
Ve
1e-07
9.614741 32.611561 0
0 0

0101101
*
Ve
1e-07
1.874346 37.955353 0
0 0

0101101
*
Ve
1e-07
-0.705786 35.396851 0
0 0

0101101
*
Ve
1e-07
4.454478 34.004204 0
0 0

0101101
*
Ve
1e-07
5.668705 42.218349 0
0 0

0101101
*
Ve
1e-07
5.13102 46.666553 0
0 0

0101101
*
Ve
1e-07
5.534283 43.330402 0
0 0

0101101
*
Ve
1e-07
3.820387 44.998478 0
0 0

0101101
*
Ve
1e-07
5.601494 42.774376 0
0 0

0101101
*
Ve
1e-07
3.758037 44.720463 0
0 0

0101101
*
Ve
1e-07
9.898352 29.927315 0
0 0

0101101
*
Ve
1e-07
-5.866049 33.227173 0
0 0

0101101
*
Ve
1e-07
-5.866049 35.602055 0
0 0

0101101
*
Ve
1e-07
-5.866049 34.414616 0
0 0

0101101
*
Ve
1e-07
-0.705786 33.021969 0
0 0

0101101
*
Ve
1e-07
4.454478 32.816765 0
0 0

0101101
*
Ve
1e-07
-5.866049 23.708353 0
0 0

0101101
*
Ve
1e-07
-0.516712 24.886591 0
0 0

0101101
*
Ve
1e-07
4.832625 26.064831 0
0 0

0101101
*
Ve
1e-07
-6.173108 33.227173 0
0 0

0101101
*
Ve
1e-07
-6.173108 36.789497 0
0 0

0101101
*
Ve
1e-07
-6.173108 35.602055 0
0 0

0101101
*
Ve
1e-07
-6.173108 34.414616 0
0 0

0101101
*
Ve
1e-07
10.181963 20.334248 0
0 0

0101101
*
Ve
1e-07
-6.02451 21.80459 0
0 0

0101101
*
Ve
1e-07
-6.182971 19.900826 0
0 0

0101101
*
Ve
1e-07
1.999495 16.663126 0
0 0

0101101
*
Ve
1e-07
2.078726 21.069418 0
0 0

0101101
*
Ve
1e-07
10.181963 23.788658 0
0 0

0101101
*
Ve
1e-07
2.118341 23.272564 0
0 0

0101101
*
Ve
1e-07
10.181963 16.879837 0
0 0

0101101
*
Ve
1e-07
2.039111 18.866272 0
0 0

0101101
*
Ve
1e-07
-2.032315 19.859489 0
0 0

0101101
*
Ve
1e-07
2.058918 19.967846 0
0 0

0101101
*
Ve
1e-07
-1.972892 21.437004 0
0 0

0101101
*
Ve
1e-07
-2.002604 20.648247 0
0 0

0101101
*
Ve
1e-07
2.019303 17.764698 0
0 0

0101101
*
Ve
1e-07
-2.062027 19.070732 0
0 0

0101101
*
Ve
1e-07
-6.173108 37.311497 0
0 0

0101101
*
Ve
1e-07
-8.783107 35.530334 0
0 0

0101101
*
Ve
1e-07
-6.173108 37.833496 0
0 0

0101101
*
Ve
1e-07
-11.393106 37.833496 0
0 0

0101101
*
Ve
1e-07
-6.173108 28.314234 0
0 0

0101101
*
Ve
1e-07
-8.783107 28.314234 0
0 0

0101101
*
Ve
1e-07
-11.393106 28.314234 0
0 0

0101101
*
Ve
1e-07
-17.42132 28.314234 0
0 0

0101101
*
Ve
1e-07
-11.700165 28.314234 0
0 0

0101101
*
Ve
1e-07
-18.148397 24.015411 0
0 0

0101101
*
Ve
1e-07
-20.052162 26.011293 0
0 0

0101101
*
Ve
1e-07
-21.955925 28.007175 0
0 0

0101101
*
Ve
1e-07
-6.173108 24.015411 0
0 0

0101101
*
Ve
1e-07
-6.173108 26.011293 0
0 0

0101101
*
Ve
1e-07
-6.173108 28.007175 0
0 0

0101101
*
Ve
1e-07
-6.173108 27.009235 0
0 0

0101101
*
Ve
1e-07
-14.064517 28.007175 0
0 0

0101101
*
Ve
1e-07
-13.112635 26.011293 0
0 0

0101101
*
Ve
1e-07
-13.588575 27.009235 0
0 0

0101101
*
Ve
1e-07
-6.173108 25.013353 0
0 0

0101101
*
Ve
1e-07
-12.160752 24.015411 0
0 0

0101101
*
Ve
1e-07
-12.636694 25.013353 0
0 0

0101101
*
Ve
1e-07
-7.933207 19.900826 0
0 0

0101101
*
Ve
1e-07
-12.938264 19.900826 0
0 0

0101101
*
Ve
1e-07
-8.223454 22.439178 0
0 0

0101101
*
Ve
1e-07
-10.580858 21.170002 0
0 0

0101101
*
Ve
1e-07
-11.853323 19.900826 0
0 0

0101101
*
Ve
1e-07
-10.768382 19.900826 0
0 0

0101101
*
Ve
1e-07
-9.683441 19.900826 0
0 0

0101101
*
Ve
1e-07
-9.683441 19.593767 0
0 0

0101101
*
Ve
1e-07
-12.938264 19.593767 0
0 0

0101101
*
Ve
1e-07
-11.853323 19.593767 0
0 0

0101101
*
Ve
1e-07
-10.768382 19.593767 0
0 0

0101101
*
Ve
1e-07
-14.105086 19.593767 0
0 0

0101101
*
Ve
1e-07
-17.42132 19.286709 0
0 0

0101101
*
Ve
1e-07
-14.105086 19.900826 0
0 0

0101101
*
Ve
1e-07
-17.42132 19.900826 0
0 0

0101101
*
Ve
1e-07
-15.763204 19.440237 0
0 0

0101101
*
Ve
1e-07
-15.763204 19.900826 0
0 0

0101101
*
Ve
1e-07
-16.126741 21.80459 0
0 0

0101101
*
Ve
1e-07
-18.148397 23.708353 0
0 0

0101101
*
Ve
1e-07
-13.306734 19.593767 0
0 0

0101101
*
Ve
1e-07
-13.306734 11.855886 0
0 0

0101101
*
Ve
1e-07
-11.495088 15.724827 0
0 0

0101101
*
Ve
1e-07
-20.798967 19.900826 0
0 0

0101101
*
Ve
1e-07
-19.473682 21.80459 0
0 0

0101101
*
Ve
1e-07
-13.736616 11.855886 0
0 0

0101101
*
Ve
1e-07
-13.736616 19.593767 0
0 0

0101101
*
Ve
1e-07
-15.578969 15.571298 0
0 0

0101101
*
Ve
1e-07
-6.182971 11.303182 0
0 0

0101101
*
Ve
1e-07
-5.05682 10.854942 0
0 0

0101101
*
Ve
1e-07
-3.930668 10.406702 0
0 0

0101101
*
Ve
1e-07
-2.804516 9.958463 0
0 0

0101101
*
Ve
1e-07
-1.678364 9.510223 0
0 0

0101101
*
Ve
1e-07
-0.552212 9.061984 0
0 0

0101101
*
Ve
1e-07
0.57394 8.613745 0
0 0

0101101
*
Ve
1e-07
1.700092 8.165505 0
0 0

0101101
*
Ve
1e-07
2.826244 7.717266 0
0 0

0101101
*
Ve
1e-07
3.952396 7.269027 0
0 0

0101101
*
Ve
1e-07
-6.182971 15.602003 0
0 0

0101101
*
Ve
1e-07
0.723642 12.862555 0
0 0

0101101
*
Ve
1e-07
0.085715 10.96227 0
0 0

0101101
*
Ve
1e-07
-2.729665 14.232279 0
0 0

0101101
*
Ve
1e-07
-6.182971 13.452592 0
0 0

0101101
*
Ve
1e-07
-3.048628 12.207431 0
0 0

0101101
*
Ve
1e-07
4.176949 11.492831 0
0 0

0101101
*
Ve
1e-07
3.220058 9.717109 0
0 0

0101101
*
Ve
1e-07
4.955724 -1.469798 0
0 0

0101101
*
Ve
1e-07
3.952396 6.992674 0
0 0

0101101
*
Ve
1e-07
2.826244 7.471619 0
0 0

0101101
*
Ve
1e-07
1.700092 7.950564 0
0 0

0101101
*
Ve
1e-07
0.57394 8.42951 0
0 0

0101101
*
Ve
1e-07
-0.552212 8.908455 0
0 0

0101101
*
Ve
1e-07
-1.678364 9.387401 0
0 0

0101101
*
Ve
1e-07
-2.804516 9.866345 0
0 0

0101101
*
Ve
1e-07
-3.930668 10.345291 0
0 0

0101101
*
Ve
1e-07
-5.05682 10.824236 0
0 0

0101101
*
Ve
1e-07
-0.613624 4.916692 0
0 0

0101101
*
Ve
1e-07
12.202311 -1.469798 0
0 0

0101101
*
Ve
1e-07
-6.367207 -8.594224 0
0 0

0101101
*
Ve
1e-07
-0.705741 -5.032011 0
0 0

0101101
*
Ve
1e-07
-13.736616 1.477302 0
0 0

0101101
*
Ve
1e-07
-9.959794 6.390242 0
0 0

0101101
*
Ve
1e-07
-10.051911 -3.558461 0
0 0

0101101
*
Ve
1e-07
0.142438 -28.675865 0
0 0

0101101
*
Ve
1e-07
0.142438 -27.031395 0
0 0

0101101
*
Ve
1e-07
0.142438 -25.386925 0
0 0

0101101
*
Ve
1e-07
0.142438 -23.742455 0
0 0

0101101
*
Ve
1e-07
0.142438 -22.097984 0
0 0

0101101
*
Ve
1e-07
0.142438 -20.453514 0
0 0

0101101
*
Ve
1e-07
0.142438 -18.809044 0
0 0

0101101
*
Ve
1e-07
0.142438 -17.164574 0
0 0

0101101
*
Ve
1e-07
0.142438 -15.520104 0
0 0

0101101
*
Ve
1e-07
0.142438 -13.875634 0
0 0

0101101
*
Ve
1e-07
-0.164621 -13.875634 0
0 0

0101101
*
Ve
1e-07
-0.141001 -15.014113 0
0 0

0101101
*
Ve
1e-07
-0.117381 -16.152592 0
0 0

0101101
*
Ve
1e-07
-0.093761 -17.291071 0
0 0

0101101
*
Ve
1e-07
-0.070141 -18.42955 0
0 0

0101101
*
Ve
1e-07
-0.046521 -19.568029 0
0 0

0101101
*
Ve
1e-07
-0.022901 -20.706509 0
0 0

0101101
*
Ve
1e-07
0.000719 -21.844988 0
0 0

0101101
*
Ve
1e-07
0.024339 -22.983467 0
0 0

0101101
*
Ve
1e-07
0.047958 -24.121948 0
0 0

0101101
*
Ve
1e-07
0.071578 -25.260427 0
0 0

0101101
*
Ve
1e-07
0.095198 -26.398907 0
0 0

0101101
*
Ve
1e-07
0.118818 -27.537386 0
0 0

0101101
*
Ve
1e-07
0.142438 -44.458683 0
0 0

0101101
*
Ve
1e-07
-3.235208 -44.458683 0
0 0

0101101
*
Ve
1e-07
-6.612854 -44.458683 0
0 0

0101101
*
Ve
1e-07
0.142438 -29.105747 0
0 0

0101101
*
Ve
1e-07
-3.235208 -30.948099 0
0 0

0101101
*
Ve
1e-07
-6.612854 -32.790451 0
0 0

0101101
*
Ve
1e-07
-6.612854 -13.875634 0
0 0

0101101
*
Ve
1e-07
-0.164621 -13.138693 0
0 0

0101101
*
Ve
1e-07
-3.388737 -13.138693 0
0 0

0101101
*
Ve
1e-07
-6.612854 -13.138693 0
0 0

0101101
*
Ve
1e-07
-4.463443 -13.875634 0
0 0

0101101
*
Ve
1e-07
-2.314032 -13.875634 0
0 0

0101101
*
Ve
1e-07
-6.612854 -17.314692 0
0 0

0101101
*
Ve
1e-07
-6.612854 -28.675865 0
0 0

0101101
*
Ve
1e-07
-3.235208 -28.675865 0
0 0

0101101
*
Ve
1e-07
-3.388737 -15.595162 0
0 0

0101101
*
Ve
1e-07
-6.612854 -22.995277 0
0 0

0101101
*
Ve
1e-07
-3.311973 -22.135513 0
0 0

0101101
*
Ve
1e-07
-1.546385 -28.675865 0
0 0

0101101
*
Ve
1e-07
-1.661532 -21.705631 0
0 0

0101101
*
Ve
1e-07
-3.27359 -25.405689 0
0 0

0101101
*
Ve
1e-07
-1.603958 -25.190748 0
0 0

0101101
*
Ve
1e-07
-3.350355 -18.865337 0
0 0

0101101
*
Ve
1e-07
-1.719105 -18.220514 0
0 0

0101101
*
Ve
1e-07
-7.104148 -13.875634 0
0 0

0101101
*
Ve
1e-07
-6.940383 -15.021987 0
0 0

0101101
*
Ve
1e-07
-6.776618 -16.168339 0
0 0

0101101
*
Ve
1e-07
-6.551442 12.285769 0
0 0

0101101
*
Ve
1e-07
-6.551442 19.593767 0
0 0

0101101
*
Ve
1e-07
-6.797089 12.285769 0
0 0

0101101
*
Ve
1e-07
-6.674265 15.939768 0
0 0

0101101
*
Ve
1e-07
-10.051911 12.070828 0
0 0

0101101
*
Ve
1e-07
-6.797089 11.855886 0
0 0

0101101
*
Ve
1e-07
-18.342497 -3.435637 0
0 0

0101101
*
Ve
1e-07
-21.842966 0.433302 0
0 0

0101101
*
Ve
1e-07
-14.166498 -3.435637 0
0 0

0101101
*
Ve
1e-07
-14.166498 0.986008 0
0 0

0101101
*
Ve
1e-07
-20.092731 -1.501168 0
0 0

0101101
*
Ve
1e-07
-15.701792 0.875467 0
0 0

0101101
*
Ve
1e-07
-17.237085 0.764926 0
0 0

0101101
*
Ve
1e-07
-18.772379 0.654385 0
0 0

0101101
*
Ve
1e-07
-20.307673 0.543844 0
0 0

0101101
*
Ve
1e-07
-7.104148 -17.314692 0
0 0

0101101
*
Ve
1e-07
-13.736616 -3.742696 0
0 0

0101101
*
Ve
1e-07
-18.342497 -3.742696 0
0 0

0101101
*
Ve
1e-07
-10.420382 -8.809165 0
0 0

0101101
*
Ve
1e-07
-7.104148 -16.168339 0
0 0

0101101
*
Ve
1e-07
-7.104148 -15.021987 0
0 0

0101101
*
Ve
1e-07
-16.039557 -3.742696 0
0 0

0101101
*
Ve
1e-07
-12.723323 -10.528694 0
0 0

0101101
*
Ve
1e-07
-11.571853 -9.668929 0
0 0

0101101
*
Ve
1e-07
-12.147588 -10.098812 0
0 0

0101101
*
Ve
1e-07
-9.338 -12.632046 0
0 0

0101101
*
Ve
1e-07
-9.625868 -13.27687 0
0 0

0101101
*
Ve
1e-07
-10.996117 -9.239047 0
0 0

0101101
*
Ve
1e-07
-9.050133 -11.987223 0
0 0

0101101
*
Ve
1e-07
-17.789791 19.286709 0
0 0

0101101
*
Ve
1e-07
-20.369085 11.855886 0
0 0

0101101
*
Ve
1e-07
-19.079437 15.571298 0
0 0

0101101
*
Ve
1e-07
-7.104148 -8.594224 0
0 0

0101101
*
Ve
1e-07
-10.420382 -6.16846 0
0 0

0101101
*
Ve
1e-07
-7.104148 -32.790451 0
0 0

0101101
*
Ve
1e-07
-6.612854 -29.59704 0
0 0

0101101
*
Ve
1e-07
-7.104148 -29.59704 0
0 0

0101101
*
Ve
1e-07
-6.612854 -31.725981 0
0 0

0101101
*
Ve
1e-07
-6.612854 -30.66151 0
0 0

0101101
*
Ve
1e-07
-7.104148 -30.66151 0
0 0

0101101
*
Ve
1e-07
-7.104148 -31.725981 0
0 0

0101101
*
Ve
1e-07
-6.612854 -29.351393 0
0 0

0101101
*
Ve
1e-07
-6.612854 -29.105747 0
0 0

0101101
*
Ve
1e-07
-7.104148 -40.835388 0
0 0

0101101
*
Ve
1e-07
-7.104148 -48.880329 0
0 0

0101101
*
Ve
1e-07
-18.710968 -39.238686 0
0 0

0101101
*
Ve
1e-07
-30.317787 -48.880329 0
0 0

0101101
*
Ve
1e-07
-12.907557 -40.037037 0
0 0

0101101
*
Ve
1e-07
-7.104148 -36.81292 0
0 0

0101101
*
Ve
1e-07
-10.005853 -35.615391 0
0 0

0101101
*
Ve
1e-07
-11.456705 -35.016628 0
0 0

0101101
*
Ve
1e-07
-8.555 -33.404568 0
0 0

0101101
*
Ve
1e-07
-9.280427 -32.706009 0
0 0

0101101
*
Ve
1e-07
-26.571671 -3.619873 0
0 0

0101101
*
Ve
1e-07
-16.83791 -10.467282 0
0 0

0101101
*
Ve
1e-07
-16.83791 -16.608456 0
0 0

0101101
*
Ve
1e-07
-17.72838 37.833496 0
0 0

0101101
*
Ve
1e-07
-19.842154 37.833496 0
0 0

0101101
*
Ve
1e-07
-21.955925 37.833496 0
0 0

0101101
*
Ve
1e-07
-21.955925 37.219379 0
0 0

0101101
*
Ve
1e-07
-20.546743 37.424084 0
0 0

0101101
*
Ve
1e-07
-19.137562 37.628792 0
0 0

0101101
*
Ve
1e-07
-22.262985 33.227173 0
0 0

0101101
*
Ve
1e-07
-22.109455 33.227173 0
0 0

0101101
*
Ve
1e-07
-21.955925 33.227173 0
0 0

0101101
*
Ve
1e-07
-20.546743 34.762615 0
0 0

0101101
*
Ve
1e-07
-19.137562 36.298058 0
0 0

0101101
*
Ve
1e-07
-22.109455 35.223278 0
0 0

0101101
*
Ve
1e-07
-22.262985 37.219379 0
0 0

0101101
*
Ve
1e-07
-22.262985 35.223278 0
0 0

0101101
*
Ve
1e-07
-21.955925 28.314234 0
0 0

0101101
*
Ve
1e-07
-19.842154 28.314234 0
0 0

0101101
*
Ve
1e-07
-17.72838 28.314234 0
0 0

0101101
*
Ve
1e-07
-32.344376 37.282578 0
0 0

0101101
*
Ve
1e-07
-32.380142 42.625401 0
0 0

0101101
*
Ve
1e-07
-26.08531 23.914242 0
0 0

0101101
*
Ve
1e-07
-24.174147 37.25098 0
0 0

0101101
*
Ve
1e-07
-24.174147 28.570709 0
0 0

0101101
*
Ve
1e-07
-36.397549 32.36964 0
0 0

0101101
*
Ve
1e-07
-34.370964 34.826107 0
0 0

0101101
*
Ve
1e-07
-36.458961 29.299051 0
0 0

0101101
*
Ve
1e-07
-34.401669 26.606647 0
0 0

0101101
*
Ve
1e-07
-32.344376 23.914242 0
0 0

0101101
*
Ve
1e-07
-32.344376 30.59841 0
0 0

0101101
*
Ve
1e-07
-36.418022 31.346109 0
0 0

0101101
*
Ve
1e-07
-36.438492 30.32258 0
0 0

0101101
*
Ve
1e-07
-21.955925 24.015411 0
0 0

0101101
*
Ve
1e-07
-21.587456 24.015411 0
0 0

0101101
*
Ve
1e-07
-20.195456 24.015411 0
0 0

0101101
*
Ve
1e-07
-19.171926 24.015411 0
0 0

0101101
*
Ve
1e-07
-21.218985 23.708353 0
0 0

0101101
*
Ve
1e-07
-21.218985 24.015411 0
0 0

0101101
*
Ve
1e-07
-20.195456 23.708353 0
0 0

0101101
*
Ve
1e-07
-19.171926 23.708353 0
0 0

0101101
*
Ve
1e-07
-22.262985 23.708353 0
0 0

0101101
*
Ve
1e-07
-21.740984 23.708353 0
0 0

0101101
*
Ve
1e-07
-21.530975 21.80459 0
0 0

0101101
*
Ve
1e-07
-30.317787 17.014473 0
0 0

0101101
*
Ve
1e-07
-25.558376 18.457649 0
0 0

0101101
*
Ve
1e-07
-28.201548 20.464357 0
0 0

0101101
*
Ve
1e-07
-32.344376 17.014473 0
0 0

0101101
*
Ve
1e-07
-32.344376 20.464357 0
0 0

0101101
*
Ve
1e-07
-31.668846 17.014473 0
0 0

0101101
*
Ve
1e-07
-30.993317 17.014473 0
0 0

0101101
*
Ve
1e-07
-29.214842 23.914242 0
0 0

0101101
*
Ve
1e-07
-30.272961 20.464357 0
0 0

0101101
*
Ve
1e-07
-31.308668 20.464357 0
0 0

0101101
*
Ve
1e-07
-30.802021 18.739416 0
0 0

0101101
*
Ve
1e-07
-31.573198 18.739416 0
0 0

0101101
*
Ve
1e-07
-29.237255 20.464357 0
0 0

0101101
*
Ve
1e-07
-30.030844 18.739416 0
0 0

0101101
*
Ve
1e-07
-37.073078 29.299051 0
0 0

0101101
*
Ve
1e-07
-36.704609 32.36964 0
0 0

0101101
*
Ve
1e-07
-36.827431 31.346109 0
0 0

0101101
*
Ve
1e-07
-36.950256 30.32258 0
0 0

0101101
*
Ve
1e-07
-36.458961 27.702347 0
0 0

0101101
*
Ve
1e-07
-34.401669 25.808294 0
0 0

0101101
*
Ve
1e-07
-36.704609 36.852695 0
0 0

0101101
*
Ve
1e-07
-44.074017 36.852695 0
0 0

0101101
*
Ve
1e-07
-40.389313 34.611168 0
0 0

0101101
*
Ve
1e-07
-37.011669 37.282578 0
0 0

0101101
*
Ve
1e-07
-40.020844 37.282578 0
0 0

0101101
*
Ve
1e-07
-37.073078 28.869169 0
0 0

0101101
*
Ve
1e-07
-37.073078 28.621294 0
0 0

0101101
*
Ve
1e-07
-44.074017 28.621294 0
0 0

0101101
*
Ve
1e-07
-40.573547 28.960173 0
0 0

0101101
*
Ve
1e-07
-44.074017 32.736996 0
0 0

0101101
*
Ve
1e-07
-40.48143 31.785669 0
0 0

0101101
*
Ve
1e-07
-44.074017 30.679144 0
0 0

0101101
*
Ve
1e-07
-40.527489 30.372921 0
0 0

0101101
*
Ve
1e-07
-44.074017 34.794846 0
0 0

0101101
*
Ve
1e-07
-40.435371 33.198418 0
0 0

0101101
*
Ve
1e-07
-36.581783 24.506706 0
0 0

0101101
*
Ve
1e-07
-37.073078 27.702347 0
0 0

0101101
*
Ve
1e-07
-36.888844 24.506706 0
0 0

0101101
*
Ve
1e-07
-36.520374 26.104527 0
0 0

0101101
*
Ve
1e-07
-36.980961 26.104527 0
0 0

0101101
*
Ve
1e-07
-37.134491 21.743177 0
0 0

0101101
*
Ve
1e-07
-36.888844 21.743177 0
0 0

0101101
*
Ve
1e-07
-36.888844 23.124943 0
0 0

0101101
*
Ve
1e-07
-36.970726 23.585529 0
0 0

0101101
*
Ve
1e-07
-37.052608 22.664354 0
0 0

0101101
*
Ve
1e-07
-44.074017 28.314234 0
0 0

0101101
*
Ve
1e-07
-39.406727 27.906309 0
0 0

0101101
*
Ve
1e-07
-41.740372 28.110271 0
0 0

0101101
*
Ve
1e-07
-42.277725 27.362352 0
0 0

0101101
*
Ve
1e-07
-40.48143 26.410471 0
0 0

0101101
*
Ve
1e-07
-38.685139 25.458588 0
0 0

0101101
*
Ve
1e-07
-36.581783 19.778002 0
0 0

0101101
*
Ve
1e-07
-34.463081 21.846123 0
0 0

0101101
*
Ve
1e-07
-44.074017 20.146473 0
0 0

0101101
*
Ve
1e-07
-44.074017 24.230354 0
0 0

0101101
*
Ve
1e-07
-40.542843 23.677649 0
0 0

0101101
*
Ve
1e-07
-44.074017 22.188414 0
0 0

0101101
*
Ve
1e-07
-40.573547 22.311237 0
0 0

0101101
*
Ve
1e-07
-44.074017 26.272293 0
0 0

0101101
*
Ve
1e-07
-40.512138 25.04406 0
0 0

0101101
*
Ve
1e-07
-41.760841 20.678707 0
0 0

0101101
*
Ve
1e-07
-39.447666 21.210943 0
0 0

0101101
*
Ve
1e-07
-37.073078 28.314234 0
0 0

0101101
*
Ve
1e-07
-39.406727 28.314234 0
0 0

0101101
*
Ve
1e-07
-41.740372 28.314234 0
0 0

0101101
*
Ve
1e-07
-17.789791 19.593767 0
0 0

0101101
*
Ve
1e-07
-20.369085 19.593767 0
0 0

0101101
*
Ve
1e-07
-21.842966 1.477302 0
0 0

0101101
*
Ve
1e-07
-21.842966 11.303182 0
0 0

0101101
*
Ve
1e-07
-30.317787 16.707415 0
0 0

0101101
*
Ve
1e-07
-20.798967 16.707415 0
0 0

0101101
*
Ve
1e-07
-20.798967 14.373769 0
0 0

0101101
*
Ve
1e-07
-32.774258 12.040122 0
0 0

0101101
*
Ve
1e-07
-20.798967 12.040122 0
0 0

0101101
*
Ve
1e-07
-31.13661 15.15165 0
0 0

0101101
*
Ve
1e-07
-31.955433 13.595886 0
0 0

0101101
*
Ve
1e-07
-26.172495 14.373769 0
0 0

0101101
*
Ve
1e-07
-20.798967 15.540591 0
0 0

0101101
*
Ve
1e-07
-25.558376 16.707415 0
0 0

0101101
*
Ve
1e-07
-25.865437 15.540591 0
0 0

0101101
*
Ve
1e-07
-26.786612 12.040122 0
0 0

0101101
*
Ve
1e-07
-20.798967 13.206945 0
0 0

0101101
*
Ve
1e-07
-26.479553 13.206945 0
0 0

0101101
*
Ve
1e-07
-20.798967 17.014473 0
0 0

0101101
*
Ve
1e-07
-25.558376 17.014473 0
0 0

0101101
*
Ve
1e-07
-21.658731 -3.312814 0
0 0

0101101
*
Ve
1e-07
-20.55332 -3.353755 0
0 0

0101101
*
Ve
1e-07
-19.447908 -3.394696 0
0 0

0101101
*
Ve
1e-07
-21.781555 -0.815403 0
0 0

0101101
*
Ve
1e-07
-21.720142 -2.064108 0
0 0

0101101
*
Ve
1e-07
-21.658731 -3.619873 0
0 0

0101101
*
Ve
1e-07
-20.55332 -3.660814 0
0 0

0101101
*
Ve
1e-07
-19.447908 -3.701755 0
0 0

0101101
*
Ve
1e-07
-14.381439 -10.467282 0
0 0

0101101
*
Ve
1e-07
-24.197083 -3.619873 0
0 0

0101101
*
Ve
1e-07
-25.384377 -3.619873 0
0 0

0101101
*
Ve
1e-07
-19.586084 -7.043577 0
0 0

0101101
*
Ve
1e-07
-18.211998 -8.75543 0
0 0

0101101
*
Ve
1e-07
-22.188408 -5.331725 0
0 0

0101101
*
Ve
1e-07
-21.946598 -6.187651 0
0 0

0101101
*
Ve
1e-07
-18.89904 -7.899504 0
0 0

0101101
*
Ve
1e-07
-22.067503 -5.759688 0
0 0

0101101
*
Ve
1e-07
-22.334261 -3.619873 0
0 0

0101101
*
Ve
1e-07
-17.524954 -9.611356 0
0 0

0101101
*
Ve
1e-07
-21.825695 -6.615614 0
0 0

0101101
*
Ve
1e-07
-23.976065 -5.117743 0
0 0

0101101
*
Ve
1e-07
-21.765242 -6.829596 0
0 0

0101101
*
Ve
1e-07
-24.057148 -5.224734 0
0 0

0101101
*
Ve
1e-07
-16.725321 0.986008 0
0 0

0101101
*
Ve
1e-07
-19.284143 0.986008 0
0 0

0101101
*
Ve
1e-07
-21.842966 0.986008 0
0 0

0101101
*
Ve
1e-07
-22.027203 0.433302 0
0 0

0101101
*
Ve
1e-07
-22.027203 -1.439756 0
0 0

0101101
*
Ve
1e-07
-22.027203 -3.312814 0
0 0

0101101
*
Ve
1e-07
-23.00979 -3.312814 0
0 0

0101101
*
Ve
1e-07
-26.571671 -3.312814 0
0 0

0101101
*
Ve
1e-07
-22.70273 -3.312814 0
0 0

0101101
*
Ve
1e-07
-23.593201 -2.238108 0
0 0

0101101
*
Ve
1e-07
-22.395672 -3.312814 0
0 0

0101101
*
Ve
1e-07
-22.395672 -1.163403 0
0 0

0101101
*
Ve
1e-07
-22.395672 0.986008 0
0 0

0101101
*
Ve
1e-07
-25.384377 -3.312814 0
0 0

0101101
*
Ve
1e-07
-24.197083 -3.312814 0
0 0

0101101
*
Ve
1e-07
-23.787672 -0.446933 0
0 0

0101101
*
Ve
1e-07
-25.17967 -1.879873 0
0 0

0101101
*
Ve
1e-07
-32.344376 16.707415 0
0 0

0101101
*
Ve
1e-07
-31.668846 16.707415 0
0 0

0101101
*
Ve
1e-07
-30.993317 16.707415 0
0 0

0101101
*
Ve
1e-07
-39.406727 17.014473 0
0 0

0101101
*
Ve
1e-07
-37.994255 18.396238 0
0 0

0101101
*
Ve
1e-07
-37.134491 20.822002 0
0 0

0101101
*
Ve
1e-07
-36.888844 20.822002 0
0 0

0101101
*
Ve
1e-07
-36.888844 20.484238 0
0 0

0101101
*
Ve
1e-07
-36.888844 20.146473 0
0 0

0101101
*
Ve
1e-07
-39.447666 20.596825 0
0 0

0101101
*
Ve
1e-07
-41.760841 20.371649 0
0 0

0101101
*
Ve
1e-07
-39.406727 19.778002 0
0 0

0101101
*
Ve
1e-07
-39.406727 18.396238 0
0 0

0101101
*
Ve
1e-07
-23.00979 -3.619873 0
0 0

0101101
*
Ve
1e-07
-30.317787 -3.619873 0
0 0

0101101
*
Ve
1e-07
-30.317787 -26.250101 0
0 0

0101101
*
Ve
1e-07
-32.559315 16.707415 0
0 0

0101101
*
Ve
1e-07
-32.05267 15.540591 0
0 0

0101101
*
Ve
1e-07
-32.774258 16.707415 0
0 0

0101101
*
Ve
1e-07
-32.774258 14.373769 0
0 0

0101101
*
Ve
1e-07
-30.379198 -3.312814 0
0 0

0101101
*
Ve
1e-07
-30.379198 -1.163403 0
0 0

0101101
*
Ve
1e-07
-30.379198 0.986008 0
0 0

0101101
*
Co

0100000
+8009 0 +8008 0 +8007 0 +8006 0 +8005 0 +8004 0 +8003 0 +8002 0 +8001 0 +8000 0 
+7999 0 +7998 0 +7997 0 +7996 0 +7995 0 +7994 0 +7993 0 +7992 0 +7991 0 +7990 0 
+7989 0 +7988 0 +7987 0 +7986 0 +7985 0 +7984 0 +7983 0 +7982 0 +7981 0 +7980 0 
+7979 0 +7978 0 +7977 0 +7976 0 +7975 0 +7974 0 +7973 0 +7972 0 +7971 0 +7970 0 
+7969 0 +7968 0 +7967 0 +7966 0 +7965 0 +7964 0 +7963 0 +7962 0 +7961 0 +7960 0 
+7959 0 +7958 0 +7957 0 +7956 0 +7955 0 +7954 0 +7953 0 +7952 0 +7951 0 +7950 0 
+7949 0 +7948 0 +7947 0 +7946 0 +7945 0 +7944 0 +7943 0 +7942 0 +7941 0 +7940 0 
+7939 0 +7938 0 +7937 0 +7936 0 +7935 0 +7934 0 +7933 0 +7932 0 +7931 0 +7930 0 
+7929 0 +7928 0 +7927 0 +7926 0 +7925 0 +7924 0 +7923 0 +7922 0 +7921 0 +7920 0 
+7919 0 +7918 0 +7917 0 +7916 0 +7915 0 +7914 0 +7913 0 +7912 0 +7911 0 +7910 0 
+7909 0 +7908 0 +7907 0 +7906 0 +7905 0 +7904 0 +7903 0 +7902 0 +7901 0 +7900 0 
+7899 0 +7898 0 +7897 0 +7896 0 +7895 0 +7894 0 +7893 0 +7892 0 +7891 0 +7890 0 
+7889 0 +7888 0 +7887 0 +7886 0 +7885 0 +7884 0 +7883 0 +7882 0 +7881 0 +7880 0 
+7879 0 +7878 0 +7877 0 +7876 0 +7875 0 +7874 0 +7873 0 +7872 0 +7871 0 +7870 0 
+7869 0 +7868 0 +7867 0 +7866 0 +7865 0 +7864 0 +7863 0 +7862 0 +7861 0 +7860 0 
+7859 0 +7858 0 +7857 0 +7856 0 +7855 0 +7854 0 +7853 0 +7852 0 +7851 0 +7850 0 
+7849 0 +7848 0 +7847 0 +7846 0 +7845 0 +7844 0 +7843 0 +7842 0 +7841 0 +7840 0 
+7839 0 +7838 0 +7837 0 +7836 0 +7835 0 +7834 0 +7833 0 +7832 0 +7831 0 +7830 0 
+7829 0 +7828 0 +7827 0 +7826 0 +7825 0 +7824 0 +7823 0 +7822 0 +7821 0 +7820 0 
+7819 0 +7818 0 +7817 0 +7816 0 +7815 0 +7814 0 +7813 0 +7812 0 +7811 0 +7810 0 
+7809 0 +7808 0 +7807 0 +7806 0 +7805 0 +7804 0 +7803 0 +7802 0 +7801 0 +7800 0 
+7799 0 +7798 0 +7797 0 +7796 0 +7795 0 +7794 0 +7793 0 +7792 0 +7791 0 +7790 0 
+7789 0 +7788 0 +7787 0 +7786 0 +7785 0 +7784 0 +7783 0 +7782 0 +7781 0 +7780 0 
+7779 0 +7778 0 +7777 0 +7776 0 +7775 0 +7774 0 +7773 0 +7772 0 +7771 0 +7770 0 
+7769 0 +7768 0 +7767 0 +7766 0 +7765 0 +7764 0 +7763 0 +7762 0 +7761 0 +7760 0 
+7759 0 +7758 0 +7757 0 +7756 0 +7755 0 +7754 0 +7753 0 +7752 0 +7751 0 +7750 0 
+7749 0 +7748 0 +7747 0 +7746 0 +7745 0 +7744 0 +7743 0 +7742 0 +7741 0 +7740 0 
+7739 0 +7738 0 +7737 0 +7736 0 +7735 0 +7734 0 +7733 0 +7732 0 +7731 0 +7730 0 
+7729 0 +7728 0 +7727 0 +7726 0 +7725 0 +7724 0 +7723 0 +7722 0 +7721 0 +7720 0 
+7719 0 +7718 0 +7717 0 +7716 0 +7715 0 +7714 0 +7713 0 +7712 0 +7711 0 +7710 0 
+7709 0 +7708 0 +7707 0 +7706 0 +7705 0 +7704 0 +7703 0 +7702 0 +7701 0 +7700 0 
+7699 0 +7698 0 +7697 0 +7696 0 +7695 0 +7694 0 +7693 0 +7692 0 +7691 0 +7690 0 
+7689 0 +7688 0 +7687 0 +7686 0 +7685 0 +7684 0 +7683 0 +7682 0 +7681 0 +7680 0 
+7679 0 +7678 0 +7677 0 +7676 0 +7675 0 +7674 0 +7673 0 +7672 0 +7671 0 +7670 0 
+7669 0 +7668 0 +7667 0 +7666 0 +7665 0 +7664 0 +7663 0 +7662 0 +7661 0 +7660 0 
+7659 0 +7658 0 +7657 0 +7656 0 +7655 0 +7654 0 +7653 0 +7652 0 +7651 0 +7650 0 
+7649 0 +7648 0 +7647 0 +7646 0 +7645 0 +7644 0 +7643 0 +7642 0 +7641 0 +7640 0 
+7639 0 +7638 0 +7637 0 +7636 0 +7635 0 +7634 0 +7633 0 +7632 0 +7631 0 +7630 0 
+7629 0 +7628 0 +7627 0 +7626 0 +7625 0 +7624 0 +7623 0 +7622 0 +7621 0 +7620 0 
+7619 0 +7618 0 +7617 0 +7616 0 +7615 0 +7614 0 +7613 0 +7612 0 +7611 0 +7610 0 
+7609 0 +7608 0 +7607 0 +7606 0 +7605 0 +7604 0 +7603 0 +7602 0 +7601 0 +7600 0 
+7599 0 +7598 0 +7597 0 +7596 0 +7595 0 +7594 0 +7593 0 +7592 0 +7591 0 +7590 0 
+7589 0 +7588 0 +7587 0 +7586 0 +7585 0 +7584 0 +7583 0 +7582 0 +7581 0 +7580 0 
+7579 0 +7578 0 +7577 0 +7576 0 +7575 0 +7574 0 +7573 0 +7572 0 +7571 0 +7570 0 
+7569 0 +7568 0 +7567 0 +7566 0 +7565 0 +7564 0 +7563 0 +7562 0 +7561 0 +7560 0 
+7559 0 +7558 0 +7557 0 +7556 0 +7555 0 +7554 0 +7553 0 +7552 0 +7551 0 +7550 0 
+7549 0 +7548 0 +7547 0 +7546 0 +7545 0 +7544 0 +7543 0 +7542 0 +7541 0 +7540 0 
+7539 0 +7538 0 +7537 0 +7536 0 +7535 0 +7534 0 +7533 0 +7532 0 +7531 0 +7530 0 
+7529 0 +7528 0 +7527 0 +7526 0 +7525 0 +7524 0 +7523 0 +7522 0 +7521 0 +7520 0 
+7519 0 +7518 0 +7517 0 +7516 0 +7515 0 +7514 0 +7513 0 +7512 0 +7511 0 +7510 0 
+7509 0 +7508 0 +7507 0 +7506 0 +7505 0 +7504 0 +7503 0 +7502 0 +7501 0 +7500 0 
+7499 0 +7498 0 +7497 0 +7496 0 +7495 0 +7494 0 +7493 0 +7492 0 +7491 0 +7490 0 
+7489 0 +7488 0 +7487 0 +7486 0 +7485 0 +7484 0 +7483 0 +7482 0 +7481 0 +7480 0 
+7479 0 +7478 0 +7477 0 +7476 0 +7475 0 +7474 0 +7473 0 +7472 0 +7471 0 +7470 0 
+7469 0 +7468 0 +7467 0 +7466 0 +7465 0 +7464 0 +7463 0 +7462 0 +7461 0 +7460 0 
+7459 0 +7458 0 +7457 0 +7456 0 +7455 0 +7454 0 +7453 0 +7452 0 +7451 0 +7450 0 
+7449 0 +7448 0 +7447 0 +7446 0 +7445 0 +7444 0 +7443 0 +7442 0 +7441 0 +7440 0 
+7439 0 +7438 0 +7437 0 +7436 0 +7435 0 +7434 0 +7433 0 +7432 0 +7431 0 +7430 0 
+7429 0 +7428 0 +7427 0 +7426 0 +7425 0 +7424 0 +7423 0 +7422 0 +7421 0 +7420 0 
+7419 0 +7418 0 +7417 0 +7416 0 +7415 0 +7414 0 +7413 0 +7412 0 +7411 0 +7410 0 
+7409 0 +7408 0 +7407 0 +7406 0 +7405 0 +7404 0 +7403 0 +7402 0 +7401 0 +7400 0 
+7399 0 +7398 0 +7397 0 +7396 0 +7395 0 +7394 0 +7393 0 +7392 0 +7391 0 +7390 0 
+7389 0 +7388 0 +7387 0 +7386 0 +7385 0 +7384 0 +7383 0 +7382 0 +7381 0 +7380 0 
+7379 0 +7378 0 +7377 0 +7376 0 +7375 0 +7374 0 +7373 0 +7372 0 +7371 0 +7370 0 
+7369 0 +7368 0 +7367 0 +7366 0 +7365 0 +7364 0 +7363 0 +7362 0 +7361 0 +7360 0 
+7359 0 +7358 0 +7357 0 +7356 0 +7355 0 +7354 0 +7353 0 +7352 0 +7351 0 +7350 0 
+7349 0 +7348 0 +7347 0 +7346 0 +7345 0 +7344 0 +7343 0 +7342 0 +7341 0 +7340 0 
+7339 0 +7338 0 +7337 0 +7336 0 +7335 0 +7334 0 +7333 0 +7332 0 +7331 0 +7330 0 
+7329 0 +7328 0 +7327 0 +7326 0 +7325 0 +7324 0 +7323 0 +7322 0 +7321 0 +7320 0 
+7319 0 +7318 0 +7317 0 +7316 0 +7315 0 +7314 0 +7313 0 +7312 0 +7311 0 +7310 0 
+7309 0 +7308 0 +7307 0 +7306 0 +7305 0 +7304 0 +7303 0 +7302 0 +7301 0 +7300 0 
+7299 0 +7298 0 +7297 0 +7296 0 +7295 0 +7294 0 +7293 0 +7292 0 +7291 0 +7290 0 
+7289 0 +7288 0 +7287 0 +7286 0 +7285 0 +7284 0 +7283 0 +7282 0 +7281 0 +7280 0 
+7279 0 +7278 0 +7277 0 +7276 0 +7275 0 +7274 0 +7273 0 +7272 0 +7271 0 +7270 0 
+7269 0 +7268 0 +7267 0 +7266 0 +7265 0 +7264 0 +7263 0 +7262 0 +7261 0 +7260 0 
+7259 0 +7258 0 +7257 0 +7256 0 +7255 0 +7254 0 +7253 0 +7252 0 +7251 0 +7250 0 
+7249 0 +7248 0 +7247 0 +7246 0 +7245 0 +7244 0 +7243 0 +7242 0 +7241 0 +7240 0 
+7239 0 +7238 0 +7237 0 +7236 0 +7235 0 +7234 0 +7233 0 +7232 0 +7231 0 +7230 0 
+7229 0 +7228 0 +7227 0 +7226 0 +7225 0 +7224 0 +7223 0 +7222 0 +7221 0 +7220 0 
+7219 0 +7218 0 +7217 0 +7216 0 +7215 0 +7214 0 +7213 0 +7212 0 +7211 0 +7210 0 
+7209 0 +7208 0 +7207 0 +7206 0 +7205 0 +7204 0 +7203 0 +7202 0 +7201 0 +7200 0 
+7199 0 +7198 0 +7197 0 +7196 0 +7195 0 +7194 0 +7193 0 +7192 0 +7191 0 +7190 0 
+7189 0 +7188 0 +7187 0 +7186 0 +7185 0 +7184 0 +7183 0 +7182 0 +7181 0 +7180 0 
+7179 0 +7178 0 +7177 0 +7176 0 +7175 0 +7174 0 +7173 0 +7172 0 +7171 0 +7170 0 
+7169 0 +7168 0 +7167 0 +7166 0 +7165 0 +7164 0 +7163 0 +7162 0 +7161 0 +7160 0 
+7159 0 +7158 0 +7157 0 +7156 0 +7155 0 +7154 0 +7153 0 +7152 0 +7151 0 +7150 0 
+7149 0 +7148 0 +7147 0 +7146 0 +7145 0 +7144 0 +7143 0 +7142 0 +7141 0 +7140 0 
+7139 0 +7138 0 +7137 0 +7136 0 +7135 0 +7134 0 +7133 0 +7132 0 +7131 0 +7130 0 
+7129 0 +7128 0 +7127 0 +7126 0 +7125 0 +7124 0 +7123 0 +7122 0 +7121 0 +7120 0 
+7119 0 +7118 0 +7117 0 +7116 0 +7115 0 +7114 0 +7113 0 +7112 0 +7111 0 +7110 0 
+7109 0 +7108 0 +7107 0 +7106 0 +7105 0 +7104 0 +7103 0 +7102 0 +7101 0 +7100 0 
+7099 0 +7098 0 +7097 0 +7096 0 +7095 0 +7094 0 +7093 0 +7092 0 +7091 0 +7090 0 
+7089 0 +7088 0 +7087 0 +7086 0 +7085 0 +7084 0 +7083 0 +7082 0 +7081 0 +7080 0 
+7079 0 +7078 0 +7077 0 +7076 0 +7075 0 +7074 0 +7073 0 +7072 0 +7071 0 +7070 0 
+7069 0 +7068 0 +7067 0 +7066 0 +7065 0 +7064 0 +7063 0 +7062 0 +7061 0 +7060 0 
+7059 0 +7058 0 +7057 0 +7056 0 +7055 0 +7054 0 +7053 0 +7052 0 +7051 0 +7050 0 
+7049 0 +7048 0 +7047 0 +7046 0 +7045 0 +7044 0 +7043 0 +7042 0 +7041 0 +7040 0 
+7039 0 +7038 0 +7037 0 +7036 0 +7035 0 +7034 0 +7033 0 +7032 0 +7031 0 +7030 0 
+7029 0 +7028 0 +7027 0 +7026 0 +7025 0 +7024 0 +7023 0 +7022 0 +7021 0 +7020 0 
+7019 0 +7018 0 +7017 0 +7016 0 +7015 0 +7014 0 +7013 0 +7012 0 +7011 0 +7010 0 
+7009 0 +7008 0 +7007 0 +7006 0 +7005 0 +7004 0 +7003 0 +7002 0 +7001 0 +7000 0 
+6999 0 +6998 0 +6997 0 +6996 0 +6995 0 +6994 0 +6993 0 +6992 0 +6991 0 +6990 0 
+6989 0 +6988 0 +6987 0 +6986 0 +6985 0 +6984 0 +6983 0 +6982 0 +6981 0 +6980 0 
+6979 0 +6978 0 +6977 0 +6976 0 +6975 0 +6974 0 +6973 0 +6972 0 +6971 0 +6970 0 
+6969 0 +6968 0 +6967 0 +6966 0 +6965 0 +6964 0 +6963 0 +6962 0 +6961 0 +6960 0 
+6959 0 +6958 0 +6957 0 +6956 0 +6955 0 +6954 0 +6953 0 +6952 0 +6951 0 +6950 0 
+6949 0 +6948 0 +6947 0 +6946 0 +6945 0 +6944 0 +6943 0 +6942 0 +6941 0 +6940 0 
+6939 0 +6938 0 +6937 0 +6936 0 +6935 0 +6934 0 +6933 0 +6932 0 +6931 0 +6930 0 
+6929 0 +6928 0 +6927 0 +6926 0 +6925 0 +6924 0 +6923 0 +6922 0 +6921 0 +6920 0 
+6919 0 +6918 0 +6917 0 +6916 0 +6915 0 +6914 0 +6913 0 +6912 0 +6911 0 +6910 0 
+6909 0 +6908 0 +6907 0 +6906 0 +6905 0 +6904 0 +6903 0 +6902 0 +6901 0 +6900 0 
+6899 0 +6898 0 +6897 0 +6896 0 +6895 0 +6894 0 +6893 0 +6892 0 +6891 0 +6890 0 
+6889 0 +6888 0 +6887 0 +6886 0 +6885 0 +6884 0 +6883 0 +6882 0 +6881 0 +6880 0 
+6879 0 +6878 0 +6877 0 +6876 0 +6875 0 +6874 0 +6873 0 +6872 0 +6871 0 +6870 0 
+6869 0 +6868 0 +6867 0 +6866 0 +6865 0 +6864 0 +6863 0 +6862 0 +6861 0 +6860 0 
+6859 0 +6858 0 +6857 0 +6856 0 +6855 0 +6854 0 +6853 0 +6852 0 +6851 0 +6850 0 
+6849 0 +6848 0 +6847 0 +6846 0 +6845 0 +6844 0 +6843 0 +6842 0 +6841 0 +6840 0 
+6839 0 +6838 0 +6837 0 +6836 0 +6835 0 +6834 0 +6833 0 +6832 0 +6831 0 +6830 0 
+6829 0 +6828 0 +6827 0 +6826 0 +6825 0 +6824 0 +6823 0 +6822 0 +6821 0 +6820 0 
+6819 0 +6818 0 +6817 0 +6816 0 +6815 0 +6814 0 +6813 0 +6812 0 +6811 0 +6810 0 
+6809 0 +6808 0 +6807 0 +6806 0 +6805 0 +6804 0 +6803 0 +6802 0 +6801 0 +6800 0 
+6799 0 +6798 0 +6797 0 +6796 0 +6795 0 +6794 0 +6793 0 +6792 0 +6791 0 +6790 0 
+6789 0 +6788 0 +6787 0 +6786 0 +6785 0 +6784 0 +6783 0 +6782 0 +6781 0 +6780 0 
+6779 0 +6778 0 +6777 0 +6776 0 +6775 0 +6774 0 +6773 0 +6772 0 +6771 0 +6770 0 
+6769 0 +6768 0 +6767 0 +6766 0 +6765 0 +6764 0 +6763 0 +6762 0 +6761 0 +6760 0 
+6759 0 +6758 0 +6757 0 +6756 0 +6755 0 +6754 0 +6753 0 +6752 0 +6751 0 +6750 0 
+6749 0 +6748 0 +6747 0 +6746 0 +6745 0 +6744 0 +6743 0 +6742 0 +6741 0 +6740 0 
+6739 0 +6738 0 +6737 0 +6736 0 +6735 0 +6734 0 +6733 0 +6732 0 +6731 0 +6730 0 
+6729 0 +6728 0 +6727 0 +6726 0 +6725 0 +6724 0 +6723 0 +6722 0 +6721 0 +6720 0 
+6719 0 +6718 0 +6717 0 +6716 0 +6715 0 +6714 0 +6713 0 +6712 0 +6711 0 +6710 0 
+6709 0 +6708 0 +6707 0 +6706 0 +6705 0 +6704 0 +6703 0 +6702 0 +6701 0 +6700 0 
+6699 0 +6698 0 +6697 0 +6696 0 +6695 0 +6694 0 +6693 0 +6692 0 +6691 0 +6690 0 
+6689 0 +6688 0 +6687 0 +6686 0 +6685 0 +6684 0 +6683 0 +6682 0 +6681 0 +6680 0 
+6679 0 +6678 0 +6677 0 +6676 0 +6675 0 +6674 0 +6673 0 +6672 0 +6671 0 +6670 0 
+6669 0 +6668 0 +6667 0 +6666 0 +6665 0 +6664 0 +6663 0 +6662 0 +6661 0 +6660 0 
+6659 0 +6658 0 +6657 0 +6656 0 +6655 0 +6654 0 +6653 0 +6652 0 +6651 0 +6650 0 
+6649 0 +6648 0 +6647 0 +6646 0 +6645 0 +6644 0 +6643 0 +6642 0 +6641 0 +6640 0 
+6639 0 +6638 0 +6637 0 +6636 0 +6635 0 +6634 0 +6633 0 +6632 0 +6631 0 +6630 0 
+6629 0 +6628 0 +6627 0 +6626 0 +6625 0 +6624 0 +6623 0 +6622 0 +6621 0 +6620 0 
+6619 0 +6618 0 +6617 0 +6616 0 +6615 0 +6614 0 +6613 0 +6612 0 +6611 0 +6610 0 
+6609 0 +6608 0 +6607 0 +6606 0 +6605 0 +6604 0 +6603 0 +6602 0 +6601 0 +6600 0 
+6599 0 +6598 0 +6597 0 +6596 0 +6595 0 +6594 0 +6593 0 +6592 0 +6591 0 +6590 0 
+6589 0 +6588 0 +6587 0 +6586 0 +6585 0 +6584 0 +6583 0 +6582 0 +6581 0 +6580 0 
+6579 0 +6578 0 +6577 0 +6576 0 +6575 0 +6574 0 +6573 0 +6572 0 +6571 0 +6570 0 
+6569 0 +6568 0 +6567 0 +6566 0 +6565 0 +6564 0 +6563 0 +6562 0 +6561 0 +6560 0 
+6559 0 +6558 0 +6557 0 +6556 0 +6555 0 +6554 0 +6553 0 +6552 0 +6551 0 +6550 0 
+6549 0 +6548 0 +6547 0 +6546 0 +6545 0 +6544 0 +6543 0 +6542 0 +6541 0 +6540 0 
+6539 0 +6538 0 +6537 0 +6536 0 +6535 0 +6534 0 +6533 0 +6532 0 +6531 0 +6530 0 
+6529 0 +6528 0 +6527 0 +6526 0 +6525 0 +6524 0 +6523 0 +6522 0 +6521 0 +6520 0 
+6519 0 +6518 0 +6517 0 +6516 0 +6515 0 +6514 0 +6513 0 +6512 0 +6511 0 +6510 0 
+6509 0 +6508 0 +6507 0 +6506 0 +6505 0 +6504 0 +6503 0 +6502 0 +6501 0 +6500 0 
+6499 0 +6498 0 +6497 0 +6496 0 +6495 0 +6494 0 +6493 0 +6492 0 +6491 0 +6490 0 
+6489 0 +6488 0 +6487 0 +6486 0 +6485 0 +6484 0 +6483 0 +6482 0 +6481 0 +6480 0 
+6479 0 +6478 0 +6477 0 +6476 0 +6475 0 +6474 0 +6473 0 +6472 0 +6471 0 +6470 0 
+6469 0 +6468 0 +6467 0 +6466 0 +6465 0 +6464 0 +6463 0 +6462 0 +6461 0 +6460 0 
+6459 0 +6458 0 +6457 0 +6456 0 +6455 0 +6454 0 +6453 0 +6452 0 +6451 0 +6450 0 
+6449 0 +6448 0 +6447 0 +6446 0 +6445 0 +6444 0 +6443 0 +6442 0 +6441 0 +6440 0 
+6439 0 +6438 0 +6437 0 +6436 0 +6435 0 +6434 0 +6433 0 +6432 0 +6431 0 +6430 0 
+6429 0 +6428 0 +6427 0 +6426 0 +6425 0 +6424 0 +6423 0 +6422 0 +6421 0 +6420 0 
+6419 0 +6418 0 +6417 0 +6416 0 +6415 0 +6414 0 +6413 0 +6412 0 +6411 0 +6410 0 
+6409 0 +6408 0 +6407 0 +6406 0 +6405 0 +6404 0 +6403 0 +6402 0 +6401 0 +6400 0 
+6399 0 +6398 0 +6397 0 +6396 0 +6395 0 +6394 0 +6393 0 +6392 0 +6391 0 +6390 0 
+6389 0 +6388 0 +6387 0 +6386 0 +6385 0 +6384 0 +6383 0 +6382 0 +6381 0 +6380 0 
+6379 0 +6378 0 +6377 0 +6376 0 +6375 0 +6374 0 +6373 0 +6372 0 +6371 0 +6370 0 
+6369 0 +6368 0 +6367 0 +6366 0 +6365 0 +6364 0 +6363 0 +6362 0 +6361 0 +6360 0 
+6359 0 +6358 0 +6357 0 +6356 0 +6355 0 +6354 0 +6353 0 +6352 0 +6351 0 +6350 0 
+6349 0 +6348 0 *
Ve
1e-07
43.335365 38.548992 0
0 0

0101101
*
Ve
1e-07
43.437717 34.70052 0
0 0

0101101
*
Ed
 1e-07 1 1 0
1  1 0 0 3.8498328102254
0

0101000
+6346 0 -6345 0 *
Ve
1e-07
45.034424 34.70052 0
0 0

0101101
*
Ed
 1e-07 1 1 0
1  2 0 0 1.596707
0

0101000
+6345 0 -6343 0 *
Ve
1e-07
45.034424 40.473225 0
0 0

0101101
*
Ed
 1e-07 1 1 0
1  3 0 0 5.772705
0

0101000
+6343 0 -6341 0 *
Ve
1e-07
45.034424 46.24593 0
0 0

0101101
*
Ed
 1e-07 1 1 0
1  4 0 0 5.772705
0

0101000
+6341 0 -6339 0 *
Ve
1e-07
43.130657 46.24593 0
0 0

0101101
*
Ed
 1e-07 1 1 0
1  5 0 0 1.903767
0

0101000
+6339 0 -6337 0 *
Ve
1e-07
43.233013 42.397461 0
0 0

0101101
*
Ed
 1e-07 1 1 0
1  6 0 0 3.84982991763234
0

0101000
+6337 0 -6335 0 *
Ed
 1e-07 1 1 0
1  7 0 0 3.84982981128582
0

0101000
+6335 0 -6346 0 *
Wi

0101100
+6344 0 +6342 0 +6340 0 +6338 0 +6336 0 +6334 0 +6333 0 *
Fa
0  1e-07 1 0

0111000
+6332 0 *
Ve
1e-07
40.282658 49.059216 0
0 0

0101101
*
Ve
1e-07
43.130657 46.24593 0
0 0

0101101
*
Ed
 1e-07 1 1 0
1  8 0 0 4.0032082661032
0

0101000
+6330 0 -6329 0 *
Ve
1e-07
43.130657 76.706154 0
0 0

0101101
*
Ed
 1e-07 1 1 0
1  9 0 0 30.460224
0

0101000
+6329 0 -6327 0 *
Ve
1e-07
40.282658 68.772385 0
0 0

0101101
*
Ed
 1e-07 1 1 0
1  10 0 0 8.42945958228414
0

0101000
+6327 0 -6325 0 *
Ve
1e-07
37.434654 60.838615 0
0 0

0101101
*
Ed
 1e-07 1 1 0
1  11 0 0 8.42946221279365
0

0101000
+6325 0 -6323 0 *
Ve
1e-07
37.434654 51.872501 0
0 0

0101101
*
Ed
 1e-07 1 1 0
1  12 0 0 8.966114
0

0101000
+6323 0 -6321 0 *
Ed
 1e-07 1 1 0
1  13 0 0 4.00321112049327
0

0101000
+6321 0 -6330 0 *
Wi

0101100
+6328 0 +6326 0 +6324 0 +6322 0 +6320 0 +6319 0 *
Fa
0  1e-07 2 0

0111000
+6318 0 *
Ve
1e-07
31.753981 32.407494 0
0 0

0101101
*
Ve
1e-07
33.151249 29.72617 0
0 0

0101101
*
Ed
 1e-07 1 1 0
1  14 0 0 3.02355027356914
0

0101000
+6316 0 -6315 0 *
Ve
1e-07
37.21978 29.72617 0
0 0

0101101
*
Ed
 1e-07 1 1 0
1  15 0 0 4.068531
0

0101000
+6315 0 -6313 0 *
Ve
1e-07
41.288307 29.72617 0
0 0

0101101
*
Ed
 1e-07 1 1 0
1  16 0 0 4.068527
0

0101000
+6313 0 -6311 0 *
Ve
1e-07
43.437717 34.70052 0
0 0

0101101
*
Ed
 1e-07 1 1 0
1  17 0 0 5.41886715749703
0

0101000
+6311 0 -6309 0 *
Ve
1e-07
38.611626 35.723728 0
0 0

0101101
*
Ed
 1e-07 1 1 0
1  18 0 0 4.93336689812799
0

0101000
+6309 0 -6307 0 *
Ve
1e-07
33.785534 36.746937 0
0 0

0101101
*
Ed
 1e-07 1 1 0
1  19 0 0 4.9333680837887
0

0101000
+6307 0 -6305 0 *
Ve
1e-07
28.95944 37.770145 0
0 0

0101101
*
Ed
 1e-07 1 1 0
1  20 0 0 4.93336983289313
0

0101000
+6305 0 -6303 0 *
Ve
1e-07
30.35671 35.088821 0
0 0

0101101
*
Ed
 1e-07 1 1 0
1  21 0 0 3.02355119782616
0

0101000
+6303 0 -6301 0 *
Ed
 1e-07 1 1 0
1  22 0 0 3.02355432039347
0

0101000
+6301 0 -6316 0 *
Wi

0101100
+6314 0 +6312 0 +6310 0 +6308 0 +6306 0 +6304 0 +6302 0 +6300 0 +6299 0 *
Fa
0  1e-07 3 0

0111000
+6298 0 *
Ve
1e-07
38.524776 29.296288 0
0 0

0101101
*
Ve
1e-07
38.524776 27.822407 0
0 0

0101101
*
Ed
 1e-07 1 1 0
1  23 0 0 1.473881
0

0101000
+6296 0 -6295 0 *
Ve
1e-07
38.524776 26.348524 0
0 0

0101101
*
Ed
 1e-07 1 1 0
1  24 0 0 1.473883
0

0101000
+6295 0 -6293 0 *
Ve
1e-07
39.282188 26.430407 0
0 0

0101101
*
Ed
 1e-07 1 1 0
1  25 0 0 0.761825284059929
0

0101000
+6293 0 -6291 0 *
Ve
1e-07
40.0396 26.512289 0
0 0

0101101
*
Ed
 1e-07 1 1 0
1  26 0 0 0.761825176577936
0

0101000
+6291 0 -6289 0 *
Ve
1e-07
40.797012 26.594172 0
0 0

0101101
*
Ed
 1e-07 1 1 0
1  27 0 0 0.761825284059937
0

0101000
+6289 0 -6287 0 *
Ve
1e-07
41.04266 27.945229 0
0 0

0101101
*
Ed
 1e-07 1 1 0
1  28 0 0 1.37320717925337
0

0101000
+6287 0 -6285 0 *
Ve
1e-07
41.288307 29.296288 0
0 0

0101101
*
Ed
 1e-07 1 1 0
1  29 0 0 1.37320896810719
0

0101000
+6285 0 -6283 0 *
Ve
1e-07
39.906544 29.296288 0
0 0

0101101
*
Ed
 1e-07 1 1 0
1  30 0 0 1.38176300000001
0

0101000
+6283 0 -6281 0 *
Ed
 1e-07 1 1 0
1  31 0 0 1.38176799999999
0

0101000
+6281 0 -6296 0 *
Wi

0101100
+6294 0 +6292 0 +6290 0 +6288 0 +6286 0 +6284 0 +6282 0 +6280 0 +6279 0 *
Fa
0  1e-07 4 0

0111000
+6278 0 *
Ve
1e-07
42.36301 27.945229 0
0 0

0101101
*
Ve
1e-07
43.437717 26.594172 0
0 0

0101101
*
Ed
 1e-07 1 1 0
1  32 0 0 1.72636906630593
0

0101000
+6276 0 -6275 0 *
Ve
1e-07
43.437717 34.70052 0
0 0

0101101
*
Ed
 1e-07 1 1 0
1  33 0 0 8.106348
0

0101000
+6275 0 -6273 0 *
Ve
1e-07
41.288307 29.72617 0
0 0

0101101
*
Ed
 1e-07 1 1 0
1  34 0 0 5.41886715749703
0

0101000
+6273 0 -6271 0 *
Ve
1e-07
41.288307 29.296288 0
0 0

0101101
*
Ed
 1e-07 1 1 0
1  35 0 0 0.429881999999999
0

0101000
+6271 0 -6269 0 *
Ed
 1e-07 1 1 0
1  36 0 0 1.72636814141422
0

0101000
+6269 0 -6276 0 *
Wi

0101100
+6274 0 +6272 0 +6270 0 +6268 0 +6267 0 *
Fa
0  1e-07 5 0

0111000
+6266 0 *
Ve
1e-07
33.785534 36.746937 0
0 0

0101101
*
Ve
1e-07
38.611626 35.723728 0
0 0

0101101
*
Ed
 1e-07 1 1 0
1  37 0 0 4.9333680837887
0

0101000
+6264 0 -6263 0 *
Ve
1e-07
43.437717 34.70052 0
0 0

0101101
*
Ed
 1e-07 1 1 0
1  38 0 0 4.93336689812799
0

0101000
+6263 0 -6261 0 *
Ve
1e-07
43.335365 38.548992 0
0 0

0101101
*
Ed
 1e-07 1 1 0
1  39 0 0 3.8498328102254
0

0101000
+6261 0 -6259 0 *
Ve
1e-07
43.233013 42.397461 0
0 0

0101101
*
Ed
 1e-07 1 1 0
1  40 0 0 3.84982981128582
0

0101000
+6259 0 -6257 0 *
Ve
1e-07
43.130657 46.24593 0
0 0

0101101
*
Ed
 1e-07 1 1 0
1  41 0 0 3.84982991763234
0

0101000
+6257 0 -6255 0 *
Ve
1e-07
40.282658 46.510628 0
0 0

0101101
*
Ed
 1e-07 1 1 0
1  42 0 0 2.86027329729259
0

0101000
+6255 0 -6253 0 *
Ve
1e-07
37.434654 46.775326 0
0 0

0101101
*
Ed
 1e-07 1 1 0
1  43 0 0 2.86027827583611
0

0101000
+6253 0 -6251 0 *
Ve
1e-07
34.609585 43.773598 0
0 0

0101101
*
Ed
 1e-07 1 1 0
1  44 0 0 4.12206087300333
0

0101000
+6251 0 -6249 0 *
Ve
1e-07
31.784512 40.771873 0
0 0

0101101
*
Ed
 1e-07 1 1 0
1  45 0 0 4.12206142978899
0

0101000
+6249 0 -6247 0 *
Ve
1e-07
28.95944 37.770145 0
0 0

0101101
*
Ed
 1e-07 1 1 0
1  46 0 0 4.12206292906452
0

0101000
+6247 0 -6245 0 *
Ed
 1e-07 1 1 0
1  47 0 0 4.93336983289313
0

0101000
+6245 0 -6264 0 *
Wi

0101100
+6262 0 +6260 0 +6258 0 +6256 0 +6254 0 +6252 0 +6250 0 +6248 0 +6246 0 +6244 0 
+6243 0 *
Fa
0  1e-07 6 0

0111000
+6242 0 *
Ve
1e-07
37.434654 62.773083 0
0 0

0101101
*
Ve
1e-07
37.434654 61.805851 0
0 0

0101101
*
Ed
 1e-07 1 1 0
1  48 0 0 0.967232000000003
0

0101000
+6240 0 -6239 0 *
Ve
1e-07
37.434654 60.838615 0
0 0

0101101
*
Ed
 1e-07 1 1 0
1  49 0 0 0.967236
0

0101000
+6239 0 -6237 0 *
Ve
1e-07
40.282658 68.772385 0
0 0

0101101
*
Ed
 1e-07 1 1 0
1  50 0 0 8.42946221279365
0

0101000
+6237 0 -6235 0 *
Ve
1e-07
43.130657 76.706154 0
0 0

0101101
*
Ed
 1e-07 1 1 0
1  51 0 0 8.42945958228414
0

0101000
+6235 0 -6233 0 *
Ve
1e-07
37.434654 72.998138 0
0 0

0101101
*
Ed
 1e-07 1 1 0
1  52 0 0 6.79660450756589
0

0101000
+6233 0 -6231 0 *
Ve
1e-07
37.434654 68.852844 0
0 0

0101101
*
Ed
 1e-07 1 1 0
1  53 0 0 4.14529399999999
0

0101000
+6231 0 -6229 0 *
Ve
1e-07
37.434654 66.780197 0
0 0

0101101
*
Ed
 1e-07 1 1 0
1  54 0 0 2.072647
0

0101000
+6229 0 -6227 0 *
Ve
1e-07
37.434654 64.707558 0
0 0

0101101
*
Ed
 1e-07 1 1 0
1  55 0 0 2.072639
0

0101000
+6227 0 -6225 0 *
Ve
1e-07
37.434654 63.740318 0
0 0

0101101
*
Ed
 1e-07 1 1 0
1  56 0 0 0.967240000000004
0

0101000
+6225 0 -6223 0 *
Ed
 1e-07 1 1 0
1  57 0 0 0.967235000000002
0

0101000
+6223 0 -6240 0 *
Wi

0101100
+6238 0 +6236 0 +6234 0 +6232 0 +6230 0 +6228 0 +6226 0 +6224 0 +6222 0 +6221 0 
*
Fa
0  1e-07 7 0

0111000
+6220 0 *
Ve
1e-07
12.516861 74.234146 0
0 0

0101101
*
Ve
1e-07
19.011131 72.998138 0
0 0

0101101
*
Ed
 1e-07 1 1 0
1  58 0 0 6.61084401638429
0

0101000
+6218 0 -6217 0 *
Ve
1e-07
37.434654 72.998138 0
0 0

0101101
*
Ed
 1e-07 1 1 0
1  59 0 0 18.423523
0

0101000
+6217 0 -6215 0 *
Ve
1e-07
43.130657 76.706154 0
0 0

0101101
*
Ed
 1e-07 1 1 0
1  60 0 0 6.79660450756589
0

0101000
+6215 0 -6213 0 *
Ve
1e-07
21.329491 76.706154 0
0 0

0101101
*
Ed
 1e-07 1 1 0
1  61 0 0 21.801166
0

0101000
+6213 0 -6211 0 *
Ve
1e-07
-0.471679 76.706154 0
0 0

0101101
*
Ed
 1e-07 1 1 0
1  62 0 0 21.80117
0

0101000
+6211 0 -6209 0 *
Ve
1e-07
6.022591 75.470146 0
0 0

0101101
*
Ed
 1e-07 1 1 0
1  63 0 0 6.61084401638429
0

0101000
+6209 0 -6207 0 *
Ed
 1e-07 1 1 0
1  64 0 0 6.61084252065499
0

0101000
+6207 0 -6218 0 *
Wi

0101100
+6216 0 +6214 0 +6212 0 +6210 0 +6208 0 +6206 0 +6205 0 *
Fa
0  1e-07 8 0

0111000
+6204 0 *
Ve
1e-07
47.521599 21.711937 0
0 0

0101101
*
Ve
1e-07
51.206303 25.857229 0
0 0

0101101
*
Ed
 1e-07 1 1 0
1  65 0 0 5.54621396385678
0

0101000
+6202 0 -6201 0 *
Ve
1e-07
51.206303 28.620758 0
0 0

0101101
*
Ed
 1e-07 1 1 0
1  66 0 0 2.763529
0

0101000
+6201 0 -6199 0 *
Ve
1e-07
43.836895 28.620758 0
0 0

0101101
*
Ed
 1e-07 1 1 0
1  67 0 0 7.369408
0

0101000
+6199 0 -6197 0 *
Ve
1e-07
43.836895 17.566645 0
0 0

0101101
*
Ed
 1e-07 1 1 0
1  68 0 0 11.054113
0

0101000
+6197 0 -6195 0 *
Ed
 1e-07 1 1 0
1  69 0 0 5.54621396385679
0

0101000
+6195 0 -6202 0 *
Wi

0101100
+6200 0 +6198 0 +6196 0 +6194 0 +6193 0 *
Fa
0  1e-07 9 0

0111000
+6192 0 *
Ve
1e-07
42.117367 26.594172 0
0 0

0101101
*
Ve
1e-07
43.437717 26.594172 0
0 0

0101101
*
Ed
 1e-07 1 1 0
1  70 0 0 1.32035
0

0101000
+6190 0 -6189 0 *
Ve
1e-07
42.36301 27.945229 0
0 0

0101101
*
Ed
 1e-07 1 1 0
1  71 0 0 1.72636906630593
0

0101000
+6189 0 -6187 0 *
Ve
1e-07
41.288307 29.296288 0
0 0

0101101
*
Ed
 1e-07 1 1 0
1  72 0 0 1.72636814141422
0

0101000
+6187 0 -6185 0 *
Ve
1e-07
41.04266 27.945229 0
0 0

0101101
*
Ed
 1e-07 1 1 0
1  73 0 0 1.37320896810719
0

0101000
+6185 0 -6183 0 *
Ve
1e-07
40.797012 26.594172 0
0 0

0101101
*
Ed
 1e-07 1 1 0
1  74 0 0 1.37320717925337
0

0101000
+6183 0 -6181 0 *
Ed
 1e-07 1 1 0
1  75 0 0 1.320355
0

0101000
+6181 0 -6190 0 *
Wi

0101100
+6188 0 +6186 0 +6184 0 +6182 0 +6180 0 +6179 0 *
Fa
0  1e-07 10 0

0111000
+6178 0 *
Ve
1e-07
39.282188 26.430407 0
0 0

0101101
*
Ve
1e-07
38.524776 26.348524 0
0 0

0101101
*
Ed
 1e-07 1 1 0
1  76 0 0 0.761825284059929
0

0101000
+6176 0 -6175 0 *
Ve
1e-07
39.660896 26.348524 0
0 0

0101101
*
Ed
 1e-07 1 1 0
1  77 0 0 1.13612
0

0101000
+6175 0 -6173 0 *
Ve
1e-07
40.797012 26.348524 0
0 0

0101101
*
Ed
 1e-07 1 1 0
1  78 0 0 1.136116
0

0101000
+6173 0 -6171 0 *
Ve
1e-07
40.797012 26.594172 0
0 0

0101101
*
Ed
 1e-07 1 1 0
1  79 0 0 0.245647999999999
0

0101000
+6171 0 -6169 0 *
Ve
1e-07
40.0396 26.512289 0
0 0

0101101
*
Ed
 1e-07 1 1 0
1  80 0 0 0.761825284059937
0

0101000
+6169 0 -6167 0 *
Ed
 1e-07 1 1 0
1  81 0 0 0.761825176577936
0

0101000
+6167 0 -6176 0 *
Wi

0101100
+6174 0 +6172 0 +6170 0 +6168 0 +6166 0 +6165 0 *
Fa
0  1e-07 11 0

0111000
+6164 0 *
Ve
1e-07
33.458309 29.296288 0
0 0

0101101
*
Ve
1e-07
33.458309 27.822407 0
0 0

0101101
*
Ed
 1e-07 1 1 0
1  82 0 0 1.473881
0

0101000
+6162 0 -6161 0 *
Ve
1e-07
35.807308 25.580877 0
0 0

0101101
*
Ed
 1e-07 1 1 0
1  83 0 0 3.24688358936704
0

0101000
+6161 0 -6159 0 *
Ve
1e-07
38.156307 23.339348 0
0 0

0101101
*
Ed
 1e-07 1 1 0
1  84 0 0 3.2468828990036
0

0101000
+6159 0 -6157 0 *
Ve
1e-07
38.156307 29.296288 0
0 0

0101101
*
Ed
 1e-07 1 1 0
1  85 0 0 5.95694
0

0101000
+6157 0 -6155 0 *
Ed
 1e-07 1 1 0
1  86 0 0 4.697998
0

0101000
+6155 0 -6162 0 *
Wi

0101100
+6160 0 +6158 0 +6156 0 +6154 0 +6153 0 *
Fa
0  1e-07 12 0

0111000
+6152 0 *
Ve
1e-07
37.434654 60.838615 0
0 0

0101101
*
Ve
1e-07
37.434654 61.805851 0
0 0

0101101
*
Ed
 1e-07 1 1 0
1  87 0 0 0.967236
0

0101000
+6150 0 -6149 0 *
Ve
1e-07
37.434654 62.773083 0
0 0

0101101
*
Ed
 1e-07 1 1 0
1  88 0 0 0.967232000000003
0

0101000
+6149 0 -6147 0 *
Ve
1e-07
37.434654 63.740318 0
0 0

0101101
*
Ed
 1e-07 1 1 0
1  89 0 0 0.967235000000002
0

0101000
+6147 0 -6145 0 *
Ve
1e-07
37.434654 64.707558 0
0 0

0101101
*
Ed
 1e-07 1 1 0
1  90 0 0 0.967240000000004
0

0101000
+6145 0 -6143 0 *
Ve
1e-07
37.127594 64.707558 0
0 0

0101101
*
Ed
 1e-07 1 1 0
1  91 0 0 0.30706
0

0101000
+6143 0 -6141 0 *
Ve
1e-07
37.127594 63.740318 0
0 0

0101101
*
Ed
 1e-07 1 1 0
1  92 0 0 0.967240000000004
0

0101000
+6141 0 -6139 0 *
Ve
1e-07
37.127594 62.773083 0
0 0

0101101
*
Ed
 1e-07 1 1 0
1  93 0 0 0.967235000000002
0

0101000
+6139 0 -6137 0 *
Ve
1e-07
37.127594 61.805851 0
0 0

0101101
*
Ed
 1e-07 1 1 0
1  94 0 0 0.967232000000003
0

0101000
+6137 0 -6135 0 *
Ve
1e-07
37.127594 60.838615 0
0 0

0101101
*
Ed
 1e-07 1 1 0
1  95 0 0 0.967236
0

0101000
+6135 0 -6133 0 *
Ed
 1e-07 1 1 0
1  96 0 0 0.30706
0

0101000
+6133 0 -6150 0 *
Wi

0101100
+6148 0 +6146 0 +6144 0 +6142 0 +6140 0 +6138 0 +6136 0 +6134 0 +6132 0 +6131 0 
*
Fa
0  1e-07 13 0

0111000
+6130 0 *
Ve
1e-07
34.886066 62.373909 0
0 0

0101101
*
Ve
1e-07
37.127594 64.707558 0
0 0

0101101
*
Ed
 1e-07 1 1 0
1  97 0 0 3.23579440477683
0

0101000
+6128 0 -6127 0 *
Ve
1e-07
37.127594 72.691078 0
0 0

0101101
*
Ed
 1e-07 1 1 0
1  98 0 0 7.98352
0

0101000
+6127 0 -6125 0 *
Ve
1e-07
34.886066 72.691078 0
0 0

0101101
*
Ed
 1e-07 1 1 0
1  99 0 0 2.241528
0

0101000
+6125 0 -6123 0 *
Ve
1e-07
32.644539 72.691078 0
0 0

0101101
*
Ed
 1e-07 1 1 0
1  100 0 0 2.241527
0

0101000
+6123 0 -6121 0 *
Ve
1e-07
32.644539 60.04026 0
0 0

0101101
*
Ed
 1e-07 1 1 0
1  101 0 0 12.650818
0

0101000
+6121 0 -6119 0 *
Ed
 1e-07 1 1 0
1  102 0 0 3.23579371204809
0

0101000
+6119 0 -6128 0 *
Wi

0101100
+6126 0 +6124 0 +6122 0 +6120 0 +6118 0 +6117 0 *
Fa
0  1e-07 14 0

0111000
+6116 0 *
Ve
1e-07
40.282658 49.059216 0
0 0

0101101
*
Ve
1e-07
37.434654 51.872501 0
0 0

0101101
*
Ed
 1e-07 1 1 0
1  103 0 0 4.00321112049327
0

0101000
+6114 0 -6113 0 *
Ve
1e-07
37.281124 51.872501 0
0 0

0101101
*
Ed
 1e-07 1 1 0
1  104 0 0 0.153530000000003
0

0101000
+6113 0 -6111 0 *
Ve
1e-07
37.127594 51.872501 0
0 0

0101101
*
Ed
 1e-07 1 1 0
1  105 0 0 0.153529999999996
0

0101000
+6111 0 -6109 0 *
Ve
1e-07
37.189007 51.098713 0
0 0

0101101
*
Ed
 1e-07 1 1 0
1  106 0 0 0.776221247785066
0

0101000
+6109 0 -6107 0 *
Ve
1e-07
37.25042 50.324924 0
0 0

0101101
*
Ed
 1e-07 1 1 0
1  107 0 0 0.776222244650326
0

0101000
+6107 0 -6105 0 *
Ve
1e-07
37.311832 49.551136 0
0 0

0101101
*
Ed
 1e-07 1 1 0
1  108 0 0 0.7762211686678
0

0101000
+6105 0 -6103 0 *
Ve
1e-07
37.373241 48.777348 0
0 0

0101101
*
Ed
 1e-07 1 1 0
1  109 0 0 0.776220931323675
0

0101000
+6103 0 -6101 0 *
Ve
1e-07
37.434654 48.003559 0
0 0

0101101
*
Ed
 1e-07 1 1 0
1  110 0 0 0.776222244650333
0

0101000
+6101 0 -6099 0 *
Ve
1e-07
40.282658 47.124744 0
0 0

0101101
*
Ed
 1e-07 1 1 0
1  111 0 0 2.98051045766342
0

0101000
+6099 0 -6097 0 *
Ve
1e-07
43.130657 46.24593 0
0 0

0101101
*
Ed
 1e-07 1 1 0
1  112 0 0 2.9805053850978
0

0101000
+6097 0 -6095 0 *
Ed
 1e-07 1 1 0
1  113 0 0 4.0032082661032
0

0101000
+6095 0 -6114 0 *
Wi

0101100
+6112 0 +6110 0 +6108 0 +6106 0 +6104 0 +6102 0 +6100 0 +6098 0 +6096 0 +6094 0 
+6093 0 *
Fa
0  1e-07 15 0

0111000
+6092 0 *
Ve
1e-07
37.127594 62.773083 0
0 0

0101101
*
Ve
1e-07
37.127594 63.740318 0
0 0

0101101
*
Ed
 1e-07 1 1 0
1  114 0 0 0.967235000000002
0

0101000
+6090 0 -6089 0 *
Ve
1e-07
37.127594 64.707558 0
0 0

0101101
*
Ed
 1e-07 1 1 0
1  115 0 0 0.967240000000004
0

0101000
+6089 0 -6087 0 *
Ve
1e-07
34.886066 62.373909 0
0 0

0101101
*
Ed
 1e-07 1 1 0
1  116 0 0 3.23579440477683
0

0101000
+6087 0 -6085 0 *
Ve
1e-07
32.644539 60.04026 0
0 0

0101101
*
Ed
 1e-07 1 1 0
1  117 0 0 3.23579371204809
0

0101000
+6085 0 -6083 0 *
Ve
1e-07
37.127594 60.04026 0
0 0

0101101
*
Ed
 1e-07 1 1 0
1  118 0 0 4.483055
0

0101000
+6083 0 -6081 0 *
Ve
1e-07
37.127594 60.439438 0
0 0

0101101
*
Ed
 1e-07 1 1 0
1  119 0 0 0.399177999999999
0

0101000
+6081 0 -6079 0 *
Ed
 1e-07 1 1 0
1  120 0 0 2.333645
0

0101000
+6079 0 -6090 0 *
Wi

0101100
+6088 0 +6086 0 +6084 0 +6082 0 +6080 0 +6078 0 +6077 0 *
Fa
0  1e-07 16 0

0111000
+6076 0 *
Ve
1e-07
34.886066 49.446735 0
0 0

0101101
*
Ve
1e-07
37.127594 51.872501 0
0 0

0101101
*
Ed
 1e-07 1 1 0
1  121 0 0 3.30284550979001
0

0101000
+6074 0 -6073 0 *
Ve
1e-07
37.127594 59.610378 0
0 0

0101101
*
Ed
 1e-07 1 1 0
1  122 0 0 7.737877
0

0101000
+6073 0 -6071 0 *
Ve
1e-07
32.644539 59.610378 0
0 0

0101101
*
Ed
 1e-07 1 1 0
1  123 0 0 4.483055
0

0101000
+6071 0 -6069 0 *
Ve
1e-07
32.644539 47.020973 0
0 0

0101101
*
Ed
 1e-07 1 1 0
1  124 0 0 12.589405
0

0101000
+6069 0 -6067 0 *
Ed
 1e-07 1 1 0
1  125 0 0 3.30284189333564
0

0101000
+6067 0 -6074 0 *
Wi

0101100
+6072 0 +6070 0 +6068 0 +6066 0 +6065 0 *
Fa
0  1e-07 17 0

0111000
+6064 0 *
Ve
1e-07
37.189007 51.098713 0
0 0

0101101
*
Ve
1e-07
37.127594 51.872501 0
0 0

0101101
*
Ed
 1e-07 1 1 0
1  126 0 0 0.776221247785066
0

0101000
+6062 0 -6061 0 *
Ve
1e-07
37.127594 50.905266 0
0 0

0101101
*
Ed
 1e-07 1 1 0
1  127 0 0 0.967235000000002
0

0101000
+6061 0 -6059 0 *
Ve
1e-07
37.127594 49.93803 0
0 0

0101101
*
Ed
 1e-07 1 1 0
1  128 0 0 0.967236
0

0101000
+6059 0 -6057 0 *
Ve
1e-07
37.127594 48.970795 0
0 0

0101101
*
Ed
 1e-07 1 1 0
1  129 0 0 0.967234999999995
0

0101000
+6057 0 -6055 0 *
Ve
1e-07
37.127594 48.003559 0
0 0

0101101
*
Ed
 1e-07 1 1 0
1  130 0 0 0.967236
0

0101000
+6055 0 -6053 0 *
Ve
1e-07
37.434654 48.003559 0
0 0

0101101
*
Ed
 1e-07 1 1 0
1  131 0 0 0.30706
0

0101000
+6053 0 -6051 0 *
Ve
1e-07
37.373241 48.777348 0
0 0

0101101
*
Ed
 1e-07 1 1 0
1  132 0 0 0.776222244650333
0

0101000
+6051 0 -6049 0 *
Ve
1e-07
37.311832 49.551136 0
0 0

0101101
*
Ed
 1e-07 1 1 0
1  133 0 0 0.776220931323675
0

0101000
+6049 0 -6047 0 *
Ve
1e-07
37.25042 50.324924 0
0 0

0101101
*
Ed
 1e-07 1 1 0
1  134 0 0 0.7762211686678
0

0101000
+6047 0 -6045 0 *
Ed
 1e-07 1 1 0
1  135 0 0 0.776222244650326
0

0101000
+6045 0 -6062 0 *
Wi

0101100
+6060 0 +6058 0 +6056 0 +6054 0 +6052 0 +6050 0 +6048 0 +6046 0 +6044 0 +6043 0 
*
Fa
0  1e-07 18 0

0111000
+6042 0 *
Ve
1e-07
34.886066 47.020973 0
0 0

0101101
*
Ve
1e-07
37.127594 47.020973 0
0 0

0101101
*
Ed
 1e-07 1 1 0
1  136 0 0 2.241528
0

0101000
+6040 0 -6039 0 *
Ve
1e-07
37.127594 47.512264 0
0 0

0101101
*
Ed
 1e-07 1 1 0
1  137 0 0 0.491291000000004
0

0101000
+6039 0 -6037 0 *
Ve
1e-07
37.127594 48.970795 0
0 0

0101101
*
Ed
 1e-07 1 1 0
1  138 0 0 1.458531
0

0101000
+6037 0 -6035 0 *
Ve
1e-07
37.127594 49.93803 0
0 0

0101101
*
Ed
 1e-07 1 1 0
1  139 0 0 0.967234999999995
0

0101000
+6035 0 -6033 0 *
Ve
1e-07
37.127594 50.905266 0
0 0

0101101
*
Ed
 1e-07 1 1 0
1  140 0 0 0.967236
0

0101000
+6033 0 -6031 0 *
Ve
1e-07
37.127594 51.872501 0
0 0

0101101
*
Ed
 1e-07 1 1 0
1  141 0 0 0.967235000000002
0

0101000
+6031 0 -6029 0 *
Ve
1e-07
34.886066 49.446735 0
0 0

0101101
*
Ed
 1e-07 1 1 0
1  142 0 0 3.30284550979001
0

0101000
+6029 0 -6027 0 *
Ve
1e-07
32.644539 47.020973 0
0 0

0101101
*
Ed
 1e-07 1 1 0
1  143 0 0 3.30284189333564
0

0101000
+6027 0 -6025 0 *
Ed
 1e-07 1 1 0
1  144 0 0 2.241527
0

0101000
+6025 0 -6040 0 *
Wi

0101100
+6038 0 +6036 0 +6034 0 +6032 0 +6030 0 +6028 0 +6026 0 +6024 0 +6023 0 *
Fa
0  1e-07 19 0

0111000
+6022 0 *
Ve
1e-07
33.304779 26.194994 0
0 0

0101101
*
Ve
1e-07
33.458309 24.567583 0
0 0

0101101
*
Ed
 1e-07 1 1 0
1  145 0 0 1.63463697003983
0

0101000
+6020 0 -6019 0 *
Ve
1e-07
35.807308 23.953466 0
0 0

0101101
*
Ed
 1e-07 1 1 0
1  146 0 0 2.42794892691135
0

0101000
+6019 0 -6017 0 *
Ve
1e-07
38.156307 23.339348 0
0 0

0101101
*
Ed
 1e-07 1 1 0
1  147 0 0 2.42794917984809
0

0101000
+6017 0 -6015 0 *
Ve
1e-07
35.807308 25.580877 0
0 0

0101101
*
Ed
 1e-07 1 1 0
1  148 0 0 3.2468828990036
0

0101000
+6015 0 -6013 0 *
Ve
1e-07
33.458309 27.822407 0
0 0

0101101
*
Ed
 1e-07 1 1 0
1  149 0 0 3.24688358936704
0

0101000
+6013 0 -6011 0 *
Ve
1e-07
33.151249 27.822407 0
0 0

0101101
*
Ed
 1e-07 1 1 0
1  150 0 0 0.30706
0

0101000
+6011 0 -6009 0 *
Ed
 1e-07 1 1 0
1  151 0 0 1.63463896119877
0

0101000
+6009 0 -6020 0 *
Wi

0101100
+6018 0 +6016 0 +6014 0 +6012 0 +6010 0 +6008 0 +6007 0 *
Fa
0  1e-07 20 0

0111000
+6006 0 *
Ve
1e-07
33.304779 26.194994 0
0 0

0101101
*
Ve
1e-07
33.151249 27.822407 0
0 0

0101101
*
Ed
 1e-07 1 1 0
1  152 0 0 1.63463896119877
0

0101000
+6004 0 -6003 0 *
Ve
1e-07
30.714819 27.629293 0
0 0

0101101
*
Ed
 1e-07 1 1 0
1  153 0 0 2.4440712268459
0

0101000
+6003 0 -6001 0 *
Ve
1e-07
28.278389 27.43618 0
0 0

0101101
*
Ed
 1e-07 1 1 0
1  154 0 0 2.44407114783285
0

0101000
+6001 0 -5999 0 *
Ve
1e-07
25.841957 27.243069 0
0 0

0101101
*
Ed
 1e-07 1 1 0
1  155 0 0 2.44407298355532
0

0101000
+5999 0 -5997 0 *
Ve
1e-07
28.278389 26.35124 0
0 0

0101101
*
Ed
 1e-07 1 1 0
1  156 0 0 2.59452497692063
0

0101000
+5997 0 -5995 0 *
Ve
1e-07
30.714819 25.459412 0
0 0

0101101
*
Ed
 1e-07 1 1 0
1  157 0 0 2.59452275505226
0

0101000
+5995 0 -5993 0 *
Ve
1e-07
33.151249 24.567583 0
0 0

0101101
*
Ed
 1e-07 1 1 0
1  158 0 0 2.59452309878733
0

0101000
+5993 0 -5991 0 *
Ve
1e-07
33.304779 24.567583 0
0 0

0101101
*
Ed
 1e-07 1 1 0
1  159 0 0 0.153530000000003
0

0101000
+5991 0 -5989 0 *
Ve
1e-07
33.458309 24.567583 0
0 0

0101101
*
Ed
 1e-07 1 1 0
1  160 0 0 0.153529999999996
0

0101000
+5989 0 -5987 0 *
Ed
 1e-07 1 1 0
1  161 0 0 1.63463697003983
0

0101000
+5987 0 -6004 0 *
Wi

0101100
+6002 0 +6000 0 +5998 0 +5996 0 +5994 0 +5992 0 +5990 0 +5988 0 +5986 0 +5985 0 
*
Fa
0  1e-07 21 0

0111000
+5984 0 *
Ve
1e-07
33.458309 23.339348 0
0 0

0101101
*
Ve
1e-07
38.156307 23.339348 0
0 0

0101101
*
Ed
 1e-07 1 1 0
1  162 0 0 4.697998
0

0101000
+5982 0 -5981 0 *
Ve
1e-07
35.807308 23.953466 0
0 0

0101101
*
Ed
 1e-07 1 1 0
1  163 0 0 2.42794917984809
0

0101000
+5981 0 -5979 0 *
Ve
1e-07
33.458309 24.567583 0
0 0

0101101
*
Ed
 1e-07 1 1 0
1  164 0 0 2.42794892691135
0

0101000
+5979 0 -5977 0 *
Ed
 1e-07 1 1 0
1  165 0 0 1.228235
0

0101000
+5977 0 -5982 0 *
Wi

0101100
+5980 0 +5978 0 +5976 0 +5975 0 *
Fa
0  1e-07 22 0

0111000
+5974 0 *
Ve
1e-07
30.714819 18.929296 0
0 0

0101101
*
Ve
1e-07
33.151249 21.681231 0
0 0

0101101
*
Ed
 1e-07 1 1 0
1  166 0 0 3.67550505225132
0

0101000
+5972 0 -5971 0 *
Ve
1e-07
33.151249 24.567583 0
0 0

0101101
*
Ed
 1e-07 1 1 0
1  167 0 0 2.886352
0

0101000
+5971 0 -5969 0 *
Ve
1e-07
30.714819 25.459412 0
0 0

0101101
*
Ed
 1e-07 1 1 0
1  168 0 0 2.59452309878733
0

0101000
+5969 0 -5967 0 *
Ve
1e-07
28.278389 26.35124 0
0 0

0101101
*
Ed
 1e-07 1 1 0
1  169 0 0 2.59452275505226
0

0101000
+5967 0 -5965 0 *
Ve
1e-07
25.841957 27.243069 0
0 0

0101101
*
Ed
 1e-07 1 1 0
1  170 0 0 2.59452497692063
0

0101000
+5965 0 -5963 0 *
Ve
1e-07
25.841957 13.425426 0
0 0

0101101
*
Ed
 1e-07 1 1 0
1  171 0 0 13.817643
0

0101000
+5963 0 -5961 0 *
Ve
1e-07
28.278389 16.177361 0
0 0

0101101
*
Ed
 1e-07 1 1 0
1  172 0 0 3.67550637801773
0

0101000
+5961 0 -5959 0 *
Ed
 1e-07 1 1 0
1  173 0 0 3.67550505225132
0

0101000
+5959 0 -5972 0 *
Wi

0101100
+5970 0 +5968 0 +5966 0 +5964 0 +5962 0 +5960 0 +5958 0 +5957 0 *
Fa
0  1e-07 23 0

0111000
+5956 0 *
Ve
1e-07
30.35671 35.088821 0
0 0

0101101
*
Ve
1e-07
28.95944 37.770145 0
0 0

0101101
*
Ed
 1e-07 1 1 0
1  174 0 0 3.02355119782616
0

0101000
+5954 0 -5953 0 *
Ve
1e-07
28.95944 32.611561 0
0 0

0101101
*
Ed
 1e-07 1 1 0
1  175 0 0 5.158584
0

0101000
+5953 0 -5951 0 *
Ve
1e-07
30.35671 31.015175 0
0 0

0101101
*
Ed
 1e-07 1 1 0
1  176 0 0 2.12151165773276
0

0101000
+5951 0 -5949 0 *
Ve
1e-07
31.753981 29.418791 0
0 0

0101101
*
Ed
 1e-07 1 1 0
1  177 0 0 2.12151081140234
0

0101000
+5949 0 -5947 0 *
Ve
1e-07
33.151249 27.822407 0
0 0

0101101
*
Ed
 1e-07 1 1 0
1  178 0 0 2.12150883554135
0

0101000
+5947 0 -5945 0 *
Ve
1e-07
33.151249 29.72617 0
0 0

0101101
*
Ed
 1e-07 1 1 0
1  179 0 0 1.903763
0

0101000
+5945 0 -5943 0 *
Ve
1e-07
31.753981 32.407494 0
0 0

0101101
*
Ed
 1e-07 1 1 0
1  180 0 0 3.02355027356914
0

0101000
+5943 0 -5941 0 *
Ed
 1e-07 1 1 0
1  181 0 0 3.02355432039347
0

0101000
+5941 0 -5954 0 *
Wi

0101100
+5952 0 +5950 0 +5948 0 +5946 0 +5944 0 +5942 0 +5940 0 +5939 0 *
Fa
0  1e-07 24 0

0111000
+5938 0 *
Ve
1e-07
40.282658 47.124744 0
0 0

0101101
*
Ve
1e-07
37.434654 48.003559 0
0 0

0101101
*
Ed
 1e-07 1 1 0
1  182 0 0 2.98051045766342
0

0101000
+5936 0 -5935 0 *
Ve
1e-07
37.434654 46.775326 0
0 0

0101101
*
Ed
 1e-07 1 1 0
1  183 0 0 1.228233
0

0101000
+5935 0 -5933 0 *
Ve
1e-07
40.282658 46.510628 0
0 0

0101101
*
Ed
 1e-07 1 1 0
1  184 0 0 2.86027827583611
0

0101000
+5933 0 -5931 0 *
Ve
1e-07
43.130657 46.24593 0
0 0

0101101
*
Ed
 1e-07 1 1 0
1  185 0 0 2.86027329729259
0

0101000
+5931 0 -5929 0 *
Ed
 1e-07 1 1 0
1  186 0 0 2.9805053850978
0

0101000
+5929 0 -5936 0 *
Wi

0101100
+5934 0 +5932 0 +5930 0 +5928 0 +5927 0 *
Fa
0  1e-07 25 0

0111000
+5926 0 *
Ve
1e-07
60.448772 8.882347 0
0 0

0101101
*
Ve
1e-07
65.331001 6.646283 0
0 0

0101101
*
Ed
 1e-07 1 1 0
1  187 0 0 5.36992944278945
0

0101000
+5924 0 -5923 0 *
Ve
1e-07
65.331001 21.251348 0
0 0

0101101
*
Ed
 1e-07 1 1 0
1  188 0 0 14.605065
0

0101000
+5923 0 -5921 0 *
Ve
1e-07
55.566536 21.251348 0
0 0

0101101
*
Ed
 1e-07 1 1 0
1  189 0 0 9.764465
0

0101000
+5921 0 -5919 0 *
Ve
1e-07
55.566536 11.118411 0
0 0

0101101
*
Ed
 1e-07 1 1 0
1  190 0 0 10.132937
0

0101000
+5919 0 -5917 0 *
Ed
 1e-07 1 1 0
1  191 0 0 5.36993580704574
0

0101000
+5917 0 -5924 0 *
Wi

0101100
+5922 0 +5920 0 +5918 0 +5916 0 +5915 0 *
Fa
0  1e-07 26 0

0111000
+5914 0 *
Ve
1e-07
51.881832 19.562527 0
0 0

0101101
*
Ve
1e-07
48.504189 17.566645 0
0 0

0101101
*
Ed
 1e-07 1 1 0
1  192 0 0 3.92326613848373
0

0101000
+5912 0 -5911 0 *
Ve
1e-07
48.504189 11.364058 0
0 0

0101101
*
Ed
 1e-07 1 1 0
1  193 0 0 6.202587
0

0101000
+5911 0 -5909 0 *
Ve
1e-07
51.881832 11.241235 0
0 0

0101101
*
Ed
 1e-07 1 1 0
1  194 0 0 3.37987540077708
0

0101000
+5909 0 -5907 0 *
Ve
1e-07
55.25948 11.118411 0
0 0

0101101
*
Ed
 1e-07 1 1 0
1  195 0 0 3.37988043381419
0

0101000
+5907 0 -5905 0 *
Ve
1e-07
55.25948 21.558409 0
0 0

0101101
*
Ed
 1e-07 1 1 0
1  196 0 0 10.439998
0

0101000
+5905 0 -5903 0 *
Ed
 1e-07 1 1 0
1  197 0 0 3.92327044311605
0

0101000
+5903 0 -5912 0 *
Wi

0101100
+5910 0 +5908 0 +5906 0 +5904 0 +5902 0 +5901 0 *
Fa
0  1e-07 27 0

0111000
+5900 0 *
Ve
1e-07
45.331245 11.732529 0
0 0

0101101
*
Ve
1e-07
46.45713 11.732529 0
0 0

0101101
*
Ed
 1e-07 1 1 0
1  198 0 0 1.125885
0

0101000
+5898 0 -5897 0 *
Ve
1e-07
48.197128 11.732529 0
0 0

0101101
*
Ed
 1e-07 1 1 0
1  199 0 0 1.739998
0

0101000
+5897 0 -5895 0 *
Ve
1e-07
48.197128 17.07535 0
0 0

0101101
*
Ed
 1e-07 1 1 0
1  200 0 0 5.342821
0

0101000
+5895 0 -5893 0 *
Ve
1e-07
46.201248 14.403939 0
0 0

0101101
*
Ed
 1e-07 1 1 0
1  201 0 0 3.33466245747917
0

0101000
+5893 0 -5891 0 *
Ve
1e-07
44.205364 11.732529 0
0 0

0101101
*
Ed
 1e-07 1 1 0
1  202 0 0 3.33466405047885
0

0101000
+5891 0 -5889 0 *
Ed
 1e-07 1 1 0
1  203 0 0 1.125881
0

0101000
+5889 0 -5898 0 *
Wi

0101100
+5896 0 +5894 0 +5892 0 +5890 0 +5888 0 +5887 0 *
Fa
0  1e-07 28 0

0111000
+5886 0 *
Ve
1e-07
44.205364 11.364058 0
0 0

0101101
*
Ve
1e-07
45.331245 11.364058 0
0 0

0101101
*
Ed
 1e-07 1 1 0
1  204 0 0 1.125881
0

0101000
+5884 0 -5883 0 *
Ve
1e-07
46.45713 11.364058 0
0 0

0101101
*
Ed
 1e-07 1 1 0
1  205 0 0 1.125885
0

0101000
+5883 0 -5881 0 *
Ve
1e-07
47.583012 11.364058 0
0 0

0101101
*
Ed
 1e-07 1 1 0
1  206 0 0 1.125882
0

0101000
+5881 0 -5879 0 *
Ve
1e-07
47.583012 11.732529 0
0 0

0101101
*
Ed
 1e-07 1 1 0
1  207 0 0 0.368471
0

0101000
+5879 0 -5877 0 *
Ve
1e-07
46.45713 11.732529 0
0 0

0101101
*
Ed
 1e-07 1 1 0
1  208 0 0 1.125882
0

0101000
+5877 0 -5875 0 *
Ve
1e-07
45.331245 11.732529 0
0 0

0101101
*
Ed
 1e-07 1 1 0
1  209 0 0 1.125885
0

0101000
+5875 0 -5873 0 *
Ve
1e-07
44.205364 11.732529 0
0 0

0101101
*
Ed
 1e-07 1 1 0
1  210 0 0 1.125881
0

0101000
+5873 0 -5871 0 *
Ed
 1e-07 1 1 0
1  211 0 0 0.368471
0

0101000
+5871 0 -5884 0 *
Wi

0101100
+5882 0 +5880 0 +5878 0 +5876 0 +5874 0 +5872 0 +5870 0 +5869 0 *
Fa
0  1e-07 29 0

0111000
+5868 0 *
Ve
1e-07
47.521599 21.711937 0
0 0

0101101
*
Ve
1e-07
43.836895 17.566645 0
0 0

0101101
*
Ed
 1e-07 1 1 0
1  212 0 0 5.54621396385679
0

0101000
+5866 0 -5865 0 *
Ve
1e-07
48.504189 17.566645 0
0 0

0101101
*
Ed
 1e-07 1 1 0
1  213 0 0 4.667294
0

0101000
+5865 0 -5863 0 *
Ve
1e-07
51.881832 19.562527 0
0 0

0101101
*
Ed
 1e-07 1 1 0
1  214 0 0 3.92326613848373
0

0101000
+5863 0 -5861 0 *
Ve
1e-07
55.25948 21.558409 0
0 0

0101101
*
Ed
 1e-07 1 1 0
1  215 0 0 3.92327044311605
0

0101000
+5861 0 -5859 0 *
Ve
1e-07
51.206303 25.857229 0
0 0

0101101
*
Ed
 1e-07 1 1 0
1  216 0 0 5.90830747217247
0

0101000
+5859 0 -5857 0 *
Ed
 1e-07 1 1 0
1  217 0 0 5.54621396385678
0

0101000
+5857 0 -5866 0 *
Wi

0101100
+5864 0 +5862 0 +5860 0 +5858 0 +5856 0 +5855 0 *
Fa
0  1e-07 30 0

0111000
+5854 0 *
Ve
1e-07
55.25948 8.285794 0
0 0

0101101
*
Ve
1e-07
55.25948 7.341589 0
0 0

0101101
*
Ed
 1e-07 1 1 0
1  218 0 0 0.944204999999999
0

0101000
+5852 0 -5851 0 *
Ve
1e-07
55.566536 7.341589 0
0 0

0101101
*
Ed
 1e-07 1 1 0
1  219 0 0 0.307055999999996
0

0101000
+5851 0 -5849 0 *
Ve
1e-07
55.566536 8.285794 0
0 0

0101101
*
Ed
 1e-07 1 1 0
1  220 0 0 0.944204999999999
0

0101000
+5849 0 -5847 0 *
Ve
1e-07
55.566536 9.23 0
0 0

0101101
*
Ed
 1e-07 1 1 0
1  221 0 0 0.944206000000001
0

0101000
+5847 0 -5845 0 *
Ve
1e-07
55.566536 10.174206 0
0 0

0101101
*
Ed
 1e-07 1 1 0
1  222 0 0 0.944205999999999
0

0101000
+5845 0 -5843 0 *
Ve
1e-07
55.566536 11.118411 0
0 0

0101101
*
Ed
 1e-07 1 1 0
1  223 0 0 0.944205
0

0101000
+5843 0 -5841 0 *
Ve
1e-07
55.25948 11.118411 0
0 0

0101101
*
Ed
 1e-07 1 1 0
1  224 0 0 0.307055999999996
0

0101000
+5841 0 -5839 0 *
Ve
1e-07
55.25948 10.174206 0
0 0

0101101
*
Ed
 1e-07 1 1 0
1  225 0 0 0.944205
0

0101000
+5839 0 -5837 0 *
Ve
1e-07
55.25948 9.23 0
0 0

0101101
*
Ed
 1e-07 1 1 0
1  226 0 0 0.944205999999999
0

0101000
+5837 0 -5835 0 *
Ed
 1e-07 1 1 0
1  227 0 0 0.944206000000001
0

0101000
+5835 0 -5852 0 *
Wi

0101100
+5850 0 +5848 0 +5846 0 +5844 0 +5842 0 +5840 0 +5838 0 +5836 0 +5834 0 +5833 0 
*
Fa
0  1e-07 31 0

0111000
+5832 0 *
Ve
1e-07
55.566536 10.174206 0
0 0

0101101
*
Ve
1e-07
55.566536 9.23 0
0 0

0101101
*
Ed
 1e-07 1 1 0
1  228 0 0 0.944205999999999
0

0101000
+5830 0 -5829 0 *
Ve
1e-07
55.566536 8.285794 0
0 0

0101101
*
Ed
 1e-07 1 1 0
1  229 0 0 0.944206000000001
0

0101000
+5829 0 -5827 0 *
Ve
1e-07
55.566536 6.993936 0
0 0

0101101
*
Ed
 1e-07 1 1 0
1  230 0 0 1.291858
0

0101000
+5827 0 -5825 0 *
Ve
1e-07
55.566536 6.646283 0
0 0

0101101
*
Ed
 1e-07 1 1 0
1  231 0 0 0.347652999999999
0

0101000
+5825 0 -5823 0 *
Ve
1e-07
60.448772 6.646283 0
0 0

0101101
*
Ed
 1e-07 1 1 0
1  232 0 0 4.882236
0

0101000
+5823 0 -5821 0 *
Ve
1e-07
65.331001 6.646283 0
0 0

0101101
*
Ed
 1e-07 1 1 0
1  233 0 0 4.882229
0

0101000
+5821 0 -5819 0 *
Ve
1e-07
60.448772 8.882347 0
0 0

0101101
*
Ed
 1e-07 1 1 0
1  234 0 0 5.36992944278945
0

0101000
+5819 0 -5817 0 *
Ve
1e-07
55.566536 11.118411 0
0 0

0101101
*
Ed
 1e-07 1 1 0
1  235 0 0 5.36993580704574
0

0101000
+5817 0 -5815 0 *
Ed
 1e-07 1 1 0
1  236 0 0 0.944205
0

0101000
+5815 0 -5830 0 *
Wi

0101100
+5828 0 +5826 0 +5824 0 +5822 0 +5820 0 +5818 0 +5816 0 +5814 0 +5813 0 *
Fa
0  1e-07 32 0

0111000
+5812 0 *
Ve
1e-07
55.25948 6.646283 0
0 0

0101101
*
Ve
1e-07
55.25948 6.993936 0
0 0

0101101
*
Ed
 1e-07 1 1 0
1  237 0 0 0.347652999999999
0

0101000
+5810 0 -5809 0 *
Ve
1e-07
55.25948 9.23 0
0 0

0101101
*
Ed
 1e-07 1 1 0
1  238 0 0 2.236064
0

0101000
+5809 0 -5807 0 *
Ve
1e-07
55.25948 10.174206 0
0 0

0101101
*
Ed
 1e-07 1 1 0
1  239 0 0 0.944205999999999
0

0101000
+5807 0 -5805 0 *
Ve
1e-07
55.25948 11.118411 0
0 0

0101101
*
Ed
 1e-07 1 1 0
1  240 0 0 0.944205
0

0101000
+5805 0 -5803 0 *
Ve
1e-07
51.881832 11.241235 0
0 0

0101101
*
Ed
 1e-07 1 1 0
1  241 0 0 3.37988043381419
0

0101000
+5803 0 -5801 0 *
Ve
1e-07
48.504189 11.364058 0
0 0

0101101
*
Ed
 1e-07 1 1 0
1  242 0 0 3.37987540077708
0

0101000
+5801 0 -5799 0 *
Ve
1e-07
51.881832 9.005171 0
0 0

0101101
*
Ed
 1e-07 1 1 0
1  243 0 0 4.119808261827
0

0101000
+5799 0 -5797 0 *
Ed
 1e-07 1 1 0
1  244 0 0 4.11981293367163
0

0101000
+5797 0 -5810 0 *
Wi

0101100
+5808 0 +5806 0 +5804 0 +5802 0 +5800 0 +5798 0 +5796 0 +5795 0 *
Fa
0  1e-07 33 0

0111000
+5794 0 *
Ve
1e-07
46.45713 11.364058 0
0 0

0101101
*
Ve
1e-07
45.331245 11.364058 0
0 0

0101101
*
Ed
 1e-07 1 1 0
1  245 0 0 1.125885
0

0101000
+5792 0 -5791 0 *
Ve
1e-07
44.205364 11.364058 0
0 0

0101101
*
Ed
 1e-07 1 1 0
1  246 0 0 1.125881
0

0101000
+5791 0 -5789 0 *
Ve
1e-07
49.732422 9.005171 0
0 0

0101101
*
Ed
 1e-07 1 1 0
1  247 0 0 6.00938582669918
0

0101000
+5789 0 -5787 0 *
Ve
1e-07
55.25948 6.646283 0
0 0

0101101
*
Ed
 1e-07 1 1 0
1  248 0 0 6.00938621923305
0

0101000
+5787 0 -5785 0 *
Ve
1e-07
51.881832 9.005171 0
0 0

0101101
*
Ed
 1e-07 1 1 0
1  249 0 0 4.11981293367163
0

0101000
+5785 0 -5783 0 *
Ve
1e-07
48.504189 11.364058 0
0 0

0101101
*
Ed
 1e-07 1 1 0
1  250 0 0 4.119808261827
0

0101000
+5783 0 -5781 0 *
Ve
1e-07
48.043598 11.364058 0
0 0

0101101
*
Ed
 1e-07 1 1 0
1  251 0 0 0.460590999999994
0

0101000
+5781 0 -5779 0 *
Ed
 1e-07 1 1 0
1  252 0 0 1.586468
0

0101000
+5779 0 -5792 0 *
Wi

0101100
+5790 0 +5788 0 +5786 0 +5784 0 +5782 0 +5780 0 +5778 0 +5777 0 *
Fa
0  1e-07 34 0

0111000
+5776 0 *
Ve
1e-07
58.073486 -1.21442 0
0 0

0101101
*
Ve
1e-07
59.823723 -1.21442 0
0 0

0101101
*
Ed
 1e-07 1 1 0
1  253 0 0 1.750237
0

0101000
+5774 0 -5773 0 *
Ve
1e-07
61.573959 -1.21442 0
0 0

0101101
*
Ed
 1e-07 1 1 0
1  254 0 0 1.750236
0

0101000
+5773 0 -5771 0 *
Ve
1e-07
61.957783 -0.400715 0
0 0

0101101
*
Ed
 1e-07 1 1 0
1  255 0 0 0.899686995571792
0

0101000
+5771 0 -5769 0 *
Ve
1e-07
62.341606 0.412991 0
0 0

0101101
*
Ed
 1e-07 1 1 0
1  256 0 0 0.899687473384508
0

0101000
+5769 0 -5767 0 *
Ve
1e-07
62.72543 1.226696 0
0 0

0101101
*
Ed
 1e-07 1 1 0
1  257 0 0 0.899686995571795
0

0101000
+5767 0 -5765 0 *
Ve
1e-07
63.109253 2.040402 0
0 0

0101101
*
Ed
 1e-07 1 1 0
1  258 0 0 0.899687473384508
0

0101000
+5765 0 -5763 0 *
Ve
1e-07
63.493076 2.854108 0
0 0

0101101
*
Ed
 1e-07 1 1 0
1  259 0 0 0.899687473384508
0

0101000
+5763 0 -5761 0 *
Ve
1e-07
63.8769 3.667813 0
0 0

0101101
*
Ed
 1e-07 1 1 0
1  260 0 0 0.899686995571792
0

0101000
+5761 0 -5759 0 *
Ve
1e-07
64.260719 4.481519 0
0 0

0101101
*
Ed
 1e-07 1 1 0
1  261 0 0 0.899685766919204
0

0101000
+5759 0 -5757 0 *
Ve
1e-07
64.644547 5.295224 0
0 0

0101101
*
Ed
 1e-07 1 1 0
1  262 0 0 0.899688702056999
0

0101000
+5757 0 -5755 0 *
Ve
1e-07
61.287369 5.643224 0
0 0

0101101
*
Ed
 1e-07 1 1 0
1  263 0 0 3.37516638459262
0

0101000
+5755 0 -5753 0 *
Ve
1e-07
57.930195 5.991224 0
0 0

0101101
*
Ed
 1e-07 1 1 0
1  264 0 0 3.37516240591116
0

0101000
+5753 0 -5751 0 *
Ve
1e-07
54.573017 6.339224 0
0 0

0101101
*
Ed
 1e-07 1 1 0
1  265 0 0 3.37516638459261
0

0101000
+5751 0 -5749 0 *
Ve
1e-07
54.573017 2.562402 0
0 0

0101101
*
Ed
 1e-07 1 1 0
1  266 0 0 3.776822
0

0101000
+5749 0 -5747 0 *
Ve
1e-07
54.573017 -1.21442 0
0 0

0101101
*
Ed
 1e-07 1 1 0
1  267 0 0 3.776822
0

0101000
+5747 0 -5745 0 *
Ed
 1e-07 1 1 0
1  268 0 0 3.500469
0

0101000
+5745 0 -5774 0 *
Wi

0101100
+5772 0 +5770 0 +5768 0 +5766 0 +5764 0 +5762 0 +5760 0 +5758 0 +5756 0 +5754 0 
+5752 0 +5750 0 +5748 0 +5746 0 +5744 0 +5743 0 *
Fa
0  1e-07 35 0

0111000
+5742 0 *
Ve
1e-07
34.983368 22.111115 0
0 0

0101101
*
Ve
1e-07
33.396896 21.681231 0
0 0

0101101
*
Ed
 1e-07 1 1 0
1  269 0 0 1.64368295612019
0

0101000
+5740 0 -5739 0 *
Ve
1e-07
33.41737 20.596291 0
0 0

0101101
*
Ed
 1e-07 1 1 0
1  270 0 0 1.08513316614874
0

0101000
+5739 0 -5737 0 *
Ve
1e-07
33.43784 19.511351 0
0 0

0101101
*
Ed
 1e-07 1 1 0
1  271 0 0 1.08513309068519
0

0101000
+5737 0 -5735 0 *
Ve
1e-07
33.458309 18.426409 0
0 0

0101101
*
Ed
 1e-07 1 1 0
1  272 0 0 1.08513507146576
0

0101000
+5735 0 -5733 0 *
Ve
1e-07
35.807308 17.996527 0
0 0

0101101
*
Ed
 1e-07 1 1 0
1  273 0 0 2.38801064401418
0

0101000
+5733 0 -5731 0 *
Ve
1e-07
38.156307 17.566645 0
0 0

0101101
*
Ed
 1e-07 1 1 0
1  274 0 0 2.38801064401418
0

0101000
+5731 0 -5729 0 *
Ve
1e-07
38.156307 20.268761 0
0 0

0101101
*
Ed
 1e-07 1 1 0
1  275 0 0 2.702116
0

0101000
+5729 0 -5727 0 *
Ve
1e-07
38.156307 22.970879 0
0 0

0101101
*
Ed
 1e-07 1 1 0
1  276 0 0 2.702118
0

0101000
+5727 0 -5725 0 *
Ve
1e-07
36.569839 22.540997 0
0 0

0101101
*
Ed
 1e-07 1 1 0
1  277 0 0 1.64367857227257
0

0101000
+5725 0 -5723 0 *
Ed
 1e-07 1 1 0
1  278 0 0 1.64368146785349
0

0101000
+5723 0 -5740 0 *
Wi

0101100
+5738 0 +5736 0 +5734 0 +5732 0 +5730 0 +5728 0 +5726 0 +5724 0 +5722 0 +5721 0 
*
Fa
0  1e-07 36 0

0111000
+5720 0 *
Ve
1e-07
35.807308 17.996527 0
0 0

0101101
*
Ve
1e-07
33.458309 18.426409 0
0 0

0101101
*
Ed
 1e-07 1 1 0
1  279 0 0 2.38801064401418
0

0101000
+5718 0 -5717 0 *
Ve
1e-07
33.458309 17.566645 0
0 0

0101101
*
Ed
 1e-07 1 1 0
1  280 0 0 0.859763999999998
0

0101000
+5717 0 -5715 0 *
Ve
1e-07
38.156307 17.566645 0
0 0

0101101
*
Ed
 1e-07 1 1 0
1  281 0 0 4.697998
0

0101000
+5715 0 -5713 0 *
Ed
 1e-07 1 1 0
1  282 0 0 2.38801064401418
0

0101000
+5713 0 -5718 0 *
Wi

0101100
+5716 0 +5714 0 +5712 0 +5711 0 *
Fa
0  1e-07 37 0

0111000
+5710 0 *
Ve
1e-07
36.569839 22.970879 0
0 0

0101101
*
Ve
1e-07
34.983368 22.970879 0
0 0

0101101
*
Ed
 1e-07 1 1 0
1  283 0 0 1.586471
0

0101000
+5708 0 -5707 0 *
Ve
1e-07
33.396896 22.970879 0
0 0

0101101
*
Ed
 1e-07 1 1 0
1  284 0 0 1.586472
0

0101000
+5707 0 -5705 0 *
Ve
1e-07
33.396896 21.681231 0
0 0

0101101
*
Ed
 1e-07 1 1 0
1  285 0 0 1.289648
0

0101000
+5705 0 -5703 0 *
Ve
1e-07
34.983368 22.111115 0
0 0

0101101
*
Ed
 1e-07 1 1 0
1  286 0 0 1.64368295612019
0

0101000
+5703 0 -5701 0 *
Ve
1e-07
36.569839 22.540997 0
0 0

0101101
*
Ed
 1e-07 1 1 0
1  287 0 0 1.64368146785349
0

0101000
+5701 0 -5699 0 *
Ve
1e-07
38.156307 22.970879 0
0 0

0101101
*
Ed
 1e-07 1 1 0
1  288 0 0 1.64367857227257
0

0101000
+5699 0 -5697 0 *
Ed
 1e-07 1 1 0
1  289 0 0 1.586468
0

0101000
+5697 0 -5708 0 *
Wi

0101100
+5706 0 +5704 0 +5702 0 +5700 0 +5698 0 +5696 0 +5695 0 *
Fa
0  1e-07 38 0

0111000
+5694 0 *
Ve
1e-07
30.714819 18.929296 0
0 0

0101101
*
Ve
1e-07
28.278389 16.177361 0
0 0

0101101
*
Ed
 1e-07 1 1 0
1  290 0 0 3.67550505225132
0

0101000
+5692 0 -5691 0 *
Ve
1e-07
25.841957 13.425426 0
0 0

0101101
*
Ed
 1e-07 1 1 0
1  291 0 0 3.67550637801773
0

0101000
+5691 0 -5689 0 *
Ve
1e-07
29.496605 15.3118 0
0 0

0101101
*
Ed
 1e-07 1 1 0
1  292 0 0 4.11276778724255
0

0101000
+5689 0 -5687 0 *
Ve
1e-07
33.151249 17.198174 0
0 0

0101101
*
Ed
 1e-07 1 1 0
1  293 0 0 4.11276423280159
0

0101000
+5687 0 -5685 0 *
Ve
1e-07
33.151249 17.812292 0
0 0

0101101
*
Ed
 1e-07 1 1 0
1  294 0 0 0.614117999999998
0

0101000
+5685 0 -5683 0 *
Ve
1e-07
33.151249 20.596291 0
0 0

0101101
*
Ed
 1e-07 1 1 0
1  295 0 0 2.783999
0

0101000
+5683 0 -5681 0 *
Ve
1e-07
33.151249 21.681231 0
0 0

0101101
*
Ed
 1e-07 1 1 0
1  296 0 0 1.08494
0

0101000
+5681 0 -5679 0 *
Ed
 1e-07 1 1 0
1  297 0 0 3.67550505225132
0

0101000
+5679 0 -5692 0 *
Wi

0101100
+5690 0 +5688 0 +5686 0 +5684 0 +5682 0 +5680 0 +5678 0 +5677 0 *
Fa
0  1e-07 39 0

0111000
+5676 0 *
Ve
1e-07
35.791954 14.281116 0
0 0

0101101
*
Ve
1e-07
35.791954 17.198174 0
0 0

0101101
*
Ed
 1e-07 1 1 0
1  298 0 0 2.917058
0

0101000
+5674 0 -5673 0 *
Ve
1e-07
33.151249 17.198174 0
0 0

0101101
*
Ed
 1e-07 1 1 0
1  299 0 0 2.640705
0

0101000
+5673 0 -5671 0 *
Ve
1e-07
29.496605 15.3118 0
0 0

0101101
*
Ed
 1e-07 1 1 0
1  300 0 0 4.11276423280159
0

0101000
+5671 0 -5669 0 *
Ve
1e-07
25.841957 13.425426 0
0 0

0101101
*
Ed
 1e-07 1 1 0
1  301 0 0 4.11276778724255
0

0101000
+5669 0 -5667 0 *
Ve
1e-07
29.158623 12.738303 0
0 0

0101101
*
Ed
 1e-07 1 1 0
1  302 0 0 3.3870948278259
0

0101000
+5667 0 -5665 0 *
Ve
1e-07
32.475288 12.051181 0
0 0

0101101
*
Ed
 1e-07 1 1 0
1  303 0 0 3.38709364575428
0

0101000
+5665 0 -5663 0 *
Ve
1e-07
35.791954 11.364058 0
0 0

0101101
*
Ed
 1e-07 1 1 0
1  304 0 0 3.3870948278259
0

0101000
+5663 0 -5661 0 *
Ed
 1e-07 1 1 0
1  305 0 0 2.917058
0

0101000
+5661 0 -5674 0 *
Wi

0101100
+5672 0 +5670 0 +5668 0 +5666 0 +5664 0 +5662 0 +5660 0 +5659 0 *
Fa
0  1e-07 40 0

0111000
+5658 0 *
Ve
1e-07
33.41737 20.596291 0
0 0

0101101
*
Ve
1e-07
33.396896 21.681231 0
0 0

0101101
*
Ed
 1e-07 1 1 0
1  306 0 0 1.08513316614874
0

0101000
+5656 0 -5655 0 *
Ve
1e-07
33.151249 21.681231 0
0 0

0101101
*
Ed
 1e-07 1 1 0
1  307 0 0 0.245646999999998
0

0101000
+5655 0 -5653 0 *
Ve
1e-07
33.151249 20.596291 0
0 0

0101101
*
Ed
 1e-07 1 1 0
1  308 0 0 1.08494
0

0101000
+5653 0 -5651 0 *
Ve
1e-07
33.151249 19.511351 0
0 0

0101101
*
Ed
 1e-07 1 1 0
1  309 0 0 1.08494
0

0101000
+5651 0 -5649 0 *
Ve
1e-07
33.151249 18.426409 0
0 0

0101101
*
Ed
 1e-07 1 1 0
1  310 0 0 1.084942
0

0101000
+5649 0 -5647 0 *
Ve
1e-07
33.458309 18.426409 0
0 0

0101101
*
Ed
 1e-07 1 1 0
1  311 0 0 0.30706
0

0101000
+5647 0 -5645 0 *
Ve
1e-07
33.43784 19.511351 0
0 0

0101101
*
Ed
 1e-07 1 1 0
1  312 0 0 1.08513507146576
0

0101000
+5645 0 -5643 0 *
Ed
 1e-07 1 1 0
1  313 0 0 1.08513309068519
0

0101000
+5643 0 -5656 0 *
Wi

0101100
+5654 0 +5652 0 +5650 0 +5648 0 +5646 0 +5644 0 +5642 0 +5641 0 *
Fa
0  1e-07 41 0

0111000
+5640 0 *
Ve
1e-07
36.099014 11.732529 0
0 0

0101101
*
Ve
1e-07
44.205364 11.732529 0
0 0

0101101
*
Ed
 1e-07 1 1 0
1  314 0 0 8.10635000000001
0

0101000
+5638 0 -5637 0 *
Ve
1e-07
46.201248 14.403939 0
0 0

0101101
*
Ed
 1e-07 1 1 0
1  315 0 0 3.33466405047885
0

0101000
+5637 0 -5635 0 *
Ve
1e-07
48.197128 17.07535 0
0 0

0101101
*
Ed
 1e-07 1 1 0
1  316 0 0 3.33466245747917
0

0101000
+5635 0 -5633 0 *
Ve
1e-07
36.099014 17.07535 0
0 0

0101101
*
Ed
 1e-07 1 1 0
1  317 0 0 12.098114
0

0101000
+5633 0 -5631 0 *
Ed
 1e-07 1 1 0
1  318 0 0 5.342821
0

0101000
+5631 0 -5638 0 *
Wi

0101100
+5636 0 +5634 0 +5632 0 +5630 0 +5629 0 *
Fa
0  1e-07 42 0

0111000
+5628 0 *
Ve
1e-07
33.821316 9.005171 0
0 0

0101101
*
Ve
1e-07
31.850674 6.646283 0
0 0

0101101
*
Ed
 1e-07 1 1 0
1  319 0 0 3.07372453038785
0

0101000
+5626 0 -5625 0 *
Ve
1e-07
43.555077 6.646283 0
0 0

0101101
*
Ed
 1e-07 1 1 0
1  320 0 0 11.704403
0

0101000
+5625 0 -5623 0 *
Ve
1e-07
55.25948 6.646283 0
0 0

0101101
*
Ed
 1e-07 1 1 0
1  321 0 0 11.704403
0

0101000
+5623 0 -5621 0 *
Ve
1e-07
49.732422 9.005171 0
0 0

0101101
*
Ed
 1e-07 1 1 0
1  322 0 0 6.00938621923305
0

0101000
+5621 0 -5619 0 *
Ve
1e-07
44.205364 11.364058 0
0 0

0101101
*
Ed
 1e-07 1 1 0
1  323 0 0 6.00938582669918
0

0101000
+5619 0 -5617 0 *
Ve
1e-07
39.998661 11.364058 0
0 0

0101101
*
Ed
 1e-07 1 1 0
1  324 0 0 4.206703
0

0101000
+5617 0 -5615 0 *
Ve
1e-07
35.791954 11.364058 0
0 0

0101101
*
Ed
 1e-07 1 1 0
1  325 0 0 4.206707
0

0101000
+5615 0 -5613 0 *
Ed
 1e-07 1 1 0
1  326 0 0 3.07372119845196
0

0101000
+5613 0 -5626 0 *
Wi

0101100
+5624 0 +5622 0 +5620 0 +5618 0 +5616 0 +5614 0 +5612 0 +5611 0 *
Fa
0  1e-07 43 0

0111000
+5610 0 *
Ve
1e-07
41.154552 2.562402 0
0 0

0101101
*
Ve
1e-07
43.027611 6.339224 0
0 0

0101101
*
Ed
 1e-07 1 1 0
1  327 0 0 4.21577210451004
0

0101000
+5608 0 -5607 0 *
Ve
1e-07
38.022552 6.339224 0
0 0

0101101
*
Ed
 1e-07 1 1 0
1  328 0 0 5.005059
0

0101000
+5607 0 -5605 0 *
Ve
1e-07
33.017498 6.339224 0
0 0

0101101
*
Ed
 1e-07 1 1 0
1  329 0 0 5.00505399999999
0

0101000
+5605 0 -5603 0 *
Ve
1e-07
33.017498 5.602283 0
0 0

0101101
*
Ed
 1e-07 1 1 0
1  330 0 0 0.736941
0

0101000
+5603 0 -5601 0 *
Ve
1e-07
36.149494 2.193931 0
0 0

0101101
*
Ed
 1e-07 1 1 0
1  331 0 0 4.62885107774272
0

0101000
+5601 0 -5599 0 *
Ve
1e-07
39.281494 -1.21442 0
0 0

0101101
*
Ed
 1e-07 1 1 0
1  332 0 0 4.62885304791598
0

0101000
+5599 0 -5597 0 *
Ed
 1e-07 1 1 0
1  333 0 0 4.21577166021216
0

0101000
+5597 0 -5608 0 *
Wi

0101100
+5606 0 +5604 0 +5602 0 +5600 0 +5598 0 +5596 0 +5595 0 *
Fa
0  1e-07 44 0

0111000
+5594 0 *
Ve
1e-07
43.334671 -1.21442 0
0 0

0101101
*
Ve
1e-07
50.335609 -1.21442 0
0 0

0101101
*
Ed
 1e-07 1 1 0
1  334 0 0 7.000938
0

0101000
+5592 0 -5591 0 *
Ve
1e-07
52.270077 2.562402 0
0 0

0101101
*
Ed
 1e-07 1 1 0
1  335 0 0 4.24341264346375
0

0101000
+5591 0 -5589 0 *
Ve
1e-07
54.204548 6.339224 0
0 0

0101101
*
Ed
 1e-07 1 1 0
1  336 0 0 4.24341401109119
0

0101000
+5589 0 -5587 0 *
Ve
1e-07
43.334671 6.339224 0
0 0

0101101
*
Ed
 1e-07 1 1 0
1  337 0 0 10.869877
0

0101000
+5587 0 -5585 0 *
Ve
1e-07
43.334671 2.562402 0
0 0

0101101
*
Ed
 1e-07 1 1 0
1  338 0 0 3.776822
0

0101000
+5585 0 -5583 0 *
Ed
 1e-07 1 1 0
1  339 0 0 3.776822
0

0101000
+5583 0 -5592 0 *
Wi

0101100
+5590 0 +5588 0 +5586 0 +5584 0 +5582 0 +5581 0 *
Fa
0  1e-07 45 0

0111000
+5580 0 *
Ve
1e-07
32.214657 59.733204 0
0 0

0101101
*
Ve
1e-07
32.214657 72.691078 0
0 0

0101101
*
Ed
 1e-07 1 1 0
1  340 0 0 12.957874
0

0101000
+5578 0 -5577 0 *
Ve
1e-07
30.781715 69.620491 0
0 0

0101101
*
Ed
 1e-07 1 1 0
1  341 0 0 3.3884845137514
0

0101000
+5577 0 -5575 0 *
Ve
1e-07
29.348774 66.549904 0
0 0

0101101
*
Ed
 1e-07 1 1 0
1  342 0 0 3.38848409086571
0

0101000
+5575 0 -5573 0 *
Ve
1e-07
27.915834 63.479321 0
0 0

0101101
*
Ed
 1e-07 1 1 0
1  343 0 0 3.38848004324786
0

0101000
+5573 0 -5571 0 *
Ve
1e-07
27.915834 63.17226 0
0 0

0101101
*
Ed
 1e-07 1 1 0
1  344 0 0 0.307060999999997
0

0101000
+5571 0 -5569 0 *
Ve
1e-07
29.348774 57.706615 0
0 0

0101101
*
Ed
 1e-07 1 1 0
1  345 0 0 5.65036213968848
0

0101000
+5569 0 -5567 0 *
Ve
1e-07
30.781715 52.240971 0
0 0

0101101
*
Ed
 1e-07 1 1 0
1  346 0 0 5.65036142598126
0

0101000
+5567 0 -5565 0 *
Ve
1e-07
32.214657 46.775326 0
0 0

0101101
*
Ed
 1e-07 1 1 0
1  347 0 0 5.6503626468917
0

0101000
+5565 0 -5563 0 *
Ed
 1e-07 1 1 0
1  348 0 0 12.957878
0

0101000
+5563 0 -5578 0 *
Wi

0101100
+5576 0 +5574 0 +5572 0 +5570 0 +5568 0 +5566 0 +5564 0 +5562 0 +5561 0 *
Fa
0  1e-07 46 0

0111000
+5560 0 *
Ve
1e-07
27.915834 63.479321 0
0 0

0101101
*
Ve
1e-07
29.348774 66.549904 0
0 0

0101101
*
Ed
 1e-07 1 1 0
1  349 0 0 3.38848004324786
0

0101000
+5558 0 -5557 0 *
Ve
1e-07
30.781715 69.620491 0
0 0

0101101
*
Ed
 1e-07 1 1 0
1  350 0 0 3.38848409086571
0

0101000
+5557 0 -5555 0 *
Ve
1e-07
32.214657 72.691078 0
0 0

0101101
*
Ed
 1e-07 1 1 0
1  351 0 0 3.3884845137514
0

0101000
+5555 0 -5553 0 *
Ve
1e-07
26.380541 72.691078 0
0 0

0101101
*
Ed
 1e-07 1 1 0
1  352 0 0 5.834116
0

0101000
+5553 0 -5551 0 *
Ve
1e-07
26.380541 68.085197 0
0 0

0101101
*
Ed
 1e-07 1 1 0
1  353 0 0 4.60588100000001
0

0101000
+5551 0 -5549 0 *
Ve
1e-07
26.380541 63.479321 0
0 0

0101101
*
Ed
 1e-07 1 1 0
1  354 0 0 4.60587599999999
0

0101000
+5549 0 -5547 0 *
Ed
 1e-07 1 1 0
1  355 0 0 1.535293
0

0101000
+5547 0 -5558 0 *
Wi

0101100
+5556 0 +5554 0 +5552 0 +5550 0 +5548 0 +5546 0 +5545 0 *
Fa
0  1e-07 47 0

0111000
+5544 0 *
Ve
1e-07
23.30139 63.479321 0
0 0

0101101
*
Ve
1e-07
24.196142 63.479321 0
0 0

0101101
*
Ed
 1e-07 1 1 0
1  356 0 0 0.894751999999997
0

0101000
+5542 0 -5541 0 *
Ve
1e-07
26.01207 63.479321 0
0 0

0101101
*
Ed
 1e-07 1 1 0
1  357 0 0 1.815928
0

0101000
+5541 0 -5539 0 *
Ve
1e-07
26.01207 67.962379 0
0 0

0101101
*
Ed
 1e-07 1 1 0
1  358 0 0 4.483058
0

0101000
+5539 0 -5537 0 *
Ve
1e-07
24.209354 65.720848 0
0 0

0101101
*
Ed
 1e-07 1 1 0
1  359 0 0 2.87649894848181
0

0101000
+5537 0 -5535 0 *
Ve
1e-07
22.406639 63.479321 0
0 0

0101101
*
Ed
 1e-07 1 1 0
1  360 0 0 2.87649520475075
0

0101000
+5535 0 -5533 0 *
Ed
 1e-07 1 1 0
1  361 0 0 0.894751000000003
0

0101000
+5533 0 -5542 0 *
Wi

0101100
+5540 0 +5538 0 +5536 0 +5534 0 +5532 0 +5531 0 *
Fa
0  1e-07 48 0

0111000
+5530 0 *
Ve
1e-07
24.196142 63.17226 0
0 0

0101101
*
Ve
1e-07
25.090893 63.17226 0
0 0

0101101
*
Ed
 1e-07 1 1 0
1  362 0 0 0.894751000000003
0

0101000
+5528 0 -5527 0 *
Ve
1e-07
25.090893 63.479321 0
0 0

0101101
*
Ed
 1e-07 1 1 0
1  363 0 0 0.307060999999997
0

0101000
+5527 0 -5525 0 *
Ve
1e-07
24.196142 63.479321 0
0 0

0101101
*
Ed
 1e-07 1 1 0
1  364 0 0 0.894751000000003
0

0101000
+5525 0 -5523 0 *
Ve
1e-07
23.30139 63.479321 0
0 0

0101101
*
Ed
 1e-07 1 1 0
1  365 0 0 0.894751999999997
0

0101000
+5523 0 -5521 0 *
Ve
1e-07
22.406639 63.479321 0
0 0

0101101
*
Ed
 1e-07 1 1 0
1  366 0 0 0.894751000000003
0

0101000
+5521 0 -5519 0 *
Ve
1e-07
22.406639 63.17226 0
0 0

0101101
*
Ed
 1e-07 1 1 0
1  367 0 0 0.307060999999997
0

0101000
+5519 0 -5517 0 *
Ve
1e-07
23.30139 63.17226 0
0 0

0101101
*
Ed
 1e-07 1 1 0
1  368 0 0 0.894751000000003
0

0101000
+5517 0 -5515 0 *
Ed
 1e-07 1 1 0
1  369 0 0 0.894751999999997
0

0101000
+5515 0 -5528 0 *
Wi

0101100
+5526 0 +5524 0 +5522 0 +5520 0 +5518 0 +5516 0 +5514 0 +5513 0 *
Fa
0  1e-07 49 0

0111000
+5512 0 *
Ve
1e-07
26.073481 72.691078 0
0 0

0101101
*
Ve
1e-07
19.011131 72.691078 0
0 0

0101101
*
Ed
 1e-07 1 1 0
1  370 0 0 7.06235
0

0101000
+5510 0 -5509 0 *
Ve
1e-07
16.278309 70.480255 0
0 0

0101101
*
Ed
 1e-07 1 1 0
1  371 0 0 3.51511798109438
0

0101000
+5509 0 -5507 0 *
Ve
1e-07
13.545485 68.269432 0
0 0

0101101
*
Ed
 1e-07 1 1 0
1  372 0 0 3.51511953599092
0

0101000
+5507 0 -5505 0 *
Ve
1e-07
26.073481 68.269432 0
0 0

0101101
*
Ed
 1e-07 1 1 0
1  373 0 0 12.527996
0

0101000
+5505 0 -5503 0 *
Ed
 1e-07 1 1 0
1  374 0 0 4.42164600000001
0

0101000
+5503 0 -5510 0 *
Wi

0101100
+5508 0 +5506 0 +5504 0 +5502 0 +5501 0 *
Fa
0  1e-07 50 0

0111000
+5500 0 *
Ve
1e-07
29.786123 49.668701 0
0 0

0101101
*
Ve
1e-07
32.214657 46.775326 0
0 0

0101101
*
Ed
 1e-07 1 1 0
1  375 0 0 3.77748544401974
0

0101000
+5498 0 -5497 0 *
Ve
1e-07
30.781715 52.240971 0
0 0

0101101
*
Ed
 1e-07 1 1 0
1  376 0 0 5.6503626468917
0

0101000
+5497 0 -5495 0 *
Ve
1e-07
29.348774 57.706615 0
0 0

0101101
*
Ed
 1e-07 1 1 0
1  377 0 0 5.65036142598126
0

0101000
+5495 0 -5493 0 *
Ve
1e-07
27.915834 63.17226 0
0 0

0101101
*
Ed
 1e-07 1 1 0
1  378 0 0 5.65036213968848
0

0101000
+5493 0 -5491 0 *
Ve
1e-07
27.357592 59.317371 0
0 0

0101101
*
Ed
 1e-07 1 1 0
1  379 0 0 3.89509991308118
0

0101000
+5491 0 -5489 0 *
Ve
1e-07
27.357592 55.939728 0
0 0

0101101
*
Ed
 1e-07 1 1 0
1  380 0 0 3.377643
0

0101000
+5489 0 -5487 0 *
Ve
1e-07
27.357592 52.56208 0
0 0

0101101
*
Ed
 1e-07 1 1 0
1  381 0 0 3.377648
0

0101000
+5487 0 -5485 0 *
Ed
 1e-07 1 1 0
1  382 0 0 3.77748657914254
0

0101000
+5485 0 -5498 0 *
Wi

0101100
+5496 0 +5494 0 +5492 0 +5490 0 +5488 0 +5486 0 +5484 0 +5483 0 *
Fa
0  1e-07 51 0

0111000
+5482 0 *
Ve
1e-07
27.915834 63.17226 0
0 0

0101101
*
Ve
1e-07
26.503365 63.17226 0
0 0

0101101
*
Ed
 1e-07 1 1 0
1  383 0 0 1.412469
0

0101000
+5480 0 -5479 0 *
Ve
1e-07
24.196142 63.17226 0
0 0

0101101
*
Ed
 1e-07 1 1 0
1  384 0 0 2.307223
0

0101000
+5479 0 -5477 0 *
Ve
1e-07
23.30139 63.17226 0
0 0

0101101
*
Ed
 1e-07 1 1 0
1  385 0 0 0.894751999999997
0

0101000
+5477 0 -5475 0 *
Ve
1e-07
22.406639 63.17226 0
0 0

0101101
*
Ed
 1e-07 1 1 0
1  386 0 0 0.894751000000003
0

0101000
+5475 0 -5473 0 *
Ve
1e-07
24.882114 61.244816 0
0 0

0101101
*
Ed
 1e-07 1 1 0
1  387 0 0 3.13735825954911
0

0101000
+5473 0 -5471 0 *
Ve
1e-07
27.357592 59.317371 0
0 0

0101101
*
Ed
 1e-07 1 1 0
1  388 0 0 3.1373612409968
0

0101000
+5471 0 -5469 0 *
Ed
 1e-07 1 1 0
1  389 0 0 3.89509991308118
0

0101000
+5469 0 -5480 0 *
Wi

0101100
+5478 0 +5476 0 +5474 0 +5472 0 +5470 0 +5468 0 +5467 0 *
Fa
0  1e-07 52 0

0111000
+5466 0 *
Ve
1e-07
24.18465 54.916199 0
0 0

0101101
*
Ve
1e-07
25.822298 52.869141 0
0 0

0101101
*
Ed
 1e-07 1 1 0
1  390 0 0 2.62151433855854
0

0101000
+5464 0 -5463 0 *
Ve
1e-07
27.050533 52.869141 0
0 0

0101101
*
Ed
 1e-07 1 1 0
1  391 0 0 1.228235
0

0101000
+5463 0 -5461 0 *
Ve
1e-07
27.050533 55.939728 0
0 0

0101101
*
Ed
 1e-07 1 1 0
1  392 0 0 3.070587
0

0101000
+5461 0 -5459 0 *
Ve
1e-07
27.050533 59.010315 0
0 0

0101101
*
Ed
 1e-07 1 1 0
1  393 0 0 3.070587
0

0101000
+5459 0 -5457 0 *
Ve
1e-07
20.909359 59.010315 0
0 0

0101101
*
Ed
 1e-07 1 1 0
1  394 0 0 6.141174
0

0101000
+5457 0 -5455 0 *
Ve
1e-07
22.547005 56.963257 0
0 0

0101101
*
Ed
 1e-07 1 1 0
1  395 0 0 2.62151308916816
0

0101000
+5455 0 -5453 0 *
Ed
 1e-07 1 1 0
1  396 0 0 2.62151246447333
0

0101000
+5453 0 -5464 0 *
Wi

0101100
+5462 0 +5460 0 +5458 0 +5456 0 +5454 0 +5452 0 +5451 0 *
Fa
0  1e-07 53 0

0111000
+5450 0 *
Ve
1e-07
21.277828 56.963257 0
0 0

0101101
*
Ve
1e-07
21.646299 54.916199 0
0 0

0101101
*
Ed
 1e-07 1 1 0
1  397 0 0 2.07995608924924
0

0101000
+5448 0 -5447 0 *
Ve
1e-07
22.014769 52.869141 0
0 0

0101101
*
Ed
 1e-07 1 1 0
1  398 0 0 2.07995591209622
0

0101000
+5447 0 -5445 0 *
Ve
1e-07
23.918533 52.715611 0
0 0

0101101
*
Ed
 1e-07 1 1 0
1  399 0 0 1.90994471872774
0

0101000
+5445 0 -5443 0 *
Ve
1e-07
25.822298 52.56208 0
0 0

0101101
*
Ed
 1e-07 1 1 0
1  400 0 0 1.90994579587642
0

0101000
+5443 0 -5441 0 *
Ve
1e-07
25.822298 52.715611 0
0 0

0101101
*
Ed
 1e-07 1 1 0
1  401 0 0 0.153531000000001
0

0101000
+5441 0 -5439 0 *
Ve
1e-07
25.822298 52.869141 0
0 0

0101101
*
Ed
 1e-07 1 1 0
1  402 0 0 0.153529999999996
0

0101000
+5439 0 -5437 0 *
Ve
1e-07
24.18465 54.916199 0
0 0

0101101
*
Ed
 1e-07 1 1 0
1  403 0 0 2.62151433855854
0

0101000
+5437 0 -5435 0 *
Ve
1e-07
22.547005 56.963257 0
0 0

0101101
*
Ed
 1e-07 1 1 0
1  404 0 0 2.62151246447333
0

0101000
+5435 0 -5433 0 *
Ve
1e-07
20.909359 59.010315 0
0 0

0101101
*
Ed
 1e-07 1 1 0
1  405 0 0 2.62151308916816
0

0101000
+5433 0 -5431 0 *
Ed
 1e-07 1 1 0
1  406 0 0 2.07995573494365
0

0101000
+5431 0 -5448 0 *
Wi

0101100
+5446 0 +5444 0 +5442 0 +5440 0 +5438 0 +5436 0 +5434 0 +5432 0 +5430 0 +5429 0 
*
Fa
0  1e-07 54 0

0111000
+5428 0 *
Ve
1e-07
31.129583 43.773598 0
0 0

0101101
*
Ve
1e-07
32.214657 46.775326 0
0 0

0101101
*
Ed
 1e-07 1 1 0
1  407 0 0 3.19182652590331
0

0101000
+5426 0 -5425 0 *
Ve
1e-07
29.786123 49.668701 0
0 0

0101101
*
Ed
 1e-07 1 1 0
1  408 0 0 3.77748544401974
0

0101000
+5425 0 -5423 0 *
Ve
1e-07
27.357592 52.56208 0
0 0

0101101
*
Ed
 1e-07 1 1 0
1  409 0 0 3.77748657914254
0

0101000
+5423 0 -5421 0 *
Ve
1e-07
26.589945 52.56208 0
0 0

0101101
*
Ed
 1e-07 1 1 0
1  410 0 0 0.767647
0

0101000
+5421 0 -5419 0 *
Ve
1e-07
25.822298 52.56208 0
0 0

0101101
*
Ed
 1e-07 1 1 0
1  411 0 0 0.767647
0

0101000
+5419 0 -5417 0 *
Ve
1e-07
27.390869 45.166115 0
0 0

0101101
*
Ed
 1e-07 1 1 0
1  412 0 0 7.5604704392826
0

0101000
+5417 0 -5415 0 *
Ve
1e-07
28.95944 37.770145 0
0 0

0101101
*
Ed
 1e-07 1 1 0
1  413 0 0 7.56047533048954
0

0101000
+5415 0 -5413 0 *
Ve
1e-07
30.044512 40.771873 0
0 0

0101101
*
Ed
 1e-07 1 1 0
1  414 0 0 3.19182584599599
0

0101000
+5413 0 -5411 0 *
Ed
 1e-07 1 1 0
1  415 0 0 3.19182268471574
0

0101000
+5411 0 -5426 0 *
Wi

0101100
+5424 0 +5422 0 +5420 0 +5418 0 +5416 0 +5414 0 +5412 0 +5410 0 +5409 0 *
Fa
0  1e-07 55 0

0111000
+5408 0 *
Ve
1e-07
20.178488 63.479321 0
0 0

0101101
*
Ve
1e-07
22.406639 63.479321 0
0 0

0101101
*
Ed
 1e-07 1 1 0
1  416 0 0 2.228151
0

0101000
+5406 0 -5405 0 *
Ve
1e-07
24.209354 65.720848 0
0 0

0101101
*
Ed
 1e-07 1 1 0
1  417 0 0 2.87649520475075
0

0101000
+5405 0 -5403 0 *
Ve
1e-07
26.01207 67.962379 0
0 0

0101101
*
Ed
 1e-07 1 1 0
1  418 0 0 2.87649894848181
0

0101000
+5403 0 -5401 0 *
Ve
1e-07
23.324825 66.468025 0
0 0

0101101
*
Ed
 1e-07 1 1 0
1  419 0 0 3.07479748395581
0

0101000
+5401 0 -5399 0 *
Ve
1e-07
20.637581 64.973671 0
0 0

0101101
*
Ed
 1e-07 1 1 0
1  420 0 0 3.07479660999748
0

0101000
+5399 0 -5397 0 *
Ve
1e-07
17.950336 63.479321 0
0 0

0101101
*
Ed
 1e-07 1 1 0
1  421 0 0 3.07479553995465
0

0101000
+5397 0 -5395 0 *
Ed
 1e-07 1 1 0
1  422 0 0 2.228152
0

0101000
+5395 0 -5406 0 *
Wi

0101100
+5404 0 +5402 0 +5400 0 +5398 0 +5396 0 +5394 0 +5393 0 *
Fa
0  1e-07 56 0

0111000
+5392 0 *
Ve
1e-07
18.059248 72.691078 0
0 0

0101101
*
Ve
1e-07
19.011131 72.691078 0
0 0

0101101
*
Ed
 1e-07 1 1 0
1  423 0 0 0.951882999999999
0

0101000
+5390 0 -5389 0 *
Ve
1e-07
19.011131 72.998138 0
0 0

0101101
*
Ed
 1e-07 1 1 0
1  424 0 0 0.307059999999993
0

0101000
+5389 0 -5387 0 *
Ve
1e-07
18.059248 72.998138 0
0 0

0101101
*
Ed
 1e-07 1 1 0
1  425 0 0 0.951882999999999
0

0101000
+5387 0 -5385 0 *
Ve
1e-07
17.107367 72.998138 0
0 0

0101101
*
Ed
 1e-07 1 1 0
1  426 0 0 0.951881
0

0101000
+5385 0 -5383 0 *
Ve
1e-07
16.155485 72.998138 0
0 0

0101101
*
Ed
 1e-07 1 1 0
1  427 0 0 0.951882000000001
0

0101000
+5383 0 -5381 0 *
Ve
1e-07
15.203603 72.998138 0
0 0

0101101
*
Ed
 1e-07 1 1 0
1  428 0 0 0.951881999999999
0

0101000
+5381 0 -5379 0 *
Ve
1e-07
15.203603 72.691078 0
0 0

0101101
*
Ed
 1e-07 1 1 0
1  429 0 0 0.307059999999993
0

0101000
+5379 0 -5377 0 *
Ve
1e-07
16.155485 72.691078 0
0 0

0101101
*
Ed
 1e-07 1 1 0
1  430 0 0 0.951881999999999
0

0101000
+5377 0 -5375 0 *
Ve
1e-07
17.107367 72.691078 0
0 0

0101101
*
Ed
 1e-07 1 1 0
1  431 0 0 0.951882000000001
0

0101000
+5375 0 -5373 0 *
Ed
 1e-07 1 1 0
1  432 0 0 0.951881
0

0101000
+5373 0 -5390 0 *
Wi

0101100
+5388 0 +5386 0 +5384 0 +5382 0 +5380 0 +5378 0 +5376 0 +5374 0 +5372 0 +5371 0 
*
Fa
0  1e-07 57 0

0111000
+5370 0 *
Ve
1e-07
13.545485 67.962379 0
0 0

0101101
*
Ve
1e-07
14.313132 65.720848 0
0 0

0101101
*
Ed
 1e-07 1 1 0
1  433 0 0 2.36933390229617
0

0101000
+5368 0 -5367 0 *
Ve
1e-07
15.080779 63.479321 0
0 0

0101101
*
Ed
 1e-07 1 1 0
1  434 0 0 2.36933011805827
0

0101000
+5367 0 -5365 0 *
Ve
1e-07
16.037298 63.479321 0
0 0

0101101
*
Ed
 1e-07 1 1 0
1  435 0 0 0.956519
0

0101000
+5365 0 -5363 0 *
Ve
1e-07
16.993818 63.479321 0
0 0

0101101
*
Ed
 1e-07 1 1 0
1  436 0 0 0.956520000000001
0

0101000
+5363 0 -5361 0 *
Ve
1e-07
17.950336 63.479321 0
0 0

0101101
*
Ed
 1e-07 1 1 0
1  437 0 0 0.956517999999999
0

0101000
+5361 0 -5359 0 *
Ve
1e-07
20.637581 64.973671 0
0 0

0101101
*
Ed
 1e-07 1 1 0
1  438 0 0 3.07479553995465
0

0101000
+5359 0 -5357 0 *
Ve
1e-07
23.324825 66.468025 0
0 0

0101101
*
Ed
 1e-07 1 1 0
1  439 0 0 3.07479660999748
0

0101000
+5357 0 -5355 0 *
Ve
1e-07
26.01207 67.962379 0
0 0

0101101
*
Ed
 1e-07 1 1 0
1  440 0 0 3.07479748395581
0

0101000
+5355 0 -5353 0 *
Ed
 1e-07 1 1 0
1  441 0 0 12.466585
0

0101000
+5353 0 -5368 0 *
Wi

0101100
+5366 0 +5364 0 +5362 0 +5360 0 +5358 0 +5356 0 +5354 0 +5352 0 +5351 0 *
Fa
0  1e-07 58 0

0111000
+5350 0 *
Ve
1e-07
16.037298 63.479321 0
0 0

0101101
*
Ve
1e-07
15.080779 63.479321 0
0 0

0101101
*
Ed
 1e-07 1 1 0
1  442 0 0 0.956519
0

0101000
+5348 0 -5347 0 *
Ve
1e-07
15.080779 63.17226 0
0 0

0101101
*
Ed
 1e-07 1 1 0
1  443 0 0 0.307060999999997
0

0101000
+5347 0 -5345 0 *
Ve
1e-07
16.037298 63.17226 0
0 0

0101101
*
Ed
 1e-07 1 1 0
1  444 0 0 0.956519
0

0101000
+5345 0 -5343 0 *
Ve
1e-07
16.993818 63.17226 0
0 0

0101101
*
Ed
 1e-07 1 1 0
1  445 0 0 0.956520000000001
0

0101000
+5343 0 -5341 0 *
Ve
1e-07
17.950336 63.17226 0
0 0

0101101
*
Ed
 1e-07 1 1 0
1  446 0 0 0.956517999999999
0

0101000
+5341 0 -5339 0 *
Ve
1e-07
17.950336 63.479321 0
0 0

0101101
*
Ed
 1e-07 1 1 0
1  447 0 0 0.307060999999997
0

0101000
+5339 0 -5337 0 *
Ve
1e-07
16.993818 63.479321 0
0 0

0101101
*
Ed
 1e-07 1 1 0
1  448 0 0 0.956517999999999
0

0101000
+5337 0 -5335 0 *
Ed
 1e-07 1 1 0
1  449 0 0 0.956520000000001
0

0101000
+5335 0 -5348 0 *
Wi

0101100
+5346 0 +5344 0 +5342 0 +5340 0 +5338 0 +5336 0 +5334 0 +5333 0 *
Fa
0  1e-07 59 0

0111000
+5332 0 *
Ve
1e-07
19.837421 61.244816 0
0 0

0101101
*
Ve
1e-07
27.357592 59.317371 0
0 0

0101101
*
Ed
 1e-07 1 1 0
1  450 0 0 7.76324778023129
0

0101000
+5330 0 -5329 0 *
Ve
1e-07
24.22184 60.602337 0
0 0

0101101
*
Ed
 1e-07 1 1 0
1  451 0 0 3.38881664105038
0

0101000
+5329 0 -5327 0 *
Ve
1e-07
21.086088 61.887299 0
0 0

0101101
*
Ed
 1e-07 1 1 0
1  452 0 0 3.38881512433889
0

0101000
+5327 0 -5325 0 *
Ve
1e-07
17.950336 63.17226 0
0 0

0101101
*
Ed
 1e-07 1 1 0
1  453 0 0 3.38881474516165
0

0101000
+5325 0 -5323 0 *
Ve
1e-07
16.993818 63.17226 0
0 0

0101101
*
Ed
 1e-07 1 1 0
1  454 0 0 0.956517999999999
0

0101000
+5323 0 -5321 0 *
Ve
1e-07
13.699015 63.17226 0
0 0

0101101
*
Ed
 1e-07 1 1 0
1  455 0 0 3.294803
0

0101000
+5321 0 -5319 0 *
Ve
1e-07
12.317251 63.17226 0
0 0

0101101
*
Ed
 1e-07 1 1 0
1  456 0 0 1.381764
0

0101000
+5319 0 -5317 0 *
Ed
 1e-07 1 1 0
1  457 0 0 7.76324656326437
0

0101000
+5317 0 -5330 0 *
Wi

0101100
+5328 0 +5326 0 +5324 0 +5322 0 +5320 0 +5318 0 +5316 0 +5315 0 *
Fa
0  1e-07 60 0

0111000
+5314 0 *
Ve
1e-07
14.374544 72.691078 0
0 0

0101101
*
Ve
1e-07
13.545485 72.691078 0
0 0

0101101
*
Ed
 1e-07 1 1 0
1  458 0 0 0.829059000000001
0

0101000
+5312 0 -5311 0 *
Ve
1e-07
13.545485 70.480255 0
0 0

0101101
*
Ed
 1e-07 1 1 0
1  459 0 0 2.210823
0

0101000
+5311 0 -5309 0 *
Ve
1e-07
13.545485 68.269432 0
0 0

0101101
*
Ed
 1e-07 1 1 0
1  460 0 0 2.210823
0

0101000
+5309 0 -5307 0 *
Ve
1e-07
16.278309 70.480255 0
0 0

0101101
*
Ed
 1e-07 1 1 0
1  461 0 0 3.51511953599092
0

0101000
+5307 0 -5305 0 *
Ve
1e-07
19.011131 72.691078 0
0 0

0101101
*
Ed
 1e-07 1 1 0
1  462 0 0 3.51511798109438
0

0101000
+5305 0 -5303 0 *
Ve
1e-07
18.059248 72.691078 0
0 0

0101101
*
Ed
 1e-07 1 1 0
1  463 0 0 0.951882999999999
0

0101000
+5303 0 -5301 0 *
Ve
1e-07
17.107367 72.691078 0
0 0

0101101
*
Ed
 1e-07 1 1 0
1  464 0 0 0.951881
0

0101000
+5301 0 -5299 0 *
Ve
1e-07
16.155485 72.691078 0
0 0

0101101
*
Ed
 1e-07 1 1 0
1  465 0 0 0.951882000000001
0

0101000
+5299 0 -5297 0 *
Ve
1e-07
15.203603 72.691078 0
0 0

0101101
*
Ed
 1e-07 1 1 0
1  466 0 0 0.951881999999999
0

0101000
+5297 0 -5295 0 *
Ed
 1e-07 1 1 0
1  467 0 0 0.829058999999999
0

0101000
+5295 0 -5312 0 *
Wi

0101100
+5310 0 +5308 0 +5306 0 +5304 0 +5302 0 +5300 0 +5298 0 +5296 0 +5294 0 +5293 0 
*
Fa
0  1e-07 61 0

0111000
+5292 0 *
Ve
1e-07
21.277828 56.963257 0
0 0

0101101
*
Ve
1e-07
20.909359 59.010315 0
0 0

0101101
*
Ed
 1e-07 1 1 0
1  468 0 0 2.07995573494365
0

0101000
+5290 0 -5289 0 *
Ve
1e-07
20.909359 52.869141 0
0 0

0101101
*
Ed
 1e-07 1 1 0
1  469 0 0 6.141174
0

0101000
+5289 0 -5287 0 *
Ve
1e-07
22.014769 52.869141 0
0 0

0101101
*
Ed
 1e-07 1 1 0
1  470 0 0 1.10541
0

0101000
+5287 0 -5285 0 *
Ve
1e-07
21.646299 54.916199 0
0 0

0101101
*
Ed
 1e-07 1 1 0
1  471 0 0 2.07995591209622
0

0101000
+5285 0 -5283 0 *
Ed
 1e-07 1 1 0
1  472 0 0 2.07995608924924
0

0101000
+5283 0 -5290 0 *
Wi

0101100
+5288 0 +5286 0 +5284 0 +5282 0 +5281 0 *
Fa
0  1e-07 62 0

0111000
+5280 0 *
Ve
1e-07
16.979006 55.939728 0
0 0

0101101
*
Ve
1e-07
19.343359 52.869141 0
0 0

0101101
*
Ed
 1e-07 1 1 0
1  473 0 0 3.87539283598167
0

0101000
+5278 0 -5277 0 *
Ve
1e-07
20.602299 52.869141 0
0 0

0101101
*
Ed
 1e-07 1 1 0
1  474 0 0 1.25894
0

0101000
+5277 0 -5275 0 *
Ve
1e-07
20.602299 59.010315 0
0 0

0101101
*
Ed
 1e-07 1 1 0
1  475 0 0 6.141174
0

0101000
+5275 0 -5273 0 *
Ve
1e-07
14.614655 59.010315 0
0 0

0101101
*
Ed
 1e-07 1 1 0
1  476 0 0 5.987644
0

0101000
+5273 0 -5271 0 *
Ed
 1e-07 1 1 0
1  477 0 0 3.87539161579446
0

0101000
+5271 0 -5278 0 *
Wi

0101100
+5276 0 +5274 0 +5272 0 +5270 0 +5269 0 *
Fa
0  1e-07 63 0

0111000
+5268 0 *
Ve
1e-07
24.32966 47.631435 0
0 0

0101101
*
Ve
1e-07
26.64455 42.70079 0
0 0

0101101
*
Ed
 1e-07 1 1 0
1  478 0 0 5.44701531374064
0

0101000
+5266 0 -5265 0 *
Ve
1e-07
28.95944 37.770145 0
0 0

0101101
*
Ed
 1e-07 1 1 0
1  479 0 0 5.44701531374063
0

0101000
+5265 0 -5263 0 *
Ve
1e-07
27.390869 45.166115 0
0 0

0101101
*
Ed
 1e-07 1 1 0
1  480 0 0 7.56047533048954
0

0101000
+5263 0 -5261 0 *
Ve
1e-07
25.822298 52.56208 0
0 0

0101101
*
Ed
 1e-07 1 1 0
1  481 0 0 7.5604704392826
0

0101000
+5261 0 -5259 0 *
Ve
1e-07
23.918533 52.715611 0
0 0

0101101
*
Ed
 1e-07 1 1 0
1  482 0 0 1.90994579587642
0

0101000
+5259 0 -5257 0 *
Ve
1e-07
22.014769 52.869141 0
0 0

0101101
*
Ed
 1e-07 1 1 0
1  483 0 0 1.90994471872774
0

0101000
+5257 0 -5255 0 *
Ve
1e-07
22.014769 52.56208 0
0 0

0101101
*
Ed
 1e-07 1 1 0
1  484 0 0 0.307060999999997
0

0101000
+5255 0 -5253 0 *
Ed
 1e-07 1 1 0
1  485 0 0 5.44701573872391
0

0101000
+5253 0 -5266 0 *
Wi

0101100
+5264 0 +5262 0 +5260 0 +5258 0 +5256 0 +5254 0 +5252 0 +5251 0 *
Fa
0  1e-07 64 0

0111000
+5250 0 *
Ve
1e-07
14.614655 57.475021 0
0 0

0101101
*
Ve
1e-07
14.614655 55.939728 0
0 0

0101101
*
Ed
 1e-07 1 1 0
1  486 0 0 1.535293
0

0101000
+5248 0 -5247 0 *
Ve
1e-07
14.614655 52.869141 0
0 0

0101101
*
Ed
 1e-07 1 1 0
1  487 0 0 3.070587
0

0101000
+5247 0 -5245 0 *
Ve
1e-07
16.57983 52.869141 0
0 0

0101101
*
Ed
 1e-07 1 1 0
1  488 0 0 1.965175
0

0101000
+5245 0 -5243 0 *
Ve
1e-07
17.501007 52.869141 0
0 0

0101101
*
Ed
 1e-07 1 1 0
1  489 0 0 0.921177
0

0101000
+5243 0 -5241 0 *
Ve
1e-07
18.422182 52.869141 0
0 0

0101101
*
Ed
 1e-07 1 1 0
1  490 0 0 0.921174999999998
0

0101000
+5241 0 -5239 0 *
Ve
1e-07
19.343359 52.869141 0
0 0

0101101
*
Ed
 1e-07 1 1 0
1  491 0 0 0.921177
0

0101000
+5239 0 -5237 0 *
Ve
1e-07
16.979006 55.939728 0
0 0

0101101
*
Ed
 1e-07 1 1 0
1  492 0 0 3.87539283598167
0

0101000
+5237 0 -5235 0 *
Ve
1e-07
14.614655 59.010315 0
0 0

0101101
*
Ed
 1e-07 1 1 0
1  493 0 0 3.87539161579446
0

0101000
+5235 0 -5233 0 *
Ed
 1e-07 1 1 0
1  494 0 0 1.535294
0

0101000
+5233 0 -5248 0 *
Wi

0101100
+5246 0 +5244 0 +5242 0 +5240 0 +5238 0 +5236 0 +5234 0 +5232 0 +5231 0 *
Fa
0  1e-07 65 0

0111000
+5230 0 *
Ve
1e-07
18.422182 52.56208 0
0 0

0101101
*
Ve
1e-07
19.343359 52.56208 0
0 0

0101101
*
Ed
 1e-07 1 1 0
1  495 0 0 0.921177
0

0101000
+5228 0 -5227 0 *
Ve
1e-07
19.343359 52.869141 0
0 0

0101101
*
Ed
 1e-07 1 1 0
1  496 0 0 0.307060999999997
0

0101000
+5227 0 -5225 0 *
Ve
1e-07
18.422182 52.869141 0
0 0

0101101
*
Ed
 1e-07 1 1 0
1  497 0 0 0.921177
0

0101000
+5225 0 -5223 0 *
Ve
1e-07
17.501007 52.869141 0
0 0

0101101
*
Ed
 1e-07 1 1 0
1  498 0 0 0.921174999999998
0

0101000
+5223 0 -5221 0 *
Ve
1e-07
16.57983 52.869141 0
0 0

0101101
*
Ed
 1e-07 1 1 0
1  499 0 0 0.921177
0

0101000
+5221 0 -5219 0 *
Ve
1e-07
15.658654 52.869141 0
0 0

0101101
*
Ed
 1e-07 1 1 0
1  500 0 0 0.921176000000001
0

0101000
+5219 0 -5217 0 *
Ve
1e-07
15.658654 52.56208 0
0 0

0101101
*
Ed
 1e-07 1 1 0
1  501 0 0 0.307060999999997
0

0101000
+5217 0 -5215 0 *
Ve
1e-07
16.57983 52.56208 0
0 0

0101101
*
Ed
 1e-07 1 1 0
1  502 0 0 0.921176000000001
0

0101000
+5215 0 -5213 0 *
Ve
1e-07
17.501007 52.56208 0
0 0

0101101
*
Ed
 1e-07 1 1 0
1  503 0 0 0.921177
0

0101000
+5213 0 -5211 0 *
Ed
 1e-07 1 1 0
1  504 0 0 0.921174999999998
0

0101000
+5211 0 -5228 0 *
Wi

0101100
+5226 0 +5224 0 +5222 0 +5220 0 +5218 0 +5216 0 +5214 0 +5212 0 +5210 0 +5209 0 
*
Fa
0  1e-07 66 0

0111000
+5208 0 *
Ve
1e-07
24.22184 60.602337 0
0 0

0101101
*
Ve
1e-07
27.357592 59.317371 0
0 0

0101101
*
Ed
 1e-07 1 1 0
1  505 0 0 3.38881664105038
0

0101000
+5206 0 -5205 0 *
Ve
1e-07
24.882114 61.244816 0
0 0

0101101
*
Ed
 1e-07 1 1 0
1  506 0 0 3.1373612409968
0

0101000
+5205 0 -5203 0 *
Ve
1e-07
22.406639 63.17226 0
0 0

0101101
*
Ed
 1e-07 1 1 0
1  507 0 0 3.13735825954911
0

0101000
+5203 0 -5201 0 *
Ve
1e-07
17.950336 63.17226 0
0 0

0101101
*
Ed
 1e-07 1 1 0
1  508 0 0 4.456303
0

0101000
+5201 0 -5199 0 *
Ve
1e-07
21.086088 61.887299 0
0 0

0101101
*
Ed
 1e-07 1 1 0
1  509 0 0 3.38881474516165
0

0101000
+5199 0 -5197 0 *
Ed
 1e-07 1 1 0
1  510 0 0 3.38881512433889
0

0101000
+5197 0 -5206 0 *
Wi

0101100
+5204 0 +5202 0 +5200 0 +5198 0 +5196 0 +5195 0 *
Fa
0  1e-07 67 0

0111000
+5194 0 *
Ve
1e-07
24.177845 42.086674 0
0 0

0101101
*
Ve
1e-07
28.95944 37.770145 0
0 0

0101101
*
Ed
 1e-07 1 1 0
1  511 0 0 6.44174458915176
0

0101000
+5192 0 -5191 0 *
Ve
1e-07
26.64455 42.70079 0
0 0

0101101
*
Ed
 1e-07 1 1 0
1  512 0 0 5.44701531374063
0

0101000
+5191 0 -5189 0 *
Ve
1e-07
24.32966 47.631435 0
0 0

0101101
*
Ed
 1e-07 1 1 0
1  513 0 0 5.44701531374064
0

0101000
+5189 0 -5187 0 *
Ve
1e-07
22.014769 52.56208 0
0 0

0101101
*
Ed
 1e-07 1 1 0
1  514 0 0 5.44701573872391
0

0101000
+5187 0 -5185 0 *
Ve
1e-07
20.679064 52.56208 0
0 0

0101101
*
Ed
 1e-07 1 1 0
1  515 0 0 1.335705
0

0101000
+5185 0 -5183 0 *
Ve
1e-07
19.343359 52.56208 0
0 0

0101101
*
Ed
 1e-07 1 1 0
1  516 0 0 1.335705
0

0101000
+5183 0 -5181 0 *
Ve
1e-07
16.979006 51.640903 0
0 0

0101101
*
Ed
 1e-07 1 1 0
1  517 0 0 2.5374656990663
0

0101000
+5181 0 -5179 0 *
Ve
1e-07
14.614655 50.719727 0
0 0

0101101
*
Ed
 1e-07 1 1 0
1  518 0 0 2.53746347248133
0

0101000
+5179 0 -5177 0 *
Ve
1e-07
19.39625 46.403202 0
0 0

0101101
*
Ed
 1e-07 1 1 0
1  519 0 0 6.44174190880463
0

0101000
+5177 0 -5175 0 *
Ed
 1e-07 1 1 0
1  520 0 0 6.44174391906485
0

0101000
+5175 0 -5192 0 *
Wi

0101100
+5190 0 +5188 0 +5186 0 +5184 0 +5182 0 +5180 0 +5178 0 +5176 0 +5174 0 +5173 0 
*
Fa
0  1e-07 68 0

0111000
+5172 0 *
Ve
1e-07
34.824654 46.775326 0
0 0

0101101
*
Ve
1e-07
32.214657 46.775326 0
0 0

0101101
*
Ed
 1e-07 1 1 0
1  521 0 0 2.609997
0

0101000
+5170 0 -5169 0 *
Ve
1e-07
31.129583 43.773598 0
0 0

0101101
*
Ed
 1e-07 1 1 0
1  522 0 0 3.19182652590331
0

0101000
+5169 0 -5167 0 *
Ve
1e-07
30.044512 40.771873 0
0 0

0101101
*
Ed
 1e-07 1 1 0
1  523 0 0 3.19182268471574
0

0101000
+5167 0 -5165 0 *
Ve
1e-07
28.95944 37.770145 0
0 0

0101101
*
Ed
 1e-07 1 1 0
1  524 0 0 3.19182584599599
0

0101000
+5165 0 -5163 0 *
Ve
1e-07
31.784512 40.771873 0
0 0

0101101
*
Ed
 1e-07 1 1 0
1  525 0 0 4.12206292906452
0

0101000
+5163 0 -5161 0 *
Ve
1e-07
34.609585 43.773598 0
0 0

0101101
*
Ed
 1e-07 1 1 0
1  526 0 0 4.12206142978899
0

0101000
+5161 0 -5159 0 *
Ve
1e-07
37.434654 46.775326 0
0 0

0101101
*
Ed
 1e-07 1 1 0
1  527 0 0 4.12206087300333
0

0101000
+5159 0 -5157 0 *
Ed
 1e-07 1 1 0
1  528 0 0 2.61
0

0101000
+5157 0 -5170 0 *
Wi

0101100
+5168 0 +5166 0 +5164 0 +5162 0 +5160 0 +5158 0 +5156 0 +5155 0 *
Fa
0  1e-07 69 0

0111000
+5154 0 *
Ve
1e-07
26.328413 29.032566 0
0 0

0101101
*
Ve
1e-07
25.841957 27.243069 0
0 0

0101101
*
Ed
 1e-07 1 1 0
1  529 0 0 1.85443763792288
0

0101000
+5152 0 -5151 0 *
Ve
1e-07
28.278389 27.43618 0
0 0

0101101
*
Ed
 1e-07 1 1 0
1  530 0 0 2.44407298355532
0

0101000
+5151 0 -5149 0 *
Ve
1e-07
30.714819 27.629293 0
0 0

0101101
*
Ed
 1e-07 1 1 0
1  531 0 0 2.44407114783285
0

0101000
+5149 0 -5147 0 *
Ve
1e-07
33.151249 27.822407 0
0 0

0101101
*
Ed
 1e-07 1 1 0
1  532 0 0 2.4440712268459
0

0101000
+5147 0 -5145 0 *
Ve
1e-07
31.753981 29.418791 0
0 0

0101101
*
Ed
 1e-07 1 1 0
1  533 0 0 2.12150883554135
0

0101000
+5145 0 -5143 0 *
Ve
1e-07
30.35671 31.015175 0
0 0

0101101
*
Ed
 1e-07 1 1 0
1  534 0 0 2.12151081140234
0

0101000
+5143 0 -5141 0 *
Ve
1e-07
28.95944 32.611561 0
0 0

0101101
*
Ed
 1e-07 1 1 0
1  535 0 0 2.12151165773276
0

0101000
+5141 0 -5139 0 *
Ve
1e-07
28.130383 32.611561 0
0 0

0101101
*
Ed
 1e-07 1 1 0
1  536 0 0 0.829057000000002
0

0101000
+5139 0 -5137 0 *
Ve
1e-07
27.301323 32.611561 0
0 0

0101101
*
Ed
 1e-07 1 1 0
1  537 0 0 0.829059999999998
0

0101000
+5137 0 -5135 0 *
Ve
1e-07
26.814869 30.822063 0
0 0

0101101
*
Ed
 1e-07 1 1 0
1  538 0 0 1.85443807826522
0

0101000
+5135 0 -5133 0 *
Ed
 1e-07 1 1 0
1  539 0 0 1.85443763792288
0

0101000
+5133 0 -5152 0 *
Wi

0101100
+5150 0 +5148 0 +5146 0 +5144 0 +5142 0 +5140 0 +5138 0 +5136 0 +5134 0 +5132 0 
+5131 0 *
Fa
0  1e-07 70 0

0111000
+5130 0 *
Ve
1e-07
28.652382 35.221558 0
0 0

0101101
*
Ve
1e-07
28.652382 36.342323 0
0 0

0101101
*
Ed
 1e-07 1 1 0
1  540 0 0 1.120765
0

0101000
+5128 0 -5127 0 *
Ve
1e-07
28.652382 37.463089 0
0 0

0101101
*
Ed
 1e-07 1 1 0
1  541 0 0 1.120766
0

0101000
+5127 0 -5125 0 *
Ve
1e-07
26.318735 35.221558 0
0 0

0101101
*
Ed
 1e-07 1 1 0
1  542 0 0 3.23579504056885
0

0101000
+5125 0 -5123 0 *
Ve
1e-07
23.985088 32.98003 0
0 0

0101101
*
Ed
 1e-07 1 1 0
1  543 0 0 3.23579296238078
0

0101000
+5123 0 -5121 0 *
Ve
1e-07
25.0905 32.98003 0
0 0

0101101
*
Ed
 1e-07 1 1 0
1  544 0 0 1.105412
0

0101000
+5121 0 -5119 0 *
Ve
1e-07
26.195911 32.98003 0
0 0

0101101
*
Ed
 1e-07 1 1 0
1  545 0 0 1.105411
0

0101000
+5119 0 -5117 0 *
Ve
1e-07
28.652382 32.98003 0
0 0

0101101
*
Ed
 1e-07 1 1 0
1  546 0 0 2.456471
0

0101000
+5117 0 -5115 0 *
Ed
 1e-07 1 1 0
1  547 0 0 2.241528
0

0101000
+5115 0 -5128 0 *
Wi

0101100
+5126 0 +5124 0 +5122 0 +5120 0 +5118 0 +5116 0 +5114 0 +5113 0 *
Fa
0  1e-07 71 0

0111000
+5112 0 *
Ve
1e-07
22.572618 32.98003 0
0 0

0101101
*
Ve
1e-07
23.985088 32.98003 0
0 0

0101101
*
Ed
 1e-07 1 1 0
1  548 0 0 1.41247
0

0101000
+5110 0 -5109 0 *
Ve
1e-07
26.318735 35.221558 0
0 0

0101101
*
Ed
 1e-07 1 1 0
1  549 0 0 3.23579296238078
0

0101000
+5109 0 -5107 0 *
Ve
1e-07
28.652382 37.463089 0
0 0

0101101
*
Ed
 1e-07 1 1 0
1  550 0 0 3.23579504056885
0

0101000
+5107 0 -5105 0 *
Ve
1e-07
22.572618 37.463089 0
0 0

0101101
*
Ed
 1e-07 1 1 0
1  551 0 0 6.079764
0

0101000
+5105 0 -5103 0 *
Ed
 1e-07 1 1 0
1  552 0 0 4.483059
0

0101000
+5103 0 -5110 0 *
Wi

0101100
+5108 0 +5106 0 +5104 0 +5102 0 +5101 0 *
Fa
0  1e-07 72 0

0111000
+5100 0 *
Ve
1e-07
26.195911 32.611561 0
0 0

0101101
*
Ve
1e-07
27.301323 32.611561 0
0 0

0101101
*
Ed
 1e-07 1 1 0
1  553 0 0 1.105412
0

0101000
+5098 0 -5097 0 *
Ve
1e-07
27.301323 32.98003 0
0 0

0101101
*
Ed
 1e-07 1 1 0
1  554 0 0 0.368468999999997
0

0101000
+5097 0 -5095 0 *
Ve
1e-07
26.195911 32.98003 0
0 0

0101101
*
Ed
 1e-07 1 1 0
1  555 0 0 1.105412
0

0101000
+5095 0 -5093 0 *
Ve
1e-07
25.0905 32.98003 0
0 0

0101101
*
Ed
 1e-07 1 1 0
1  556 0 0 1.105411
0

0101000
+5093 0 -5091 0 *
Ve
1e-07
23.985088 32.98003 0
0 0

0101101
*
Ed
 1e-07 1 1 0
1  557 0 0 1.105412
0

0101000
+5091 0 -5089 0 *
Ve
1e-07
23.985088 32.611561 0
0 0

0101101
*
Ed
 1e-07 1 1 0
1  558 0 0 0.368468999999997
0

0101000
+5089 0 -5087 0 *
Ve
1e-07
25.0905 32.611561 0
0 0

0101101
*
Ed
 1e-07 1 1 0
1  559 0 0 1.105412
0

0101000
+5087 0 -5085 0 *
Ed
 1e-07 1 1 0
1  560 0 0 1.105411
0

0101000
+5085 0 -5098 0 *
Wi

0101100
+5096 0 +5094 0 +5092 0 +5090 0 +5088 0 +5086 0 +5084 0 +5083 0 *
Fa
0  1e-07 73 0

0111000
+5082 0 *
Ve
1e-07
23.286112 29.927315 0
0 0

0101101
*
Ve
1e-07
25.841957 27.243069 0
0 0

0101101
*
Ed
 1e-07 1 1 0
1  561 0 0 3.70641609274256
0

0101000
+5080 0 -5079 0 *
Ve
1e-07
26.328413 29.032566 0
0 0

0101101
*
Ed
 1e-07 1 1 0
1  562 0 0 1.85443763792288
0

0101000
+5079 0 -5077 0 *
Ve
1e-07
26.814869 30.822063 0
0 0

0101101
*
Ed
 1e-07 1 1 0
1  563 0 0 1.85443763792288
0

0101000
+5077 0 -5075 0 *
Ve
1e-07
27.301323 32.611561 0
0 0

0101101
*
Ed
 1e-07 1 1 0
1  564 0 0 1.85443807826522
0

0101000
+5075 0 -5073 0 *
Ve
1e-07
26.195911 32.611561 0
0 0

0101101
*
Ed
 1e-07 1 1 0
1  565 0 0 1.105412
0

0101000
+5073 0 -5071 0 *
Ve
1e-07
25.0905 32.611561 0
0 0

0101101
*
Ed
 1e-07 1 1 0
1  566 0 0 1.105411
0

0101000
+5071 0 -5069 0 *
Ve
1e-07
23.985088 32.611561 0
0 0

0101101
*
Ed
 1e-07 1 1 0
1  567 0 0 1.105412
0

0101000
+5069 0 -5067 0 *
Ve
1e-07
20.730267 32.611561 0
0 0

0101101
*
Ed
 1e-07 1 1 0
1  568 0 0 3.254821
0

0101000
+5067 0 -5065 0 *
Ed
 1e-07 1 1 0
1  569 0 0 3.70641609274256
0

0101000
+5065 0 -5080 0 *
Wi

0101100
+5078 0 +5076 0 +5074 0 +5072 0 +5070 0 +5068 0 +5066 0 +5064 0 +5063 0 *
Fa
0  1e-07 74 0

0111000
+5062 0 *
Ve
1e-07
26.530586 5.984737 0
0 0

0101101
*
Ve
1e-07
23.870543 5.653965 0
0 0

0101101
*
Ed
 1e-07 1 1 0
1  570 0 0 2.68052958906127
0

0101000
+5060 0 -5059 0 *
Ve
1e-07
23.870543 5.1422 0
0 0

0101101
*
Ed
 1e-07 1 1 0
1  571 0 0 0.511765
0

0101000
+5059 0 -5057 0 *
Ve
1e-07
23.870543 4.630435 0
0 0

0101101
*
Ed
 1e-07 1 1 0
1  572 0 0 0.511765
0

0101000
+5057 0 -5055 0 *
Ve
1e-07
23.870543 4.118671 0
0 0

0101101
*
Ed
 1e-07 1 1 0
1  573 0 0 0.511764
0

0101000
+5055 0 -5053 0 *
Ve
1e-07
27.860607 1.360008 0
0 0

0101101
*
Ed
 1e-07 1 1 0
1  574 0 0 4.85085892102265
0

0101000
+5053 0 -5051 0 *
Ve
1e-07
31.850674 -1.398656 0
0 0

0101101
*
Ed
 1e-07 1 1 0
1  575 0 0 4.85086195736232
0

0101000
+5051 0 -5049 0 *
Ve
1e-07
31.850674 6.646283 0
0 0

0101101
*
Ed
 1e-07 1 1 0
1  576 0 0 8.044939
0

0101000
+5049 0 -5047 0 *
Ve
1e-07
29.19063 6.31551 0
0 0

0101101
*
Ed
 1e-07 1 1 0
1  577 0 0 2.68053070481668
0

0101000
+5047 0 -5045 0 *
Ed
 1e-07 1 1 0
1  578 0 0 2.68053070481668
0

0101000
+5045 0 -5060 0 *
Wi

0101100
+5058 0 +5056 0 +5054 0 +5052 0 +5050 0 +5048 0 +5046 0 +5044 0 +5043 0 *
Fa
0  1e-07 75 0

0111000
+5042 0 *
Ve
1e-07
29.19063 6.909157 0
0 0

0101101
*
Ve
1e-07
31.850674 6.646283 0
0 0

0101101
*
Ed
 1e-07 1 1 0
1  579 0 0 2.67300146311445
0

0101000
+5040 0 -5039 0 *
Ve
1e-07
33.821316 9.005171 0
0 0

0101101
*
Ed
 1e-07 1 1 0
1  580 0 0 3.07372453038785
0

0101000
+5039 0 -5037 0 *
Ve
1e-07
35.791954 11.364058 0
0 0

0101101
*
Ed
 1e-07 1 1 0
1  581 0 0 3.07372119845196
0

0101000
+5037 0 -5035 0 *
Ve
1e-07
32.475288 12.051181 0
0 0

0101101
*
Ed
 1e-07 1 1 0
1  582 0 0 3.3870948278259
0

0101000
+5035 0 -5033 0 *
Ve
1e-07
29.158623 12.738303 0
0 0

0101101
*
Ed
 1e-07 1 1 0
1  583 0 0 3.38709364575428
0

0101000
+5033 0 -5031 0 *
Ve
1e-07
25.841957 13.425426 0
0 0

0101101
*
Ed
 1e-07 1 1 0
1  584 0 0 3.3870948278259
0

0101000
+5031 0 -5029 0 *
Ve
1e-07
24.856249 10.430165 0
0 0

0101101
*
Ed
 1e-07 1 1 0
1  585 0 0 3.15328538502068
0

0101000
+5029 0 -5027 0 *
Ve
1e-07
23.870543 7.434905 0
0 0

0101101
*
Ed
 1e-07 1 1 0
1  586 0 0 3.153283809941
0

0101000
+5027 0 -5025 0 *
Ve
1e-07
26.530586 7.172031 0
0 0

0101101
*
Ed
 1e-07 1 1 0
1  587 0 0 2.67300046796199
0

0101000
+5025 0 -5023 0 *
Ed
 1e-07 1 1 0
1  588 0 0 2.67300146311445
0

0101000
+5023 0 -5040 0 *
Wi

0101100
+5038 0 +5036 0 +5034 0 +5032 0 +5030 0 +5028 0 +5026 0 +5024 0 +5022 0 +5021 0 
*
Fa
0  1e-07 76 0

0111000
+5020 0 *
Ve
1e-07
26.530586 7.172031 0
0 0

0101101
*
Ve
1e-07
23.870543 7.434905 0
0 0

0101101
*
Ed
 1e-07 1 1 0
1  589 0 0 2.67300046796199
0

0101000
+5018 0 -5017 0 *
Ve
1e-07
23.870543 5.653965 0
0 0

0101101
*
Ed
 1e-07 1 1 0
1  590 0 0 1.78094
0

0101000
+5017 0 -5015 0 *
Ve
1e-07
26.530586 5.984737 0
0 0

0101101
*
Ed
 1e-07 1 1 0
1  591 0 0 2.68052958906127
0

0101000
+5015 0 -5013 0 *
Ve
1e-07
29.19063 6.31551 0
0 0

0101101
*
Ed
 1e-07 1 1 0
1  592 0 0 2.68053070481668
0

0101000
+5013 0 -5011 0 *
Ve
1e-07
31.850674 6.646283 0
0 0

0101101
*
Ed
 1e-07 1 1 0
1  593 0 0 2.68053070481668
0

0101000
+5011 0 -5009 0 *
Ve
1e-07
29.19063 6.909157 0
0 0

0101101
*
Ed
 1e-07 1 1 0
1  594 0 0 2.67300146311445
0

0101000
+5009 0 -5007 0 *
Ed
 1e-07 1 1 0
1  595 0 0 2.67300146311445
0

0101000
+5007 0 -5018 0 *
Wi

0101100
+5016 0 +5014 0 +5012 0 +5010 0 +5008 0 +5006 0 +5005 0 *
Fa
0  1e-07 77 0

0111000
+5004 0 *
Ve
1e-07
21.652071 6.990504 0
0 0

0101101
*
Ve
1e-07
20.734718 6.990504 0
0 0

0101101
*
Ed
 1e-07 1 1 0
1  596 0 0 0.917352999999999
0

0101000
+5002 0 -5001 0 *
Ve
1e-07
19.817366 6.990504 0
0 0

0101101
*
Ed
 1e-07 1 1 0
1  597 0 0 0.917352000000001
0

0101000
+5001 0 -4999 0 *
Ve
1e-07
21.598307 5.554588 0
0 0

0101101
*
Ed
 1e-07 1 1 0
1  598 0 0 2.28770749977723
0

0101000
+4999 0 -4997 0 *
Ve
1e-07
23.379248 4.118671 0
0 0

0101101
*
Ed
 1e-07 1 1 0
1  599 0 0 2.28770812744327
0

0101000
+4997 0 -4995 0 *
Ve
1e-07
23.415091 4.630435 0
0 0

0101101
*
Ed
 1e-07 1 1 0
1  600 0 0 0.513017653053967
0

0101000
+4995 0 -4993 0 *
Ve
1e-07
23.450933 5.1422 0
0 0

0101101
*
Ed
 1e-07 1 1 0
1  601 0 0 0.513018580744401
0

0101000
+4993 0 -4991 0 *
Ve
1e-07
23.486776 5.653965 0
0 0

0101101
*
Ed
 1e-07 1 1 0
1  602 0 0 0.513018650610288
0

0101000
+4991 0 -4989 0 *
Ve
1e-07
23.486776 6.990504 0
0 0

0101101
*
Ed
 1e-07 1 1 0
1  603 0 0 1.336539
0

0101000
+4989 0 -4987 0 *
Ed
 1e-07 1 1 0
1  604 0 0 1.834705
0

0101000
+4987 0 -5002 0 *
Wi

0101100
+5000 0 +4998 0 +4996 0 +4994 0 +4992 0 +4990 0 +4988 0 +4986 0 +4985 0 *
Fa
0  1e-07 78 0

0111000
+4984 0 *
Ve
1e-07
14.81543 10.430165 0
0 0

0101101
*
Ve
1e-07
19.448896 7.434905 0
0 0

0101101
*
Ed
 1e-07 1 1 0
1  605 0 0 5.51729912554649
0

0101000
+4982 0 -4981 0 *
Ve
1e-07
23.870543 7.434905 0
0 0

0101101
*
Ed
 1e-07 1 1 0
1  606 0 0 4.421647
0

0101000
+4981 0 -4979 0 *
Ve
1e-07
24.856249 10.430165 0
0 0

0101101
*
Ed
 1e-07 1 1 0
1  607 0 0 3.153283809941
0

0101000
+4979 0 -4977 0 *
Ve
1e-07
25.841957 13.425426 0
0 0

0101101
*
Ed
 1e-07 1 1 0
1  608 0 0 3.15328538502068
0

0101000
+4977 0 -4975 0 *
Ve
1e-07
10.181963 13.425426 0
0 0

0101101
*
Ed
 1e-07 1 1 0
1  609 0 0 15.659994
0

0101000
+4975 0 -4973 0 *
Ed
 1e-07 1 1 0
1  610 0 0 5.51730050823861
0

0101000
+4973 0 -4982 0 *
Wi

0101100
+4980 0 +4978 0 +4976 0 +4974 0 +4972 0 +4971 0 *
Fa
0  1e-07 79 0

0111000
+4970 0 *
Ve
1e-07
23.870543 4.118671 0
0 0

0101101
*
Ve
1e-07
23.870543 4.630435 0
0 0

0101101
*
Ed
 1e-07 1 1 0
1  611 0 0 0.511764
0

0101000
+4968 0 -4967 0 *
Ve
1e-07
23.870543 5.1422 0
0 0

0101101
*
Ed
 1e-07 1 1 0
1  612 0 0 0.511765
0

0101000
+4967 0 -4965 0 *
Ve
1e-07
23.870543 5.653965 0
0 0

0101101
*
Ed
 1e-07 1 1 0
1  613 0 0 0.511765
0

0101000
+4965 0 -4963 0 *
Ve
1e-07
23.486776 5.653965 0
0 0

0101101
*
Ed
 1e-07 1 1 0
1  614 0 0 0.383767000000002
0

0101000
+4963 0 -4961 0 *
Ve
1e-07
23.450933 5.1422 0
0 0

0101101
*
Ed
 1e-07 1 1 0
1  615 0 0 0.513018650610288
0

0101000
+4961 0 -4959 0 *
Ve
1e-07
23.415091 4.630435 0
0 0

0101101
*
Ed
 1e-07 1 1 0
1  616 0 0 0.513018580744401
0

0101000
+4959 0 -4957 0 *
Ve
1e-07
23.379248 4.118671 0
0 0

0101101
*
Ed
 1e-07 1 1 0
1  617 0 0 0.513017653053967
0

0101000
+4957 0 -4955 0 *
Ed
 1e-07 1 1 0
1  618 0 0 0.491295000000001
0

0101000
+4955 0 -4968 0 *
Wi

0101100
+4966 0 +4964 0 +4962 0 +4960 0 +4958 0 +4956 0 +4954 0 +4953 0 *
Fa
0  1e-07 80 0

0111000
+4952 0 *
Ve
1e-07
18.458033 35.221558 0
0 0

0101101
*
Ve
1e-07
20.730267 32.98003 0
0 0

0101101
*
Ed
 1e-07 1 1 0
1  619 0 0 3.19178557010649
0

0101000
+4950 0 -4949 0 *
Ve
1e-07
22.26556 32.98003 0
0 0

0101101
*
Ed
 1e-07 1 1 0
1  620 0 0 1.535293
0

0101000
+4949 0 -4947 0 *
Ve
1e-07
22.26556 37.463089 0
0 0

0101101
*
Ed
 1e-07 1 1 0
1  621 0 0 4.483059
0

0101000
+4947 0 -4945 0 *
Ve
1e-07
16.185799 37.463089 0
0 0

0101101
*
Ed
 1e-07 1 1 0
1  622 0 0 6.079761
0

0101000
+4945 0 -4943 0 *
Ed
 1e-07 1 1 0
1  623 0 0 3.19178767694798
0

0101000
+4943 0 -4950 0 *
Wi

0101100
+4948 0 +4946 0 +4944 0 +4942 0 +4941 0 *
Fa
0  1e-07 81 0

0111000
+4940 0 *
Ve
1e-07
16.185799 32.98003 0
0 0

0101101
*
Ve
1e-07
18.560385 32.98003 0
0 0

0101101
*
Ed
 1e-07 1 1 0
1  624 0 0 2.374586
0

0101000
+4938 0 -4937 0 *
Ve
1e-07
19.645327 32.98003 0
0 0

0101101
*
Ed
 1e-07 1 1 0
1  625 0 0 1.084942
0

0101000
+4937 0 -4935 0 *
Ve
1e-07
20.730267 32.98003 0
0 0

0101101
*
Ed
 1e-07 1 1 0
1  626 0 0 1.08494
0

0101000
+4935 0 -4933 0 *
Ve
1e-07
18.458033 35.221558 0
0 0

0101101
*
Ed
 1e-07 1 1 0
1  627 0 0 3.19178557010649
0

0101000
+4933 0 -4931 0 *
Ve
1e-07
16.185799 37.463089 0
0 0

0101101
*
Ed
 1e-07 1 1 0
1  628 0 0 3.19178767694798
0

0101000
+4931 0 -4929 0 *
Ed
 1e-07 1 1 0
1  629 0 0 4.483059
0

0101000
+4929 0 -4938 0 *
Wi

0101100
+4936 0 +4934 0 +4932 0 +4930 0 +4928 0 +4927 0 *
Fa
0  1e-07 82 0

0111000
+4926 0 *
Ve
1e-07
19.28709 37.770145 0
0 0

0101101
*
Ve
1e-07
28.95944 37.770145 0
0 0

0101101
*
Ed
 1e-07 1 1 0
1  630 0 0 9.67235
0

0101000
+4924 0 -4923 0 *
Ve
1e-07
24.177845 42.086674 0
0 0

0101101
*
Ed
 1e-07 1 1 0
1  631 0 0 6.44174458915176
0

0101000
+4923 0 -4921 0 *
Ve
1e-07
19.39625 46.403202 0
0 0

0101101
*
Ed
 1e-07 1 1 0
1  632 0 0 6.44174391906485
0

0101000
+4921 0 -4919 0 *
Ve
1e-07
14.614655 50.719727 0
0 0

0101101
*
Ed
 1e-07 1 1 0
1  633 0 0 6.44174190880463
0

0101000
+4919 0 -4917 0 *
Ve
1e-07
12.526655 48.693142 0
0 0

0101101
*
Ed
 1e-07 1 1 0
1  634 0 0 2.9097750363602
0

0101000
+4917 0 -4915 0 *
Ve
1e-07
10.438656 46.666553 0
0 0

0101101
*
Ed
 1e-07 1 1 0
1  635 0 0 2.90977710468036
0

0101000
+4915 0 -4913 0 *
Ve
1e-07
10.164018 43.701084 0
0 0

0101101
*
Ed
 1e-07 1 1 0
1  636 0 0 2.97815923365508
0

0101000
+4913 0 -4911 0 *
Ve
1e-07
9.88938 40.735615 0
0 0

0101101
*
Ed
 1e-07 1 1 0
1  637 0 0 2.97815923365508
0

0101000
+4911 0 -4909 0 *
Ve
1e-07
9.614741 37.770145 0
0 0

0101101
*
Ed
 1e-07 1 1 0
1  638 0 0 2.97816032161148
0

0101000
+4909 0 -4907 0 *
Ed
 1e-07 1 1 0
1  639 0 0 9.672349
0

0101000
+4907 0 -4924 0 *
Wi

0101100
+4922 0 +4920 0 +4918 0 +4916 0 +4914 0 +4912 0 +4910 0 +4908 0 +4906 0 +4905 0 
*
Fa
0  1e-07 83 0

0111000
+4904 0 *
Ve
1e-07
18.422182 52.56208 0
0 0

0101101
*
Ve
1e-07
17.501007 52.56208 0
0 0

0101101
*
Ed
 1e-07 1 1 0
1  640 0 0 0.921174999999998
0

0101000
+4902 0 -4901 0 *
Ve
1e-07
14.614655 52.56208 0
0 0

0101101
*
Ed
 1e-07 1 1 0
1  641 0 0 2.886352
0

0101000
+4901 0 -4899 0 *
Ve
1e-07
14.614655 50.719727 0
0 0

0101101
*
Ed
 1e-07 1 1 0
1  642 0 0 1.842353
0

0101000
+4899 0 -4897 0 *
Ve
1e-07
16.979006 51.640903 0
0 0

0101101
*
Ed
 1e-07 1 1 0
1  643 0 0 2.53746347248133
0

0101000
+4897 0 -4895 0 *
Ve
1e-07
19.343359 52.56208 0
0 0

0101101
*
Ed
 1e-07 1 1 0
1  644 0 0 2.5374656990663
0

0101000
+4895 0 -4893 0 *
Ed
 1e-07 1 1 0
1  645 0 0 0.921177
0

0101000
+4893 0 -4902 0 *
Wi

0101100
+4900 0 +4898 0 +4896 0 +4894 0 +4892 0 +4891 0 *
Fa
0  1e-07 84 0

0111000
+4890 0 *
Ve
1e-07
15.878739 35.221558 0
0 0

0101101
*
Ve
1e-07
15.878739 37.463089 0
0 0

0101101
*
Ed
 1e-07 1 1 0
1  646 0 0 2.24153099999999
0

0101000
+4888 0 -4887 0 *
Ve
1e-07
13.023093 37.156029 0
0 0

0101101
*
Ed
 1e-07 1 1 0
1  647 0 0 2.87210722657007
0

0101000
+4887 0 -4885 0 *
Ve
1e-07
10.167447 36.848969 0
0 0

0101101
*
Ed
 1e-07 1 1 0
1  648 0 0 2.87210722657007
0

0101000
+4885 0 -4883 0 *
Ve
1e-07
12.347564 34.914501 0
0 0

0101101
*
Ed
 1e-07 1 1 0
1  649 0 0 2.91463146499055
0

0101000
+4883 0 -4881 0 *
Ve
1e-07
14.52768 32.98003 0
0 0

0101101
*
Ed
 1e-07 1 1 0
1  650 0 0 2.91463270812928
0

0101000
+4881 0 -4879 0 *
Ve
1e-07
15.878739 32.98003 0
0 0

0101101
*
Ed
 1e-07 1 1 0
1  651 0 0 1.351059
0

0101000
+4879 0 -4877 0 *
Ed
 1e-07 1 1 0
1  652 0 0 2.241528
0

0101000
+4877 0 -4888 0 *
Wi

0101100
+4886 0 +4884 0 +4882 0 +4880 0 +4878 0 +4876 0 +4875 0 *
Fa
0  1e-07 85 0

0111000
+4874 0 *
Ve
1e-07
18.560385 32.611561 0
0 0

0101101
*
Ve
1e-07
17.475445 32.611561 0
0 0

0101101
*
Ed
 1e-07 1 1 0
1  653 0 0 1.08494
0

0101000
+4872 0 -4871 0 *
Ve
1e-07
15.044284 30.822063 0
0 0

0101101
*
Ed
 1e-07 1 1 0
1  654 0 0 3.01874922773075
0

0101000
+4871 0 -4869 0 *
Ve
1e-07
12.613123 29.032566 0
0 0

0101101
*
Ed
 1e-07 1 1 0
1  655 0 0 3.01874863493634
0

0101000
+4869 0 -4867 0 *
Ve
1e-07
10.181963 27.243069 0
0 0

0101101
*
Ed
 1e-07 1 1 0
1  656 0 0 3.01874782958249
0

0101000
+4867 0 -4865 0 *
Ve
1e-07
25.841957 27.243069 0
0 0

0101101
*
Ed
 1e-07 1 1 0
1  657 0 0 15.659994
0

0101000
+4865 0 -4863 0 *
Ve
1e-07
23.286112 29.927315 0
0 0

0101101
*
Ed
 1e-07 1 1 0
1  658 0 0 3.70641609274256
0

0101000
+4863 0 -4861 0 *
Ve
1e-07
20.730267 32.611561 0
0 0

0101101
*
Ed
 1e-07 1 1 0
1  659 0 0 3.70641609274256
0

0101000
+4861 0 -4859 0 *
Ve
1e-07
19.645327 32.611561 0
0 0

0101101
*
Ed
 1e-07 1 1 0
1  660 0 0 1.08494
0

0101000
+4859 0 -4857 0 *
Ed
 1e-07 1 1 0
1  661 0 0 1.084942
0

0101000
+4857 0 -4872 0 *
Wi

0101100
+4870 0 +4868 0 +4866 0 +4864 0 +4862 0 +4860 0 +4858 0 +4856 0 +4855 0 *
Fa
0  1e-07 86 0

0111000
+4854 0 *
Ve
1e-07
14.81543 10.430165 0
0 0

0101101
*
Ve
1e-07
10.181963 13.425426 0
0 0

0101101
*
Ed
 1e-07 1 1 0
1  662 0 0 5.51730050823861
0

0101000
+4852 0 -4851 0 *
Ve
1e-07
5.078548 6.820787 0
0 0

0101101
*
Ed
 1e-07 1 1 0
1  663 0 0 8.34662213009227
0

0101000
+4851 0 -4849 0 *
Ve
1e-07
19.448896 6.820787 0
0 0

0101101
*
Ed
 1e-07 1 1 0
1  664 0 0 14.370348
0

0101000
+4849 0 -4847 0 *
Ve
1e-07
19.448896 7.434905 0
0 0

0101101
*
Ed
 1e-07 1 1 0
1  665 0 0 0.614117999999999
0

0101000
+4847 0 -4845 0 *
Ed
 1e-07 1 1 0
1  666 0 0 5.51729912554649
0

0101000
+4845 0 -4852 0 *
Wi

0101100
+4850 0 +4848 0 +4846 0 +4844 0 +4843 0 *
Fa
0  1e-07 87 0

0111000
+4842 0 *
Ve
1e-07
10.689446 34.914501 0
0 0

0101101
*
Ve
1e-07
11.211447 32.98003 0
0 0

0101101
*
Ed
 1e-07 1 1 0
1  667 0 0 2.0036624201302
0

0101000
+4840 0 -4839 0 *
Ve
1e-07
12.869563 32.795795 0
0 0

0101101
*
Ed
 1e-07 1 1 0
1  668 0 0 1.66831987480849
0

0101000
+4839 0 -4837 0 *
Ve
1e-07
14.52768 32.611561 0
0 0

0101101
*
Ed
 1e-07 1 1 0
1  669 0 0 1.66832075826113
0

0101000
+4837 0 -4835 0 *
Ve
1e-07
14.52768 32.98003 0
0 0

0101101
*
Ed
 1e-07 1 1 0
1  670 0 0 0.368468999999997
0

0101000
+4835 0 -4833 0 *
Ve
1e-07
12.347564 34.914501 0
0 0

0101101
*
Ed
 1e-07 1 1 0
1  671 0 0 2.91463270812928
0

0101000
+4833 0 -4831 0 *
Ve
1e-07
10.167447 36.848969 0
0 0

0101101
*
Ed
 1e-07 1 1 0
1  672 0 0 2.91463146499055
0

0101000
+4831 0 -4829 0 *
Ed
 1e-07 1 1 0
1  673 0 0 2.00365900268109
0

0101000
+4829 0 -4840 0 *
Wi

0101100
+4838 0 +4836 0 +4834 0 +4832 0 +4830 0 +4828 0 +4827 0 *
Fa
0  1e-07 88 0

0111000
+4826 0 *
Ve
1e-07
18.560385 32.98003 0
0 0

0101101
*
Ve
1e-07
17.475445 32.98003 0
0 0

0101101
*
Ed
 1e-07 1 1 0
1  674 0 0 1.08494
0

0101000
+4824 0 -4823 0 *
Ve
1e-07
17.475445 32.611561 0
0 0

0101101
*
Ed
 1e-07 1 1 0
1  675 0 0 0.368468999999997
0

0101000
+4823 0 -4821 0 *
Ve
1e-07
18.560385 32.611561 0
0 0

0101101
*
Ed
 1e-07 1 1 0
1  676 0 0 1.08494
0

0101000
+4821 0 -4819 0 *
Ve
1e-07
19.645327 32.611561 0
0 0

0101101
*
Ed
 1e-07 1 1 0
1  677 0 0 1.084942
0

0101000
+4819 0 -4817 0 *
Ve
1e-07
20.730267 32.611561 0
0 0

0101101
*
Ed
 1e-07 1 1 0
1  678 0 0 1.08494
0

0101000
+4817 0 -4815 0 *
Ve
1e-07
20.730267 32.98003 0
0 0

0101101
*
Ed
 1e-07 1 1 0
1  679 0 0 0.368468999999997
0

0101000
+4815 0 -4813 0 *
Ve
1e-07
19.645327 32.98003 0
0 0

0101101
*
Ed
 1e-07 1 1 0
1  680 0 0 1.08494
0

0101000
+4813 0 -4811 0 *
Ed
 1e-07 1 1 0
1  681 0 0 1.084942
0

0101000
+4811 0 -4824 0 *
Wi

0101100
+4822 0 +4820 0 +4818 0 +4816 0 +4814 0 +4812 0 +4810 0 +4809 0 *
Fa
0  1e-07 89 0

0111000
+4808 0 *
Ve
1e-07
12.263722 2.521966 0
0 0

0101101
*
Ve
1e-07
19.448896 -1.469798 0
0 0

0101101
*
Ed
 1e-07 1 1 0
1  682 0 0 8.21954410183266
0

0101000
+4806 0 -4805 0 *
Ve
1e-07
19.448896 6.513729 0
0 0

0101101
*
Ed
 1e-07 1 1 0
1  683 0 0 7.983527
0

0101000
+4805 0 -4803 0 *
Ve
1e-07
5.078548 6.513729 0
0 0

0101101
*
Ed
 1e-07 1 1 0
1  684 0 0 14.370348
0

0101000
+4803 0 -4801 0 *
Ed
 1e-07 1 1 0
1  685 0 0 8.21954361618971
0

0101000
+4801 0 -4806 0 *
Wi

0101100
+4804 0 +4802 0 +4800 0 +4799 0 *
Fa
0  1e-07 90 0

0111000
+4798 0 *
Ve
1e-07
36.149494 2.193931 0
0 0

0101101
*
Ve
1e-07
33.017498 5.602283 0
0 0

0101101
*
Ed
 1e-07 1 1 0
1  686 0 0 4.62885107774272
0

0101000
+4796 0 -4795 0 *
Ve
1e-07
32.219143 5.602283 0
0 0

0101101
*
Ed
 1e-07 1 1 0
1  687 0 0 0.798355000000001
0

0101000
+4795 0 -4793 0 *
Ve
1e-07
32.219143 -1.21442 0
0 0

0101101
*
Ed
 1e-07 1 1 0
1  688 0 0 6.816703
0

0101000
+4793 0 -4791 0 *
Ve
1e-07
39.281494 -1.21442 0
0 0

0101101
*
Ed
 1e-07 1 1 0
1  689 0 0 7.062351
0

0101000
+4791 0 -4789 0 *
Ed
 1e-07 1 1 0
1  690 0 0 4.62885304791598
0

0101000
+4789 0 -4796 0 *
Wi

0101100
+4794 0 +4792 0 +4790 0 +4788 0 +4787 0 *
Fa
0  1e-07 91 0

0111000
+4786 0 *
Ve
1e-07
65.135841 -3.763008 0
0 0

0101101
*
Ve
1e-07
65.135841 0.766108 0
0 0

0101101
*
Ed
 1e-07 1 1 0
1  691 0 0 4.529116
0

0101000
+4784 0 -4783 0 *
Ve
1e-07
65.135841 5.295224 0
0 0

0101101
*
Ed
 1e-07 1 1 0
1  692 0 0 4.529116
0

0101000
+4783 0 -4781 0 *
Ve
1e-07
64.690605 4.458489 0
0 0

0101101
*
Ed
 1e-07 1 1 0
1  693 0 0 0.947818841298797
0

0101000
+4781 0 -4779 0 *
Ve
1e-07
64.245369 3.621754 0
0 0

0101101
*
Ed
 1e-07 1 1 0
1  694 0 0 0.947818841298804
0

0101000
+4779 0 -4777 0 *
Ve
1e-07
63.800133 2.785019 0
0 0

0101101
*
Ed
 1e-07 1 1 0
1  695 0 0 0.947818841298797
0

0101000
+4777 0 -4775 0 *
Ve
1e-07
63.354897 1.948284 0
0 0

0101101
*
Ed
 1e-07 1 1 0
1  696 0 0 0.947818841298801
0

0101000
+4775 0 -4773 0 *
Ve
1e-07
62.909664 1.111549 0
0 0

0101101
*
Ed
 1e-07 1 1 0
1  697 0 0 0.947817432058517
0

0101000
+4773 0 -4771 0 *
Ve
1e-07
62.464428 0.274814 0
0 0

0101101
*
Ed
 1e-07 1 1 0
1  698 0 0 0.947818841298801
0

0101000
+4771 0 -4769 0 *
Ve
1e-07
62.019192 -0.561921 0
0 0

0101101
*
Ed
 1e-07 1 1 0
1  699 0 0 0.947818841298801
0

0101000
+4769 0 -4767 0 *
Ve
1e-07
61.573959 -1.398656 0
0 0

0101101
*
Ed
 1e-07 1 1 0
1  700 0 0 0.947817432058514
0

0101000
+4767 0 -4765 0 *
Ve
1e-07
63.017132 -7.109948 0
0 0

0101101
*
Ed
 1e-07 1 1 0
1  701 0 0 5.89080678830947
0

0101000
+4765 0 -4763 0 *
Ve
1e-07
64.460312 -12.82124 0
0 0

0101101
*
Ed
 1e-07 1 1 0
1  702 0 0 5.89080850322466
0

0101000
+4763 0 -4761 0 *
Ve
1e-07
65.135841 -12.82124 0
0 0

0101101
*
Ed
 1e-07 1 1 0
1  703 0 0 0.675528999999997
0

0101000
+4761 0 -4759 0 *
Ed
 1e-07 1 1 0
1  704 0 0 9.058232
0

0101000
+4759 0 -4784 0 *
Wi

0101100
+4782 0 +4780 0 +4778 0 +4776 0 +4774 0 +4772 0 +4770 0 +4768 0 +4766 0 +4764 0 
+4762 0 +4760 0 +4758 0 +4757 0 *
Fa
0  1e-07 92 0

0111000
+4756 0 *
Ve
1e-07
60.714191 -13.005475 0
0 0

0101101
*
Ve
1e-07
61.962898 -13.292064 0
0 0

0101101
*
Ed
 1e-07 1 1 0
1  705 0 0 1.28117228613876
0

0101000
+4754 0 -4753 0 *
Ve
1e-07
63.211605 -13.578651 0
0 0

0101101
*
Ed
 1e-07 1 1 0
1  706 0 0 1.28117183875466
0

0101000
+4753 0 -4751 0 *
Ve
1e-07
64.460312 -13.86524 0
0 0

0101101
*
Ed
 1e-07 1 1 0
1  707 0 0 1.28117228613876
0

0101000
+4751 0 -4749 0 *
Ve
1e-07
64.460312 -12.82124 0
0 0

0101101
*
Ed
 1e-07 1 1 0
1  708 0 0 1.044
0

0101000
+4749 0 -4747 0 *
Ve
1e-07
63.211605 -12.780299 0
0 0

0101101
*
Ed
 1e-07 1 1 0
1  709 0 0 1.24937798016853
0

0101000
+4747 0 -4745 0 *
Ve
1e-07
61.962898 -12.739358 0
0 0

0101101
*
Ed
 1e-07 1 1 0
1  710 0 0 1.24937798016853
0

0101000
+4745 0 -4743 0 *
Ve
1e-07
60.714191 -12.698417 0
0 0

0101101
*
Ed
 1e-07 1 1 0
1  711 0 0 1.24937798016853
0

0101000
+4743 0 -4741 0 *
Ed
 1e-07 1 1 0
1  712 0 0 0.307058000000001
0

0101000
+4741 0 -4754 0 *
Wi

0101100
+4752 0 +4750 0 +4748 0 +4746 0 +4744 0 +4742 0 +4740 0 +4739 0 *
Fa
0  1e-07 93 0

0111000
+4738 0 *
Ve
1e-07
64.690605 4.458489 0
0 0

0101101
*
Ve
1e-07
65.135841 5.295224 0
0 0

0101101
*
Ed
 1e-07 1 1 0
1  713 0 0 0.947818841298797
0

0101000
+4736 0 -4735 0 *
Ve
1e-07
64.89019 5.295224 0
0 0

0101101
*
Ed
 1e-07 1 1 0
1  714 0 0 0.245650999999995
0

0101000
+4735 0 -4733 0 *
Ve
1e-07
64.644547 5.295224 0
0 0

0101101
*
Ed
 1e-07 1 1 0
1  715 0 0 0.245643000000001
0

0101000
+4733 0 -4731 0 *
Ve
1e-07
64.260719 4.481519 0
0 0

0101101
*
Ed
 1e-07 1 1 0
1  716 0 0 0.899688702056999
0

0101000
+4731 0 -4729 0 *
Ve
1e-07
63.8769 3.667813 0
0 0

0101101
*
Ed
 1e-07 1 1 0
1  717 0 0 0.899685766919204
0

0101000
+4729 0 -4727 0 *
Ve
1e-07
63.493076 2.854108 0
0 0

0101101
*
Ed
 1e-07 1 1 0
1  718 0 0 0.899686995571792
0

0101000
+4727 0 -4725 0 *
Ve
1e-07
63.109253 2.040402 0
0 0

0101101
*
Ed
 1e-07 1 1 0
1  719 0 0 0.899687473384508
0

0101000
+4725 0 -4723 0 *
Ve
1e-07
62.72543 1.226696 0
0 0

0101101
*
Ed
 1e-07 1 1 0
1  720 0 0 0.899687473384508
0

0101000
+4723 0 -4721 0 *
Ve
1e-07
62.341606 0.412991 0
0 0

0101101
*
Ed
 1e-07 1 1 0
1  721 0 0 0.899686995571795
0

0101000
+4721 0 -4719 0 *
Ve
1e-07
61.957783 -0.400715 0
0 0

0101101
*
Ed
 1e-07 1 1 0
1  722 0 0 0.899687473384508
0

0101000
+4719 0 -4717 0 *
Ve
1e-07
61.573959 -1.21442 0
0 0

0101101
*
Ed
 1e-07 1 1 0
1  723 0 0 0.899686995571792
0

0101000
+4717 0 -4715 0 *
Ve
1e-07
61.573959 -1.306538 0
0 0

0101101
*
Ed
 1e-07 1 1 0
1  724 0 0 0.0921179999999999
0

0101000
+4715 0 -4713 0 *
Ve
1e-07
61.573959 -1.398656 0
0 0

0101101
*
Ed
 1e-07 1 1 0
1  725 0 0 0.0921179999999999
0

0101000
+4713 0 -4711 0 *
Ve
1e-07
62.019192 -0.561921 0
0 0

0101101
*
Ed
 1e-07 1 1 0
1  726 0 0 0.947817432058514
0

0101000
+4711 0 -4709 0 *
Ve
1e-07
62.464428 0.274814 0
0 0

0101101
*
Ed
 1e-07 1 1 0
1  727 0 0 0.947818841298801
0

0101000
+4709 0 -4707 0 *
Ve
1e-07
62.909664 1.111549 0
0 0

0101101
*
Ed
 1e-07 1 1 0
1  728 0 0 0.947818841298801
0

0101000
+4707 0 -4705 0 *
Ve
1e-07
63.354897 1.948284 0
0 0

0101101
*
Ed
 1e-07 1 1 0
1  729 0 0 0.947817432058517
0

0101000
+4705 0 -4703 0 *
Ve
1e-07
63.800133 2.785019 0
0 0

0101101
*
Ed
 1e-07 1 1 0
1  730 0 0 0.947818841298801
0

0101000
+4703 0 -4701 0 *
Ve
1e-07
64.245369 3.621754 0
0 0

0101101
*
Ed
 1e-07 1 1 0
1  731 0 0 0.947818841298797
0

0101000
+4701 0 -4699 0 *
Ed
 1e-07 1 1 0
1  732 0 0 0.947818841298804
0

0101000
+4699 0 -4736 0 *
Wi

0101100
+4734 0 +4732 0 +4730 0 +4728 0 +4726 0 +4724 0 +4722 0 +4720 0 +4718 0 +4716 0 
+4714 0 +4712 0 +4710 0 +4708 0 +4706 0 +4704 0 +4702 0 +4700 0 +4698 0 +4697 0 
*
Fa
0  1e-07 94 0

0111000
+4696 0 *
Ve
1e-07
57.930195 6.339224 0
0 0

0101101
*
Ve
1e-07
54.573017 6.339224 0
0 0

0101101
*
Ed
 1e-07 1 1 0
1  733 0 0 3.357178
0

0101000
+4694 0 -4693 0 *
Ve
1e-07
57.930195 5.991224 0
0 0

0101101
*
Ed
 1e-07 1 1 0
1  734 0 0 3.37516638459261
0

0101000
+4693 0 -4691 0 *
Ve
1e-07
61.287369 5.643224 0
0 0

0101101
*
Ed
 1e-07 1 1 0
1  735 0 0 3.37516240591116
0

0101000
+4691 0 -4689 0 *
Ve
1e-07
64.644547 5.295224 0
0 0

0101101
*
Ed
 1e-07 1 1 0
1  736 0 0 3.37516638459262
0

0101000
+4689 0 -4687 0 *
Ve
1e-07
64.644547 6.339224 0
0 0

0101101
*
Ed
 1e-07 1 1 0
1  737 0 0 1.044
0

0101000
+4687 0 -4685 0 *
Ve
1e-07
61.287369 6.339224 0
0 0

0101101
*
Ed
 1e-07 1 1 0
1  738 0 0 3.357178
0

0101000
+4685 0 -4683 0 *
Ed
 1e-07 1 1 0
1  739 0 0 3.357174
0

0101000
+4683 0 -4694 0 *
Wi

0101100
+4692 0 +4690 0 +4688 0 +4686 0 +4684 0 +4682 0 +4681 0 *
Fa
0  1e-07 95 0

0111000
+4680 0 *
Ve
1e-07
62.925014 -16.782297 0
0 0

0101101
*
Ve
1e-07
60.714191 -13.005475 0
0 0

0101101
*
Ed
 1e-07 1 1 0
1  740 0 0 4.37631383209808
0

0101000
+4678 0 -4677 0 *
Ve
1e-07
54.388783 -13.005475 0
0 0

0101101
*
Ed
 1e-07 1 1 0
1  741 0 0 6.325408
0

0101000
+4677 0 -4675 0 *
Ve
1e-07
54.388783 -16.782297 0
0 0

0101101
*
Ed
 1e-07 1 1 0
1  742 0 0 3.776822
0

0101000
+4675 0 -4673 0 *
Ve
1e-07
54.388783 -20.55912 0
0 0

0101101
*
Ed
 1e-07 1 1 0
1  743 0 0 3.776823
0

0101000
+4673 0 -4671 0 *
Ve
1e-07
65.135841 -20.55912 0
0 0

0101101
*
Ed
 1e-07 1 1 0
1  744 0 0 10.747058
0

0101000
+4671 0 -4669 0 *
Ed
 1e-07 1 1 0
1  745 0 0 4.37631671583056
0

0101000
+4669 0 -4678 0 *
Wi

0101100
+4676 0 +4674 0 +4672 0 +4670 0 +4668 0 +4667 0 *
Fa
0  1e-07 96 0

0111000
+4666 0 *
Ve
1e-07
57.674313 -1.398656 0
0 0

0101101
*
Ve
1e-07
53.774666 -1.398656 0
0 0

0101101
*
Ed
 1e-07 1 1 0
1  746 0 0 3.89964699999999
0

0101000
+4664 0 -4663 0 *
Ve
1e-07
57.244431 -7.048536 0
0 0

0101101
*
Ed
 1e-07 1 1 0
1  747 0 0 6.63026493962534
0

0101000
+4663 0 -4661 0 *
Ve
1e-07
60.714191 -12.698417 0
0 0

0101101
*
Ed
 1e-07 1 1 0
1  748 0 0 6.63026317515082
0

0101000
+4661 0 -4659 0 *
Ve
1e-07
61.962898 -12.739358 0
0 0

0101101
*
Ed
 1e-07 1 1 0
1  749 0 0 1.24937798016853
0

0101000
+4659 0 -4657 0 *
Ve
1e-07
63.211605 -12.780299 0
0 0

0101101
*
Ed
 1e-07 1 1 0
1  750 0 0 1.24937798016853
0

0101000
+4657 0 -4655 0 *
Ve
1e-07
64.460312 -12.82124 0
0 0

0101101
*
Ed
 1e-07 1 1 0
1  751 0 0 1.24937798016853
0

0101000
+4655 0 -4653 0 *
Ve
1e-07
63.017132 -7.109948 0
0 0

0101101
*
Ed
 1e-07 1 1 0
1  752 0 0 5.89080850322466
0

0101000
+4653 0 -4651 0 *
Ve
1e-07
61.573959 -1.398656 0
0 0

0101101
*
Ed
 1e-07 1 1 0
1  753 0 0 5.89080678830947
0

0101000
+4651 0 -4649 0 *
Ed
 1e-07 1 1 0
1  754 0 0 3.899646
0

0101000
+4649 0 -4664 0 *
Wi

0101100
+4662 0 +4660 0 +4658 0 +4656 0 +4654 0 +4652 0 +4650 0 +4648 0 +4647 0 *
Fa
0  1e-07 97 0

0111000
+4646 0 *
Ve
1e-07
64.685486 -16.096533 0
0 0

0101101
*
Ve
1e-07
64.460312 -13.86524 0
0 0

0101101
*
Ed
 1e-07 1 1 0
1  755 0 0 2.2426260905744
0

0101000
+4644 0 -4643 0 *
Ve
1e-07
63.211605 -13.578651 0
0 0

0101101
*
Ed
 1e-07 1 1 0
1  756 0 0 1.28117228613876
0

0101000
+4643 0 -4641 0 *
Ve
1e-07
61.962898 -13.292064 0
0 0

0101101
*
Ed
 1e-07 1 1 0
1  757 0 0 1.28117183875466
0

0101000
+4641 0 -4639 0 *
Ve
1e-07
60.714191 -13.005475 0
0 0

0101101
*
Ed
 1e-07 1 1 0
1  758 0 0 1.28117228613876
0

0101000
+4639 0 -4637 0 *
Ve
1e-07
62.925014 -16.782297 0
0 0

0101101
*
Ed
 1e-07 1 1 0
1  759 0 0 4.37631383209808
0

0101000
+4637 0 -4635 0 *
Ve
1e-07
65.135841 -20.55912 0
0 0

0101101
*
Ed
 1e-07 1 1 0
1  760 0 0 4.37631671583056
0

0101000
+4635 0 -4633 0 *
Ve
1e-07
64.91066 -18.327827 0
0 0

0101101
*
Ed
 1e-07 1 1 0
1  761 0 0 2.24262679342997
0

0101000
+4633 0 -4631 0 *
Ed
 1e-07 1 1 0
1  762 0 0 2.24262708552091
0

0101000
+4631 0 -4644 0 *
Wi

0101100
+4642 0 +4640 0 +4638 0 +4636 0 +4634 0 +4632 0 +4630 0 +4629 0 *
Fa
0  1e-07 98 0

0111000
+4628 0 *
Ve
1e-07
60.55043 -24.612295 0
0 0

0101101
*
Ve
1e-07
61.676311 -24.612295 0
0 0

0101101
*
Ed
 1e-07 1 1 0
1  763 0 0 1.125881
0

0101000
+4626 0 -4625 0 *
Ve
1e-07
64.89019 -24.612295 0
0 0

0101101
*
Ed
 1e-07 1 1 0
1  764 0 0 3.21387900000001
0

0101000
+4625 0 -4623 0 *
Ve
1e-07
64.89019 -20.927591 0
0 0

0101101
*
Ed
 1e-07 1 1 0
1  765 0 0 3.684704
0

0101000
+4623 0 -4621 0 *
Ve
1e-07
62.157368 -22.769943 0
0 0

0101101
*
Ed
 1e-07 1 1 0
1  766 0 0 3.29584237723651
0

0101000
+4621 0 -4619 0 *
Ve
1e-07
59.424545 -24.612295 0
0 0

0101101
*
Ed
 1e-07 1 1 0
1  767 0 0 3.29584320640909
0

0101000
+4619 0 -4617 0 *
Ed
 1e-07 1 1 0
1  768 0 0 1.125885
0

0101000
+4617 0 -4626 0 *
Wi

0101100
+4624 0 +4622 0 +4620 0 +4618 0 +4616 0 +4615 0 *
Fa
0  1e-07 99 0

0111000
+4614 0 *
Ve
1e-07
64.91066 -18.327827 0
0 0

0101101
*
Ve
1e-07
65.135841 -20.55912 0
0 0

0101101
*
Ed
 1e-07 1 1 0
1  769 0 0 2.24262679342997
0

0101000
+4612 0 -4611 0 *
Ve
1e-07
65.135841 -17.212179 0
0 0

0101101
*
Ed
 1e-07 1 1 0
1  770 0 0 3.346941
0

0101000
+4611 0 -4609 0 *
Ve
1e-07
65.135841 -13.86524 0
0 0

0101101
*
Ed
 1e-07 1 1 0
1  771 0 0 3.346939
0

0101000
+4609 0 -4607 0 *
Ve
1e-07
64.460312 -13.86524 0
0 0

0101101
*
Ed
 1e-07 1 1 0
1  772 0 0 0.675528999999997
0

0101000
+4607 0 -4605 0 *
Ve
1e-07
64.685486 -16.096533 0
0 0

0101101
*
Ed
 1e-07 1 1 0
1  773 0 0 2.2426260905744
0

0101000
+4605 0 -4603 0 *
Ed
 1e-07 1 1 0
1  774 0 0 2.24262708552091
0

0101000
+4603 0 -4612 0 *
Wi

0101100
+4610 0 +4608 0 +4606 0 +4604 0 +4602 0 +4601 0 *
Fa
0  1e-07 100 0

0111000
+4600 0 *
Ve
1e-07
62.157368 -22.769943 0
0 0

0101101
*
Ve
1e-07
64.89019 -20.927591 0
0 0

0101101
*
Ed
 1e-07 1 1 0
1  775 0 0 3.29584237723651
0

0101000
+4598 0 -4597 0 *
Ve
1e-07
59.793018 -22.769943 0
0 0

0101101
*
Ed
 1e-07 1 1 0
1  776 0 0 5.4199098968053
0

0101000
+4597 0 -4595 0 *
Ve
1e-07
54.695843 -24.612295 0
0 0

0101101
*
Ed
 1e-07 1 1 0
1  777 0 0 5.4199127181652
0

0101000
+4595 0 -4593 0 *
Ve
1e-07
55.862667 -24.612295 0
0 0

0101101
*
Ed
 1e-07 1 1 0
1  778 0 0 1.166824
0

0101000
+4593 0 -4591 0 *
Ve
1e-07
57.029488 -24.612295 0
0 0

0101101
*
Ed
 1e-07 1 1 0
1  779 0 0 1.166821
0

0101000
+4591 0 -4589 0 *
Ve
1e-07
59.424545 -24.612295 0
0 0

0101101
*
Ed
 1e-07 1 1 0
1  780 0 0 2.395057
0

0101000
+4589 0 -4587 0 *
Ed
 1e-07 1 1 0
1  781 0 0 3.29584320640909
0

0101000
+4587 0 -4598 0 *
Wi

0101100
+4596 0 +4594 0 +4592 0 +4590 0 +4588 0 +4586 0 +4585 0 *
Fa
0  1e-07 101 0

0111000
+4584 0 *
Ve
1e-07
57.029488 -25.185471 0
0 0

0101101
*
Ve
1e-07
58.196312 -25.287825 0
0 0

0101101
*
Ed
 1e-07 1 1 0
1  782 0 0 1.17130465221137
0

0101000
+4582 0 -4581 0 *
Ve
1e-07
58.196312 -24.612295 0
0 0

0101101
*
Ed
 1e-07 1 1 0
1  783 0 0 0.675530000000002
0

0101000
+4581 0 -4579 0 *
Ve
1e-07
57.029488 -24.612295 0
0 0

0101101
*
Ed
 1e-07 1 1 0
1  784 0 0 1.166824
0

0101000
+4579 0 -4577 0 *
Ve
1e-07
55.862667 -24.612295 0
0 0

0101101
*
Ed
 1e-07 1 1 0
1  785 0 0 1.166821
0

0101000
+4577 0 -4575 0 *
Ve
1e-07
54.695843 -24.612295 0
0 0

0101101
*
Ed
 1e-07 1 1 0
1  786 0 0 1.166824
0

0101000
+4575 0 -4573 0 *
Ve
1e-07
54.695843 -24.980766 0
0 0

0101101
*
Ed
 1e-07 1 1 0
1  787 0 0 0.368471
0

0101000
+4573 0 -4571 0 *
Ve
1e-07
55.862667 -25.083118 0
0 0

0101101
*
Ed
 1e-07 1 1 0
1  788 0 0 1.17130447744384
0

0101000
+4571 0 -4569 0 *
Ed
 1e-07 1 1 0
1  789 0 0 1.17130157630304
0

0101000
+4569 0 -4582 0 *
Wi

0101100
+4580 0 +4578 0 +4576 0 +4574 0 +4572 0 +4570 0 +4568 0 +4567 0 *
Fa
0  1e-07 102 0

0111000
+4566 0 *
Ve
1e-07
61.676311 -25.083118 0
0 0

0101101
*
Ve
1e-07
62.802193 -24.980766 0
0 0

0101101
*
Ed
 1e-07 1 1 0
1  790 0 0 1.13052474976358
0

0101000
+4564 0 -4563 0 *
Ve
1e-07
62.802193 -24.612295 0
0 0

0101101
*
Ed
 1e-07 1 1 0
1  791 0 0 0.368471
0

0101000
+4563 0 -4561 0 *
Ve
1e-07
61.676311 -24.612295 0
0 0

0101101
*
Ed
 1e-07 1 1 0
1  792 0 0 1.125882
0

0101000
+4561 0 -4559 0 *
Ve
1e-07
60.55043 -24.612295 0
0 0

0101101
*
Ed
 1e-07 1 1 0
1  793 0 0 1.125881
0

0101000
+4559 0 -4557 0 *
Ve
1e-07
59.424545 -24.612295 0
0 0

0101101
*
Ed
 1e-07 1 1 0
1  794 0 0 1.125885
0

0101000
+4557 0 -4555 0 *
Ve
1e-07
59.424545 -25.287825 0
0 0

0101101
*
Ed
 1e-07 1 1 0
1  795 0 0 0.675530000000002
0

0101000
+4555 0 -4553 0 *
Ve
1e-07
60.55043 -25.185471 0
0 0

0101101
*
Ed
 1e-07 1 1 0
1  796 0 0 1.13052791851462
0

0101000
+4553 0 -4551 0 *
Ed
 1e-07 1 1 0
1  797 0 0 1.13052384440577
0

0101000
+4551 0 -4564 0 *
Wi

0101100
+4562 0 +4560 0 +4558 0 +4556 0 +4554 0 +4552 0 +4550 0 +4549 0 *
Fa
0  1e-07 103 0

0111000
+4548 0 *
Ve
1e-07
53.590431 -12.698417 0
0 0

0101101
*
Ve
1e-07
60.714191 -12.698417 0
0 0

0101101
*
Ed
 1e-07 1 1 0
1  798 0 0 7.12376
0

0101000
+4546 0 -4545 0 *
Ve
1e-07
57.244431 -7.048536 0
0 0

0101101
*
Ed
 1e-07 1 1 0
1  799 0 0 6.63026317515082
0

0101000
+4545 0 -4543 0 *
Ve
1e-07
53.774666 -1.398656 0
0 0

0101101
*
Ed
 1e-07 1 1 0
1  800 0 0 6.63026493962534
0

0101000
+4543 0 -4541 0 *
Ve
1e-07
53.682549 -7.048536 0
0 0

0101101
*
Ed
 1e-07 1 1 0
1  801 0 0 5.65063089894297
0

0101000
+4541 0 -4539 0 *
Ed
 1e-07 1 1 0
1  802 0 0 5.65063191511224
0

0101000
+4539 0 -4546 0 *
Wi

0101100
+4544 0 +4542 0 +4540 0 +4538 0 +4537 0 *
Fa
0  1e-07 104 0

0111000
+4536 0 *
Ve
1e-07
54.081726 -14.893887 0
0 0

0101101
*
Ve
1e-07
54.081726 -13.005475 0
0 0

0101101
*
Ed
 1e-07 1 1 0
1  803 0 0 1.888412
0

0101000
+4534 0 -4533 0 *
Ve
1e-07
53.590431 -13.005475 0
0 0

0101101
*
Ed
 1e-07 1 1 0
1  804 0 0 0.491295000000001
0

0101000
+4533 0 -4531 0 *
Ve
1e-07
53.713253 -14.893887 0
0 0

0101101
*
Ed
 1e-07 1 1 0
1  805 0 0 1.89240194605374
0

0101000
+4531 0 -4529 0 *
Ve
1e-07
53.836079 -16.782297 0
0 0

0101101
*
Ed
 1e-07 1 1 0
1  806 0 0 1.89240020988585
0

0101000
+4529 0 -4527 0 *
Ve
1e-07
53.9589 -18.67071 0
0 0

0101101
*
Ed
 1e-07 1 1 0
1  807 0 0 1.89240287904294
0

0101000
+4527 0 -4525 0 *
Ve
1e-07
54.081726 -20.55912 0
0 0

0101101
*
Ed
 1e-07 1 1 0
1  808 0 0 1.89240020988585
0

0101000
+4525 0 -4523 0 *
Ve
1e-07
54.081726 -18.67071 0
0 0

0101101
*
Ed
 1e-07 1 1 0
1  809 0 0 1.88841
0

0101000
+4523 0 -4521 0 *
Ve
1e-07
54.081726 -16.782297 0
0 0

0101101
*
Ed
 1e-07 1 1 0
1  810 0 0 1.888413
0

0101000
+4521 0 -4519 0 *
Ed
 1e-07 1 1 0
1  811 0 0 1.88841
0

0101000
+4519 0 -4534 0 *
Wi

0101100
+4532 0 +4530 0 +4528 0 +4526 0 +4524 0 +4522 0 +4520 0 +4518 0 +4517 0 *
Fa
0  1e-07 105 0

0111000
+4516 0 *
Ve
1e-07
53.682549 -7.048536 0
0 0

0101101
*
Ve
1e-07
53.774666 -1.398656 0
0 0

0101101
*
Ed
 1e-07 1 1 0
1  812 0 0 5.65063089894297
0

0101000
+4514 0 -4513 0 *
Ve
1e-07
53.774666 -1.306538 0
0 0

0101101
*
Ed
 1e-07 1 1 0
1  813 0 0 0.0921179999999999
0

0101000
+4513 0 -4511 0 *
Ve
1e-07
53.774666 -1.21442 0
0 0

0101101
*
Ed
 1e-07 1 1 0
1  814 0 0 0.0921179999999999
0

0101000
+4511 0 -4509 0 *
Ve
1e-07
50.335609 -1.398656 0
0 0

0101101
*
Ed
 1e-07 1 1 0
1  815 0 0 3.44398837874709
0

0101000
+4509 0 -4507 0 *
Ve
1e-07
51.96302 -7.048536 0
0 0

0101101
*
Ed
 1e-07 1 1 0
1  816 0 0 5.87959272206171
0

0101000
+4507 0 -4505 0 *
Ve
1e-07
53.590431 -12.698417 0
0 0

0101101
*
Ed
 1e-07 1 1 0
1  817 0 0 5.87959368299222
0

0101000
+4505 0 -4503 0 *
Ed
 1e-07 1 1 0
1  818 0 0 5.65063191511224
0

0101000
+4503 0 -4514 0 *
Wi

0101100
+4512 0 +4510 0 +4508 0 +4506 0 +4504 0 +4502 0 +4501 0 *
Fa
0  1e-07 106 0

0111000
+4500 0 *
Ve
1e-07
50.304901 -7.048536 0
0 0

0101101
*
Ve
1e-07
50.274197 -12.698417 0
0 0

0101101
*
Ed
 1e-07 1 1 0
1  819 0 0 5.64996442907183
0

0101000
+4498 0 -4497 0 *
Ve
1e-07
50.274197 -12.790534 0
0 0

0101101
*
Ed
 1e-07 1 1 0
1  820 0 0 0.092117
0

0101000
+4497 0 -4495 0 *
Ve
1e-07
50.274197 -12.882652 0
0 0

0101101
*
Ed
 1e-07 1 1 0
1  821 0 0 0.092118000000001
0

0101000
+4495 0 -4493 0 *
Ve
1e-07
51.932312 -12.790534 0
0 0

0101101
*
Ed
 1e-07 1 1 0
1  822 0 0 1.66067187582286
0

0101000
+4493 0 -4491 0 *
Ve
1e-07
53.590431 -12.698417 0
0 0

0101101
*
Ed
 1e-07 1 1 0
1  823 0 0 1.66067581419433
0

0101000
+4491 0 -4489 0 *
Ve
1e-07
51.96302 -7.048536 0
0 0

0101101
*
Ed
 1e-07 1 1 0
1  824 0 0 5.87959368299222
0

0101000
+4489 0 -4487 0 *
Ve
1e-07
50.335609 -1.398656 0
0 0

0101101
*
Ed
 1e-07 1 1 0
1  825 0 0 5.87959272206171
0

0101000
+4487 0 -4485 0 *
Ed
 1e-07 1 1 0
1  826 0 0 5.6499634508255
0

0101000
+4485 0 -4498 0 *
Wi

0101100
+4496 0 +4494 0 +4492 0 +4490 0 +4488 0 +4486 0 +4484 0 +4483 0 *
Fa
0  1e-07 107 0

0111000
+4482 0 *
Ve
1e-07
51.932312 -12.944063 0
0 0

0101101
*
Ve
1e-07
50.274197 -12.882652 0
0 0

0101101
*
Ed
 1e-07 1 1 0
1  827 0 0 1.65925183867489
0

0101000
+4480 0 -4479 0 *
Ve
1e-07
46.712315 -16.720886 0
0 0

0101101
*
Ed
 1e-07 1 1 0
1  828 0 0 5.23631966372184
0

0101000
+4479 0 -4477 0 *
Ve
1e-07
43.150433 -20.55912 0
0 0

0101101
*
Ed
 1e-07 1 1 0
1  829 0 0 5.23631966372184
0

0101000
+4477 0 -4475 0 *
Ve
1e-07
48.616081 -20.55912 0
0 0

0101101
*
Ed
 1e-07 1 1 0
1  830 0 0 5.465648
0

0101000
+4475 0 -4473 0 *
Ve
1e-07
54.081726 -20.55912 0
0 0

0101101
*
Ed
 1e-07 1 1 0
1  831 0 0 5.465645
0

0101000
+4473 0 -4471 0 *
Ve
1e-07
53.9589 -18.67071 0
0 0

0101101
*
Ed
 1e-07 1 1 0
1  832 0 0 1.89240020988585
0

0101000
+4471 0 -4469 0 *
Ve
1e-07
53.836079 -16.782297 0
0 0

0101101
*
Ed
 1e-07 1 1 0
1  833 0 0 1.89240287904294
0

0101000
+4469 0 -4467 0 *
Ve
1e-07
53.713253 -14.893887 0
0 0

0101101
*
Ed
 1e-07 1 1 0
1  834 0 0 1.89240020988585
0

0101000
+4467 0 -4465 0 *
Ve
1e-07
53.590431 -13.005475 0
0 0

0101101
*
Ed
 1e-07 1 1 0
1  835 0 0 1.89240194605374
0

0101000
+4465 0 -4463 0 *
Ed
 1e-07 1 1 0
1  836 0 0 1.65925587294576
0

0101000
+4463 0 -4480 0 *
Wi

0101100
+4478 0 +4476 0 +4474 0 +4472 0 +4470 0 +4468 0 +4466 0 +4464 0 +4462 0 +4461 0 
*
Fa
0  1e-07 108 0

0111000
+4460 0 *
Ve
1e-07
53.590431 -13.005475 0
0 0

0101101
*
Ve
1e-07
53.590431 -12.698417 0
0 0

0101101
*
Ed
 1e-07 1 1 0
1  837 0 0 0.307058000000001
0

0101000
+4458 0 -4457 0 *
Ve
1e-07
51.932312 -12.790534 0
0 0

0101101
*
Ed
 1e-07 1 1 0
1  838 0 0 1.66067581419433
0

0101000
+4457 0 -4455 0 *
Ve
1e-07
50.274197 -12.882652 0
0 0

0101101
*
Ed
 1e-07 1 1 0
1  839 0 0 1.66067187582286
0

0101000
+4455 0 -4453 0 *
Ve
1e-07
51.932312 -12.944063 0
0 0

0101101
*
Ed
 1e-07 1 1 0
1  840 0 0 1.65925183867489
0

0101000
+4453 0 -4451 0 *
Ed
 1e-07 1 1 0
1  841 0 0 1.65925587294576
0

0101000
+4451 0 -4458 0 *
Wi

0101100
+4456 0 +4454 0 +4452 0 +4450 0 +4449 0 *
Fa
0  1e-07 109 0

0111000
+4448 0 *
Ve
1e-07
54.032597 3.317766 0
0 0

0101101
*
Ve
1e-07
54.118572 4.828495 0
0 0

0101101
*
Ed
 1e-07 1 1 0
1  842 0 0 1.51317342431923
0

0101000
+4446 0 -4445 0 *
Ve
1e-07
54.204548 6.339224 0
0 0

0101101
*
Ed
 1e-07 1 1 0
1  843 0 0 1.51317348113724
0

0101000
+4445 0 -4443 0 *
Ve
1e-07
52.270077 2.562402 0
0 0

0101101
*
Ed
 1e-07 1 1 0
1  844 0 0 4.24341401109119
0

0101000
+4443 0 -4441 0 *
Ve
1e-07
50.335609 -1.21442 0
0 0

0101101
*
Ed
 1e-07 1 1 0
1  845 0 0 4.24341264346375
0

0101000
+4441 0 -4439 0 *
Ve
1e-07
50.335609 -1.398656 0
0 0

0101101
*
Ed
 1e-07 1 1 0
1  846 0 0 0.184236
0

0101000
+4439 0 -4437 0 *
Ve
1e-07
53.774666 -1.21442 0
0 0

0101101
*
Ed
 1e-07 1 1 0
1  847 0 0 3.44398837874709
0

0101000
+4437 0 -4435 0 *
Ve
1e-07
53.860641 0.296308 0
0 0

0101101
*
Ed
 1e-07 1 1 0
1  848 0 0 1.51317242593467
0

0101000
+4435 0 -4433 0 *
Ve
1e-07
53.946617 1.807037 0
0 0

0101101
*
Ed
 1e-07 1 1 0
1  849 0 0 1.51317348113724
0

0101000
+4433 0 -4431 0 *
Ed
 1e-07 1 1 0
1  850 0 0 1.51317370841586
0

0101000
+4431 0 -4446 0 *
Wi

0101100
+4444 0 +4442 0 +4440 0 +4438 0 +4436 0 +4434 0 +4432 0 +4430 0 +4429 0 *
Fa
0  1e-07 110 0

0111000
+4428 0 *
Ve
1e-07
53.860641 0.296308 0
0 0

0101101
*
Ve
1e-07
53.774666 -1.21442 0
0 0

0101101
*
Ed
 1e-07 1 1 0
1  851 0 0 1.51317242593467
0

0101000
+4426 0 -4425 0 *
Ve
1e-07
54.204548 -1.21442 0
0 0

0101101
*
Ed
 1e-07 1 1 0
1  852 0 0 0.429881999999999
0

0101000
+4425 0 -4423 0 *
Ve
1e-07
54.204548 1.303461 0
0 0

0101101
*
Ed
 1e-07 1 1 0
1  853 0 0 2.517881
0

0101000
+4423 0 -4421 0 *
Ve
1e-07
54.204548 3.821342 0
0 0

0101101
*
Ed
 1e-07 1 1 0
1  854 0 0 2.517881
0

0101000
+4421 0 -4419 0 *
Ve
1e-07
54.204548 6.339224 0
0 0

0101101
*
Ed
 1e-07 1 1 0
1  855 0 0 2.517882
0

0101000
+4419 0 -4417 0 *
Ve
1e-07
54.118572 4.828495 0
0 0

0101101
*
Ed
 1e-07 1 1 0
1  856 0 0 1.51317348113724
0

0101000
+4417 0 -4415 0 *
Ve
1e-07
54.032597 3.317766 0
0 0

0101101
*
Ed
 1e-07 1 1 0
1  857 0 0 1.51317342431923
0

0101000
+4415 0 -4413 0 *
Ve
1e-07
53.946617 1.807037 0
0 0

0101101
*
Ed
 1e-07 1 1 0
1  858 0 0 1.51317370841586
0

0101000
+4413 0 -4411 0 *
Ed
 1e-07 1 1 0
1  859 0 0 1.51317348113724
0

0101000
+4411 0 -4426 0 *
Wi

0101100
+4424 0 +4422 0 +4420 0 +4418 0 +4416 0 +4414 0 +4412 0 +4410 0 +4409 0 *
Fa
0  1e-07 111 0

0111000
+4408 0 *
Ve
1e-07
50.212784 -24.735119 0
0 0

0101101
*
Ve
1e-07
51.932312 -24.612295 0
0 0

0101101
*
Ed
 1e-07 1 1 0
1  860 0 0 1.72390901087036
0

0101000
+4406 0 -4405 0 *
Ve
1e-07
58.411251 -22.769943 0
0 0

0101101
*
Ed
 1e-07 1 1 0
1  861 0 0 6.73579330573801
0

0101000
+4405 0 -4403 0 *
Ve
1e-07
64.89019 -20.927591 0
0 0

0101101
*
Ed
 1e-07 1 1 0
1  862 0 0 6.73579330573801
0

0101000
+4403 0 -4401 0 *
Ve
1e-07
56.691723 -22.769943 0
0 0

0101101
*
Ed
 1e-07 1 1 0
1  863 0 0 8.40292342235683
0

0101000
+4401 0 -4399 0 *
Ve
1e-07
48.493256 -24.612295 0
0 0

0101101
*
Ed
 1e-07 1 1 0
1  864 0 0 8.40292342235683
0

0101000
+4399 0 -4397 0 *
Ve
1e-07
48.493256 -24.735119 0
0 0

0101101
*
Ed
 1e-07 1 1 0
1  865 0 0 0.122824000000001
0

0101000
+4397 0 -4395 0 *
Ve
1e-07
48.493256 -24.857943 0
0 0

0101101
*
Ed
 1e-07 1 1 0
1  866 0 0 0.122823999999998
0

0101000
+4395 0 -4393 0 *
Ed
 1e-07 1 1 0
1  867 0 0 1.72390901087035
0

0101000
+4393 0 -4406 0 *
Wi

0101100
+4404 0 +4402 0 +4400 0 +4398 0 +4396 0 +4394 0 +4392 0 +4391 0 *
Fa
0  1e-07 112 0

0111000
+4390 0 *
Ve
1e-07
50.212784 -24.735119 0
0 0

0101101
*
Ve
1e-07
48.493256 -24.857943 0
0 0

0101101
*
Ed
 1e-07 1 1 0
1  868 0 0 1.72390901087035
0

0101000
+4388 0 -4387 0 *
Ve
1e-07
50.212784 -25.072884 0
0 0

0101101
*
Ed
 1e-07 1 1 0
1  869 0 0 1.73290974267704
0

0101000
+4387 0 -4385 0 *
Ve
1e-07
51.932312 -25.287825 0
0 0

0101101
*
Ed
 1e-07 1 1 0
1  870 0 0 1.73290974267704
0

0101000
+4385 0 -4383 0 *
Ve
1e-07
51.932312 -24.612295 0
0 0

0101101
*
Ed
 1e-07 1 1 0
1  871 0 0 0.675530000000002
0

0101000
+4383 0 -4381 0 *
Ed
 1e-07 1 1 0
1  872 0 0 1.72390901087036
0

0101000
+4381 0 -4388 0 *
Wi

0101100
+4386 0 +4384 0 +4382 0 +4380 0 +4379 0 *
Fa
0  1e-07 113 0

0111000
+4378 0 *
Ve
1e-07
54.695843 -24.612295 0
0 0

0101101
*
Ve
1e-07
59.793018 -22.769943 0
0 0

0101101
*
Ed
 1e-07 1 1 0
1  873 0 0 5.4199127181652
0

0101000
+4376 0 -4375 0 *
Ve
1e-07
64.89019 -20.927591 0
0 0

0101101
*
Ed
 1e-07 1 1 0
1  874 0 0 5.4199098968053
0

0101000
+4375 0 -4373 0 *
Ve
1e-07
58.411251 -22.769943 0
0 0

0101101
*
Ed
 1e-07 1 1 0
1  875 0 0 6.73579330573801
0

0101000
+4373 0 -4371 0 *
Ve
1e-07
51.932312 -24.612295 0
0 0

0101101
*
Ed
 1e-07 1 1 0
1  876 0 0 6.73579330573801
0

0101000
+4371 0 -4369 0 *
Ed
 1e-07 1 1 0
1  877 0 0 2.763531
0

0101000
+4369 0 -4376 0 *
Wi

0101100
+4374 0 +4372 0 +4370 0 +4368 0 +4367 0 *
Fa
0  1e-07 114 0

0111000
+4366 0 *
Ve
1e-07
46.343845 -27.222294 0
0 0

0101101
*
Ve
1e-07
46.343845 -29.586647 0
0 0

0101101
*
Ed
 1e-07 1 1 0
1  878 0 0 2.364353
0

0101000
+4364 0 -4363 0 *
Ve
1e-07
47.418552 -27.222294 0
0 0

0101101
*
Ed
 1e-07 1 1 0
1  879 0 0 2.59714463294942
0

0101000
+4363 0 -4361 0 *
Ve
1e-07
48.493256 -24.857943 0
0 0

0101101
*
Ed
 1e-07 1 1 0
1  880 0 0 2.59714157080761
0

0101000
+4361 0 -4359 0 *
Ve
1e-07
46.343845 -24.857943 0
0 0

0101101
*
Ed
 1e-07 1 1 0
1  881 0 0 2.149411
0

0101000
+4359 0 -4357 0 *
Ed
 1e-07 1 1 0
1  882 0 0 2.364351
0

0101000
+4357 0 -4364 0 *
Wi

0101100
+4362 0 +4360 0 +4358 0 +4356 0 +4355 0 *
Fa
0  1e-07 115 0

0111000
+4354 0 *
Ve
1e-07
46.036785 -24.857943 0
0 0

0101101
*
Ve
1e-07
45.729729 -24.857943 0
0 0

0101101
*
Ed
 1e-07 1 1 0
1  883 0 0 0.307056000000003
0

0101000
+4352 0 -4351 0 *
Ve
1e-07
43.37561 -24.857943 0
0 0

0101101
*
Ed
 1e-07 1 1 0
1  884 0 0 2.354119
0

0101000
+4351 0 -4349 0 *
Ve
1e-07
42.352081 -24.857943 0
0 0

0101101
*
Ed
 1e-07 1 1 0
1  885 0 0 1.023529
0

0101000
+4349 0 -4347 0 *
Ve
1e-07
44.194435 -27.222294 0
0 0

0101101
*
Ed
 1e-07 1 1 0
1  886 0 0 2.99740286123121
0

0101000
+4347 0 -4345 0 *
Ve
1e-07
46.036785 -29.586647 0
0 0

0101101
*
Ed
 1e-07 1 1 0
1  887 0 0 2.99740198023372
0

0101000
+4345 0 -4343 0 *
Ed
 1e-07 1 1 0
1  888 0 0 4.728704
0

0101000
+4343 0 -4352 0 *
Wi

0101100
+4350 0 +4348 0 +4346 0 +4344 0 +4342 0 +4341 0 *
Fa
0  1e-07 116 0

0111000
+4340 0 *
Ve
1e-07
48.493256 -24.612295 0
0 0

0101101
*
Ve
1e-07
56.691723 -22.769943 0
0 0

0101101
*
Ed
 1e-07 1 1 0
1  889 0 0 8.40292342235683
0

0101000
+4338 0 -4337 0 *
Ve
1e-07
64.89019 -20.927591 0
0 0

0101101
*
Ed
 1e-07 1 1 0
1  890 0 0 8.40292342235683
0

0101000
+4337 0 -4335 0 *
Ve
1e-07
48.309021 -20.927591 0
0 0

0101101
*
Ed
 1e-07 1 1 0
1  891 0 0 16.581169
0

0101000
+4335 0 -4333 0 *
Ve
1e-07
31.72785 -20.927591 0
0 0

0101101
*
Ed
 1e-07 1 1 0
1  892 0 0 16.581171
0

0101000
+4333 0 -4331 0 *
Ve
1e-07
36.292789 -22.155825 0
0 0

0101101
*
Ed
 1e-07 1 1 0
1  893 0 0 4.7272853555161
0

0101000
+4331 0 -4329 0 *
Ve
1e-07
40.857731 -23.38406 0
0 0

0101101
*
Ed
 1e-07 1 1 0
1  894 0 0 4.72728851230693
0

0101000
+4329 0 -4327 0 *
Ve
1e-07
45.422668 -24.612295 0
0 0

0101101
*
Ed
 1e-07 1 1 0
1  895 0 0 4.72728368401919
0

0101000
+4327 0 -4325 0 *
Ed
 1e-07 1 1 0
1  896 0 0 3.070588
0

0101000
+4325 0 -4338 0 *
Wi

0101100
+4336 0 +4334 0 +4332 0 +4330 0 +4328 0 +4326 0 +4324 0 +4323 0 *
Fa
0  1e-07 117 0

0111000
+4322 0 *
Ve
1e-07
60.929134 -27.283707 0
0 0

0101101
*
Ve
1e-07
59.056076 -29.586647 0
0 0

0101101
*
Ed
 1e-07 1 1 0
1  897 0 0 2.96848091032501
0

0101000
+4320 0 -4319 0 *
Ve
1e-07
64.89019 -29.586647 0
0 0

0101101
*
Ed
 1e-07 1 1 0
1  898 0 0 5.83411400000001
0

0101000
+4319 0 -4317 0 *
Ve
1e-07
64.89019 -24.980766 0
0 0

0101101
*
Ed
 1e-07 1 1 0
1  899 0 0 4.605881
0

0101000
+4317 0 -4315 0 *
Ve
1e-07
62.802193 -24.980766 0
0 0

0101101
*
Ed
 1e-07 1 1 0
1  900 0 0 2.087997
0

0101000
+4315 0 -4313 0 *
Ed
 1e-07 1 1 0
1  901 0 0 2.96848231710449
0

0101000
+4313 0 -4320 0 *
Wi

0101100
+4318 0 +4316 0 +4314 0 +4312 0 +4311 0 *
Fa
0  1e-07 118 0

0111000
+4310 0 *
Ve
1e-07
60.55043 -25.185471 0
0 0

0101101
*
Ve
1e-07
59.424545 -25.287825 0
0 0

0101101
*
Ed
 1e-07 1 1 0
1  902 0 0 1.13052791851462
0

0101000
+4308 0 -4307 0 *
Ve
1e-07
59.240311 -27.437235 0
0 0

0101101
*
Ed
 1e-07 1 1 0
1  903 0 0 2.15729124479195
0

0101000
+4307 0 -4305 0 *
Ve
1e-07
59.056076 -29.586647 0
0 0

0101101
*
Ed
 1e-07 1 1 0
1  904 0 0 2.15729332288611
0

0101000
+4305 0 -4303 0 *
Ve
1e-07
60.929134 -27.283707 0
0 0

0101101
*
Ed
 1e-07 1 1 0
1  905 0 0 2.96848091032501
0

0101000
+4303 0 -4301 0 *
Ve
1e-07
62.802193 -24.980766 0
0 0

0101101
*
Ed
 1e-07 1 1 0
1  906 0 0 2.96848231710449
0

0101000
+4301 0 -4299 0 *
Ve
1e-07
61.676311 -25.083118 0
0 0

0101101
*
Ed
 1e-07 1 1 0
1  907 0 0 1.13052474976358
0

0101000
+4299 0 -4297 0 *
Ed
 1e-07 1 1 0
1  908 0 0 1.13052384440577
0

0101000
+4297 0 -4308 0 *
Wi

0101100
+4306 0 +4304 0 +4302 0 +4300 0 +4298 0 +4296 0 +4295 0 *
Fa
0  1e-07 119 0

0111000
+4294 0 *
Ve
1e-07
58.687607 -26.720764 0
0 0

0101101
*
Ve
1e-07
58.687607 -25.287825 0
0 0

0101101
*
Ed
 1e-07 1 1 0
1  909 0 0 1.432939
0

0101000
+4292 0 -4291 0 *
Ve
1e-07
58.196312 -25.287825 0
0 0

0101101
*
Ed
 1e-07 1 1 0
1  910 0 0 0.491295000000001
0

0101000
+4291 0 -4289 0 *
Ve
1e-07
58.360077 -26.720764 0
0 0

0101101
*
Ed
 1e-07 1 1 0
1  911 0 0 1.44226667192513
0

0101000
+4289 0 -4287 0 *
Ve
1e-07
58.523842 -28.153706 0
0 0

0101101
*
Ed
 1e-07 1 1 0
1  912 0 0 1.44226965252307
0

0101000
+4287 0 -4285 0 *
Ve
1e-07
58.687607 -29.586647 0
0 0

0101101
*
Ed
 1e-07 1 1 0
1  913 0 0 1.44226865899041
0

0101000
+4285 0 -4283 0 *
Ve
1e-07
58.687607 -28.153706 0
0 0

0101101
*
Ed
 1e-07 1 1 0
1  914 0 0 1.432941
0

0101000
+4283 0 -4281 0 *
Ed
 1e-07 1 1 0
1  915 0 0 1.432942
0

0101000
+4281 0 -4292 0 *
Wi

0101100
+4290 0 +4288 0 +4286 0 +4284 0 +4282 0 +4280 0 +4279 0 *
Fa
0  1e-07 120 0

0111000
+4278 0 *
Ve
1e-07
59.056076 -25.287825 0
0 0

0101101
*
Ve
1e-07
59.056076 -29.586647 0
0 0

0101101
*
Ed
 1e-07 1 1 0
1  916 0 0 4.298822
0

0101000
+4276 0 -4275 0 *
Ve
1e-07
59.240311 -27.437235 0
0 0

0101101
*
Ed
 1e-07 1 1 0
1  917 0 0 2.15729332288611
0

0101000
+4275 0 -4273 0 *
Ve
1e-07
59.424545 -25.287825 0
0 0

0101101
*
Ed
 1e-07 1 1 0
1  918 0 0 2.15729124479195
0

0101000
+4273 0 -4271 0 *
Ed
 1e-07 1 1 0
1  919 0 0 0.368469000000005
0

0101000
+4271 0 -4276 0 *
Wi

0101100
+4274 0 +4272 0 +4270 0 +4269 0 *
Fa
0  1e-07 121 0

0111000
+4268 0 *
Ve
1e-07
57.056072 -39.972908 0
0 0

0101101
*
Ve
1e-07
56.024643 -40.640759 0
0 0

0101101
*
Ed
 1e-07 1 1 0
1  920 0 0 1.22876797656922
0

0101000
+4266 0 -4265 0 *
Ve
1e-07
57.889252 -40.73288 0
0 0

0101101
*
Ed
 1e-07 1 1 0
1  921 0 0 1.86688323189267
0

0101000
+4265 0 -4263 0 *
Ve
1e-07
60.018192 -39.166878 0
0 0

0101101
*
Ed
 1e-07 1 1 0
1  922 0 0 2.64286734203668
0

0101000
+4263 0 -4261 0 *
Ve
1e-07
62.147133 -37.60088 0
0 0

0101101
*
Ed
 1e-07 1 1 0
1  923 0 0 2.64286577742514
0

0101000
+4261 0 -4259 0 *
Ve
1e-07
64.276077 -36.034878 0
0 0

0101101
*
Ed
 1e-07 1 1 0
1  924 0 0 2.64287056420476
0

0101000
+4259 0 -4257 0 *
Ve
1e-07
64.276077 -35.666409 0
0 0

0101101
*
Ed
 1e-07 1 1 0
1  925 0 0 0.368468999999997
0

0101000
+4257 0 -4255 0 *
Ve
1e-07
64.276077 -35.297939 0
0 0

0101101
*
Ed
 1e-07 1 1 0
1  926 0 0 0.368470000000002
0

0101000
+4255 0 -4253 0 *
Ve
1e-07
63.244644 -35.96579 0
0 0

0101101
*
Ed
 1e-07 1 1 0
1  927 0 0 1.22877133417491
0

0101000
+4253 0 -4251 0 *
Ve
1e-07
62.213215 -36.633644 0
0 0

0101101
*
Ed
 1e-07 1 1 0
1  928 0 0 1.22876960710989
0

0101000
+4251 0 -4249 0 *
Ve
1e-07
61.181786 -37.301498 0
0 0

0101101
*
Ed
 1e-07 1 1 0
1  929 0 0 1.22876960710989
0

0101000
+4249 0 -4247 0 *
Ve
1e-07
60.15036 -37.969349 0
0 0

0101101
*
Ed
 1e-07 1 1 0
1  930 0 0 1.22876545836746
0

0101000
+4247 0 -4245 0 *
Ve
1e-07
59.118931 -38.637203 0
0 0

0101101
*
Ed
 1e-07 1 1 0
1  931 0 0 1.22876960710989
0

0101000
+4245 0 -4243 0 *
Ve
1e-07
58.087502 -39.305054 0
0 0

0101101
*
Ed
 1e-07 1 1 0
1  932 0 0 1.22876797656922
0

0101000
+4243 0 -4241 0 *
Ed
 1e-07 1 1 0
1  933 0 0 1.22877044650984
0

0101000
+4241 0 -4266 0 *
Wi

0101100
+4264 0 +4262 0 +4260 0 +4258 0 +4256 0 +4254 0 +4252 0 +4250 0 +4248 0 +4246 0 
+4244 0 +4242 0 +4240 0 +4239 0 *
Fa
0  1e-07 122 0

0111000
+4238 0 *
Ve
1e-07
57.889252 -40.73288 0
0 0

0101101
*
Ve
1e-07
64.89019 -40.73288 0
0 0

0101101
*
Ed
 1e-07 1 1 0
1  934 0 0 7.000938
0

0101000
+4236 0 -4235 0 *
Ve
1e-07
64.89019 -36.034878 0
0 0

0101101
*
Ed
 1e-07 1 1 0
1  935 0 0 4.698002
0

0101000
+4235 0 -4233 0 *
Ve
1e-07
64.276077 -36.034878 0
0 0

0101101
*
Ed
 1e-07 1 1 0
1  936 0 0 0.614113000000003
0

0101000
+4233 0 -4231 0 *
Ve
1e-07
62.147133 -37.60088 0
0 0

0101101
*
Ed
 1e-07 1 1 0
1  937 0 0 2.64287056420476
0

0101000
+4231 0 -4229 0 *
Ve
1e-07
60.018192 -39.166878 0
0 0

0101101
*
Ed
 1e-07 1 1 0
1  938 0 0 2.64286577742514
0

0101000
+4229 0 -4227 0 *
Ed
 1e-07 1 1 0
1  939 0 0 2.64286734203668
0

0101000
+4227 0 -4236 0 *
Wi

0101100
+4234 0 +4232 0 +4230 0 +4228 0 +4226 0 +4225 0 *
Fa
0  1e-07 123 0

0111000
+4224 0 *
Ve
1e-07
55.318409 -49.695293 0
0 0

0101101
*
Ve
1e-07
64.06958 -50.033058 0
0 0

0101101
*
Ed
 1e-07 1 1 0
1  940 0 0 8.7576868559264
0

0101000
+4222 0 -4221 0 *
Ve
1e-07
64.990761 -50.033058 0
0 0

0101101
*
Ed
 1e-07 1 1 0
1  941 0 0 0.921181000000004
0

0101000
+4221 0 -4219 0 *
Ve
1e-07
64.990761 -49.357529 0
0 0

0101101
*
Ed
 1e-07 1 1 0
1  942 0 0 0.675528999999997
0

0101000
+4219 0 -4217 0 *
Ve
1e-07
46.567234 -49.357529 0
0 0

0101101
*
Ed
 1e-07 1 1 0
1  943 0 0 18.423527
0

0101000
+4217 0 -4215 0 *
Ed
 1e-07 1 1 0
1  944 0 0 8.75769081438258
0

0101000
+4215 0 -4222 0 *
Wi

0101100
+4220 0 +4218 0 +4216 0 +4214 0 +4213 0 *
Fa
0  1e-07 124 0

0111000
+4212 0 *
Ve
1e-07
64.622284 -48.866234 0
0 0

0101101
*
Ve
1e-07
64.758934 -44.953087 0
0 0

0101101
*
Ed
 1e-07 1 1 0
1  945 0 0 3.91553223280169
0

0101000
+4210 0 -4209 0 *
Ve
1e-07
64.895584 -41.039936 0
0 0

0101101
*
Ed
 1e-07 1 1 0
1  946 0 0 3.91553623036501
0

0101000
+4209 0 -4207 0 *
Ve
1e-07
57.889252 -41.039936 0
0 0

0101101
*
Ed
 1e-07 1 1 0
1  947 0 0 7.006332
0

0101000
+4207 0 -4205 0 *
Ve
1e-07
56.956947 -44.953087 0
0 0

0101101
*
Ed
 1e-07 1 1 0
1  948 0 0 4.02267863019481
0

0101000
+4205 0 -4203 0 *
Ve
1e-07
56.024643 -48.866234 0
0 0

0101101
*
Ed
 1e-07 1 1 0
1  949 0 0 4.02267450734272
0

0101000
+4203 0 -4201 0 *
Ed
 1e-07 1 1 0
1  950 0 0 8.597641
0

0101000
+4201 0 -4210 0 *
Wi

0101100
+4208 0 +4206 0 +4204 0 +4202 0 +4200 0 +4199 0 *
Fa
0  1e-07 125 0

0111000
+4198 0 *
Ve
1e-07
58.360077 -26.720764 0
0 0

0101101
*
Ve
1e-07
58.196312 -25.287825 0
0 0

0101101
*
Ed
 1e-07 1 1 0
1  951 0 0 1.44226667192513
0

0101000
+4196 0 -4195 0 *
Ve
1e-07
57.029488 -25.185471 0
0 0

0101101
*
Ed
 1e-07 1 1 0
1  952 0 0 1.17130465221137
0

0101000
+4195 0 -4193 0 *
Ve
1e-07
55.862667 -25.083118 0
0 0

0101101
*
Ed
 1e-07 1 1 0
1  953 0 0 1.17130157630304
0

0101000
+4193 0 -4191 0 *
Ve
1e-07
54.695843 -24.980766 0
0 0

0101101
*
Ed
 1e-07 1 1 0
1  954 0 0 1.17130447744384
0

0101000
+4191 0 -4189 0 *
Ve
1e-07
56.691723 -27.283707 0
0 0

0101101
*
Ed
 1e-07 1 1 0
1  955 0 0 3.04747013502692
0

0101000
+4189 0 -4187 0 *
Ve
1e-07
58.687607 -29.586647 0
0 0

0101101
*
Ed
 1e-07 1 1 0
1  956 0 0 3.0474719990602
0

0101000
+4187 0 -4185 0 *
Ve
1e-07
58.523842 -28.153706 0
0 0

0101101
*
Ed
 1e-07 1 1 0
1  957 0 0 1.44226865899041
0

0101000
+4185 0 -4183 0 *
Ed
 1e-07 1 1 0
1  958 0 0 1.44226965252307
0

0101000
+4183 0 -4196 0 *
Wi

0101100
+4194 0 +4192 0 +4190 0 +4188 0 +4186 0 +4184 0 +4182 0 +4181 0 *
Fa
0  1e-07 126 0

0111000
+4180 0 *
Ve
1e-07
63.244644 -35.96579 0
0 0

0101101
*
Ve
1e-07
64.276077 -35.297939 0
0 0

0101101
*
Ed
 1e-07 1 1 0
1  959 0 0 1.22877133417491
0

0101000
+4178 0 -4177 0 *
Ve
1e-07
63.206264 -35.96579 0
0 0

0101101
*
Ed
 1e-07 1 1 0
1  960 0 0 1.26116010608091
0

0101000
+4177 0 -4175 0 *
Ve
1e-07
62.136452 -36.633644 0
0 0

0101101
*
Ed
 1e-07 1 1 0
1  961 0 0 1.26116084646646
0

0101000
+4175 0 -4173 0 *
Ve
1e-07
61.066639 -37.301498 0
0 0

0101101
*
Ed
 1e-07 1 1 0
1  962 0 0 1.26116169474219
0

0101000
+4173 0 -4171 0 *
Ve
1e-07
59.99683 -37.969349 0
0 0

0101101
*
Ed
 1e-07 1 1 0
1  963 0 0 1.26115671297504
0

0101000
+4171 0 -4169 0 *
Ve
1e-07
58.927017 -38.637203 0
0 0

0101101
*
Ed
 1e-07 1 1 0
1  964 0 0 1.26116169474219
0

0101000
+4169 0 -4167 0 *
Ve
1e-07
57.857208 -39.305054 0
0 0

0101101
*
Ed
 1e-07 1 1 0
1  965 0 0 1.26115671297504
0

0101000
+4167 0 -4165 0 *
Ve
1e-07
56.787395 -39.972908 0
0 0

0101101
*
Ed
 1e-07 1 1 0
1  966 0 0 1.26116169474219
0

0101000
+4165 0 -4163 0 *
Ve
1e-07
55.717583 -40.640759 0
0 0

0101101
*
Ed
 1e-07 1 1 0
1  967 0 0 1.26115925780411
0

0101000
+4163 0 -4161 0 *
Ve
1e-07
56.024643 -40.640759 0
0 0

0101101
*
Ed
 1e-07 1 1 0
1  968 0 0 0.30706
0

0101000
+4161 0 -4159 0 *
Ve
1e-07
57.056072 -39.972908 0
0 0

0101101
*
Ed
 1e-07 1 1 0
1  969 0 0 1.22876797656922
0

0101000
+4159 0 -4157 0 *
Ve
1e-07
58.087502 -39.305054 0
0 0

0101101
*
Ed
 1e-07 1 1 0
1  970 0 0 1.22877044650984
0

0101000
+4157 0 -4155 0 *
Ve
1e-07
59.118931 -38.637203 0
0 0

0101101
*
Ed
 1e-07 1 1 0
1  971 0 0 1.22876797656922
0

0101000
+4155 0 -4153 0 *
Ve
1e-07
60.15036 -37.969349 0
0 0

0101101
*
Ed
 1e-07 1 1 0
1  972 0 0 1.22876960710989
0

0101000
+4153 0 -4151 0 *
Ve
1e-07
61.181786 -37.301498 0
0 0

0101101
*
Ed
 1e-07 1 1 0
1  973 0 0 1.22876545836746
0

0101000
+4151 0 -4149 0 *
Ve
1e-07
62.213215 -36.633644 0
0 0

0101101
*
Ed
 1e-07 1 1 0
1  974 0 0 1.22876960710989
0

0101000
+4149 0 -4147 0 *
Ed
 1e-07 1 1 0
1  975 0 0 1.22876960710989
0

0101000
+4147 0 -4178 0 *
Wi

0101100
+4176 0 +4174 0 +4172 0 +4170 0 +4168 0 +4166 0 +4164 0 +4162 0 +4160 0 +4158 0 
+4156 0 +4154 0 +4152 0 +4150 0 +4148 0 +4146 0 +4145 0 *
Fa
0  1e-07 127 0

0111000
+4144 0 *
Ve
1e-07
53.875233 -40.809643 0
0 0

0101101
*
Ve
1e-07
53.875233 -40.886406 0
0 0

0101101
*
Ed
 1e-07 1 1 0
1  976 0 0 0.0767629999999997
0

0101000
+4142 0 -4141 0 *
Ve
1e-07
53.875233 -41.039936 0
0 0

0101101
*
Ed
 1e-07 1 1 0
1  977 0 0 0.153529999999996
0

0101000
+4141 0 -4139 0 *
Ve
1e-07
55.717583 -40.640759 0
0 0

0101101
*
Ed
 1e-07 1 1 0
1  978 0 0 1.88509835282645
0

0101000
+4139 0 -4137 0 *
Ve
1e-07
56.787395 -39.972908 0
0 0

0101101
*
Ed
 1e-07 1 1 0
1  979 0 0 1.26115925780411
0

0101000
+4137 0 -4135 0 *
Ve
1e-07
57.857208 -39.305054 0
0 0

0101101
*
Ed
 1e-07 1 1 0
1  980 0 0 1.26116169474219
0

0101000
+4135 0 -4133 0 *
Ve
1e-07
58.927017 -38.637203 0
0 0

0101101
*
Ed
 1e-07 1 1 0
1  981 0 0 1.26115671297504
0

0101000
+4133 0 -4131 0 *
Ve
1e-07
59.99683 -37.969349 0
0 0

0101101
*
Ed
 1e-07 1 1 0
1  982 0 0 1.26116169474219
0

0101000
+4131 0 -4129 0 *
Ve
1e-07
61.066639 -37.301498 0
0 0

0101101
*
Ed
 1e-07 1 1 0
1  983 0 0 1.26115671297504
0

0101000
+4129 0 -4127 0 *
Ve
1e-07
62.136452 -36.633644 0
0 0

0101101
*
Ed
 1e-07 1 1 0
1  984 0 0 1.26116169474219
0

0101000
+4127 0 -4125 0 *
Ve
1e-07
63.206264 -35.96579 0
0 0

0101101
*
Ed
 1e-07 1 1 0
1  985 0 0 1.26116084646646
0

0101000
+4125 0 -4123 0 *
Ve
1e-07
64.276077 -35.297939 0
0 0

0101101
*
Ed
 1e-07 1 1 0
1  986 0 0 1.26116010608091
0

0101000
+4123 0 -4121 0 *
Ve
1e-07
59.075653 -38.015408 0
0 0

0101101
*
Ed
 1e-07 1 1 0
1  987 0 0 5.86762707964105
0

0101000
+4121 0 -4119 0 *
Ve
1e-07
53.875233 -40.73288 0
0 0

0101101
*
Ed
 1e-07 1 1 0
1  988 0 0 5.8676249238669
0

0101000
+4119 0 -4117 0 *
Ed
 1e-07 1 1 0
1  989 0 0 0.0767629999999997
0

0101000
+4117 0 -4142 0 *
Wi

0101100
+4140 0 +4138 0 +4136 0 +4134 0 +4132 0 +4130 0 +4128 0 +4126 0 +4124 0 +4122 0 
+4120 0 +4118 0 +4116 0 +4115 0 *
Fa
0  1e-07 128 0

0111000
+4114 0 *
Ve
1e-07
41.92783 -38.92123 0
0 0

0101101
*
Ve
1e-07
46.567234 -40.73288 0
0 0

0101101
*
Ed
 1e-07 1 1 0
1  990 0 0 4.98057679367721
0

0101000
+4112 0 -4111 0 *
Ve
1e-07
53.875233 -40.73288 0
0 0

0101101
*
Ed
 1e-07 1 1 0
1  991 0 0 7.307999
0

0101000
+4111 0 -4109 0 *
Ve
1e-07
59.075653 -38.015408 0
0 0

0101101
*
Ed
 1e-07 1 1 0
1  992 0 0 5.8676249238669
0

0101000
+4109 0 -4107 0 *
Ve
1e-07
64.276077 -35.297939 0
0 0

0101101
*
Ed
 1e-07 1 1 0
1  993 0 0 5.86762707964105
0

0101000
+4107 0 -4105 0 *
Ve
1e-07
32.649025 -35.297939 0
0 0

0101101
*
Ed
 1e-07 1 1 0
1  994 0 0 31.627052
0

0101000
+4105 0 -4103 0 *
Ve
1e-07
37.288429 -37.109585 0
0 0

0101101
*
Ed
 1e-07 1 1 0
1  995 0 0 4.98057533870656
0

0101000
+4103 0 -4101 0 *
Ed
 1e-07 1 1 0
1  996 0 0 4.98057218046541
0

0101000
+4101 0 -4112 0 *
Wi

0101100
+4110 0 +4108 0 +4106 0 +4104 0 +4102 0 +4100 0 +4099 0 *
Fa
0  1e-07 129 0

0111000
+4098 0 *
Ve
1e-07
52.300785 -29.586647 0
0 0

0101101
*
Ve
1e-07
52.177959 -28.153706 0
0 0

0101101
*
Ed
 1e-07 1 1 0
1  997 0 0 1.43819544421368
0

0101000
+4096 0 -4095 0 *
Ve
1e-07
52.055138 -26.720764 0
0 0

0101101
*
Ed
 1e-07 1 1 0
1  998 0 0 1.43819601355483
0

0101000
+4095 0 -4093 0 *
Ve
1e-07
51.932312 -25.287825 0
0 0

0101101
*
Ed
 1e-07 1 1 0
1  999 0 0 1.43819345152069
0

0101000
+4093 0 -4091 0 *
Ve
1e-07
50.212784 -25.072884 0
0 0

0101101
*
Ed
 1e-07 1 1 0
1  1000 0 0 1.73290974267704
0

0101000
+4091 0 -4089 0 *
Ve
1e-07
48.493256 -24.857943 0
0 0

0101101
*
Ed
 1e-07 1 1 0
1  1001 0 0 1.73290974267704
0

0101000
+4089 0 -4087 0 *
Ve
1e-07
47.418552 -27.222294 0
0 0

0101101
*
Ed
 1e-07 1 1 0
1  1002 0 0 2.59714157080761
0

0101000
+4087 0 -4085 0 *
Ve
1e-07
46.343845 -29.586647 0
0 0

0101101
*
Ed
 1e-07 1 1 0
1  1003 0 0 2.59714463294942
0

0101000
+4085 0 -4083 0 *
Ed
 1e-07 1 1 0
1  1004 0 0 5.95694
0

0101000
+4083 0 -4096 0 *
Wi

0101100
+4094 0 +4092 0 +4090 0 +4088 0 +4086 0 +4084 0 +4082 0 +4081 0 *
Fa
0  1e-07 130 0

0111000
+4080 0 *
Ve
1e-07
56.691723 -27.283707 0
0 0

0101101
*
Ve
1e-07
54.695843 -24.980766 0
0 0

0101101
*
Ed
 1e-07 1 1 0
1  1005 0 0 3.04747013502692
0

0101000
+4078 0 -4077 0 *
Ve
1e-07
52.546432 -24.980766 0
0 0

0101101
*
Ed
 1e-07 1 1 0
1  1006 0 0 2.149411
0

0101000
+4077 0 -4075 0 *
Ve
1e-07
52.546432 -29.586647 0
0 0

0101101
*
Ed
 1e-07 1 1 0
1  1007 0 0 4.605881
0

0101000
+4075 0 -4073 0 *
Ve
1e-07
58.687607 -29.586647 0
0 0

0101101
*
Ed
 1e-07 1 1 0
1  1008 0 0 6.141175
0

0101000
+4073 0 -4071 0 *
Ed
 1e-07 1 1 0
1  1009 0 0 3.0474719990602
0

0101000
+4071 0 -4078 0 *
Wi

0101100
+4076 0 +4074 0 +4072 0 +4070 0 +4069 0 *
Fa
0  1e-07 131 0

0111000
+4068 0 *
Ve
1e-07
45.891705 -43.953293 0
0 0

0101101
*
Ve
1e-07
46.567234 -45.365765 0
0 0

0101101
*
Ed
 1e-07 1 1 0
1  1010 0 0 1.56570002894073
0

0101000
+4066 0 -4065 0 *
Ve
1e-07
46.567234 -40.73288 0
0 0

0101101
*
Ed
 1e-07 1 1 0
1  1011 0 0 4.632885
0

0101000
+4065 0 -4063 0 *
Ve
1e-07
45.216175 -42.233765 0
0 0

0101101
*
Ed
 1e-07 1 1 0
1  1012 0 0 2.01940986545723
0

0101000
+4063 0 -4061 0 *
Ve
1e-07
45.216175 -42.540825 0
0 0

0101101
*
Ed
 1e-07 1 1 0
1  1013 0 0 0.30706
0

0101000
+4061 0 -4059 0 *
Ed
 1e-07 1 1 0
1  1014 0 0 1.5656968518599
0

0101000
+4059 0 -4066 0 *
Wi

0101100
+4064 0 +4062 0 +4060 0 +4058 0 +4057 0 *
Fa
0  1e-07 132 0

0111000
+4056 0 *
Ve
1e-07
52.177959 -28.153706 0
0 0

0101101
*
Ve
1e-07
52.300785 -29.586647 0
0 0

0101101
*
Ed
 1e-07 1 1 0
1  1015 0 0 1.43819544421368
0

0101000
+4054 0 -4053 0 *
Ve
1e-07
52.300785 -27.437235 0
0 0

0101101
*
Ed
 1e-07 1 1 0
1  1016 0 0 2.149412
0

0101000
+4053 0 -4051 0 *
Ve
1e-07
52.300785 -25.287825 0
0 0

0101101
*
Ed
 1e-07 1 1 0
1  1017 0 0 2.14941
0

0101000
+4051 0 -4049 0 *
Ve
1e-07
51.932312 -25.287825 0
0 0

0101101
*
Ed
 1e-07 1 1 0
1  1018 0 0 0.368472999999994
0

0101000
+4049 0 -4047 0 *
Ve
1e-07
52.055138 -26.720764 0
0 0

0101101
*
Ed
 1e-07 1 1 0
1  1019 0 0 1.43819345152069
0

0101000
+4047 0 -4045 0 *
Ed
 1e-07 1 1 0
1  1020 0 0 1.43819601355483
0

0101000
+4045 0 -4054 0 *
Wi

0101100
+4052 0 +4050 0 +4048 0 +4046 0 +4044 0 +4043 0 *
Fa
0  1e-07 133 0

0111000
+4042 0 *
Ve
1e-07
57.889252 -40.73288 0
0 0

0101101
*
Ve
1e-07
56.024643 -40.640759 0
0 0

0101101
*
Ed
 1e-07 1 1 0
1  1021 0 0 1.86688323189267
0

0101000
+4040 0 -4039 0 *
Ve
1e-07
56.024643 -48.866234 0
0 0

0101101
*
Ed
 1e-07 1 1 0
1  1022 0 0 8.225475
0

0101000
+4039 0 -4037 0 *
Ve
1e-07
56.956947 -44.953087 0
0 0

0101101
*
Ed
 1e-07 1 1 0
1  1023 0 0 4.02267450734272
0

0101000
+4037 0 -4035 0 *
Ve
1e-07
57.889252 -41.039936 0
0 0

0101101
*
Ed
 1e-07 1 1 0
1  1024 0 0 4.02267863019481
0

0101000
+4035 0 -4033 0 *
Ed
 1e-07 1 1 0
1  1025 0 0 0.307055999999996
0

0101000
+4033 0 -4040 0 *
Wi

0101100
+4038 0 +4036 0 +4034 0 +4032 0 +4031 0 *
Fa
0  1e-07 134 0

0111000
+4030 0 *
Ve
1e-07
51.265232 -48.866234 0
0 0

0101101
*
Ve
1e-07
55.717583 -48.866234 0
0 0

0101101
*
Ed
 1e-07 1 1 0
1  1026 0 0 4.452351
0

0101000
+4028 0 -4027 0 *
Ve
1e-07
55.717583 -44.753498 0
0 0

0101101
*
Ed
 1e-07 1 1 0
1  1027 0 0 4.112736
0

0101000
+4027 0 -4025 0 *
Ve
1e-07
55.717583 -40.640759 0
0 0

0101101
*
Ed
 1e-07 1 1 0
1  1028 0 0 4.112739
0

0101000
+4025 0 -4023 0 *
Ve
1e-07
53.875233 -41.039936 0
0 0

0101101
*
Ed
 1e-07 1 1 0
1  1029 0 0 1.88509835282645
0

0101000
+4023 0 -4021 0 *
Ve
1e-07
50.344055 -44.953087 0
0 0

0101101
*
Ed
 1e-07 1 1 0
1  1030 0 0 5.27086034879364
0

0101000
+4021 0 -4019 0 *
Ve
1e-07
46.812881 -48.866234 0
0 0

0101101
*
Ed
 1e-07 1 1 0
1  1031 0 0 5.27085469937135
0

0101000
+4019 0 -4017 0 *
Ed
 1e-07 1 1 0
1  1032 0 0 4.452351
0

0101000
+4017 0 -4028 0 *
Wi

0101100
+4026 0 +4024 0 +4022 0 +4020 0 +4018 0 +4016 0 +4015 0 *
Fa
0  1e-07 135 0

0111000
+4014 0 *
Ve
1e-07
52.094292 -50.769997 0
0 0

0101101
*
Ve
1e-07
64.06958 -50.769997 0
0 0

0101101
*
Ed
 1e-07 1 1 0
1  1033 0 0 11.975288
0

0101000
+4012 0 -4011 0 *
Ve
1e-07
64.06958 -50.401527 0
0 0

0101101
*
Ed
 1e-07 1 1 0
1  1034 0 0 0.368469999999995
0

0101000
+4011 0 -4009 0 *
Ve
1e-07
64.06958 -50.033058 0
0 0

0101101
*
Ed
 1e-07 1 1 0
1  1035 0 0 0.368469000000005
0

0101000
+4009 0 -4007 0 *
Ve
1e-07
55.318409 -49.695293 0
0 0

0101101
*
Ed
 1e-07 1 1 0
1  1036 0 0 8.7576868559264
0

0101000
+4007 0 -4005 0 *
Ve
1e-07
46.567234 -49.357529 0
0 0

0101101
*
Ed
 1e-07 1 1 0
1  1037 0 0 8.75769081438258
0

0101000
+4005 0 -4003 0 *
Ve
1e-07
43.343117 -50.063763 0
0 0

0101101
*
Ed
 1e-07 1 1 0
1  1038 0 0 3.30056008768891
0

0101000
+4003 0 -4001 0 *
Ve
1e-07
40.118999 -50.769997 0
0 0

0101101
*
Ed
 1e-07 1 1 0
1  1039 0 0 3.30056106452827
0

0101000
+4001 0 -3999 0 *
Ed
 1e-07 1 1 0
1  1040 0 0 11.975293
0

0101000
+3999 0 -4012 0 *
Wi

0101100
+4010 0 +4008 0 +4006 0 +4004 0 +4002 0 +4000 0 +3998 0 +3997 0 *
Fa
0  1e-07 136 0

0111000
+3996 0 *
Ve
1e-07
46.812881 -41.039936 0
0 0

0101101
*
Ve
1e-07
46.812881 -48.866234 0
0 0

0101101
*
Ed
 1e-07 1 1 0
1  1041 0 0 7.826298
0

0101000
+3994 0 -3993 0 *
Ve
1e-07
50.344055 -44.953087 0
0 0

0101101
*
Ed
 1e-07 1 1 0
1  1042 0 0 5.27085469937135
0

0101000
+3993 0 -3991 0 *
Ve
1e-07
53.875233 -41.039936 0
0 0

0101101
*
Ed
 1e-07 1 1 0
1  1043 0 0 5.27086034879364
0

0101000
+3991 0 -3989 0 *
Ed
 1e-07 1 1 0
1  1044 0 0 7.062352
0

0101000
+3989 0 -3994 0 *
Wi

0101100
+3992 0 +3990 0 +3988 0 +3987 0 *
Fa
0  1e-07 137 0

0111000
+3986 0 *
Ve
1e-07
43.343117 -50.063763 0
0 0

0101101
*
Ve
1e-07
46.567234 -49.357529 0
0 0

0101101
*
Ed
 1e-07 1 1 0
1  1045 0 0 3.30056008768891
0

0101000
+3984 0 -3983 0 *
Ve
1e-07
46.567234 -47.515175 0
0 0

0101101
*
Ed
 1e-07 1 1 0
1  1046 0 0 1.842354
0

0101000
+3983 0 -3981 0 *
Ve
1e-07
46.567234 -45.672821 0
0 0

0101101
*
Ed
 1e-07 1 1 0
1  1047 0 0 1.842354
0

0101000
+3981 0 -3979 0 *
Ve
1e-07
43.435234 -45.672821 0
0 0

0101101
*
Ed
 1e-07 1 1 0
1  1048 0 0 3.132
0

0101000
+3979 0 -3977 0 *
Ve
1e-07
41.777119 -48.221409 0
0 0

0101101
*
Ed
 1e-07 1 1 0
1  1049 0 0 3.04050096973657
0

0101000
+3977 0 -3975 0 *
Ve
1e-07
40.118999 -50.769997 0
0 0

0101101
*
Ed
 1e-07 1 1 0
1  1050 0 0 3.04050369645294
0

0101000
+3975 0 -3973 0 *
Ed
 1e-07 1 1 0
1  1051 0 0 3.30056106452827
0

0101000
+3973 0 -3984 0 *
Wi

0101100
+3982 0 +3980 0 +3978 0 +3976 0 +3974 0 +3972 0 +3971 0 *
Fa
0  1e-07 138 0

0111000
+3970 0 *
Ve
1e-07
43.742294 -42.540825 0
0 0

0101101
*
Ve
1e-07
43.742294 -45.365765 0
0 0

0101101
*
Ed
 1e-07 1 1 0
1  1052 0 0 2.82494000000001
0

0101000
+3968 0 -3967 0 *
Ve
1e-07
46.567234 -45.365765 0
0 0

0101101
*
Ed
 1e-07 1 1 0
1  1053 0 0 2.82494
0

0101000
+3967 0 -3965 0 *
Ve
1e-07
45.891705 -43.953293 0
0 0

0101101
*
Ed
 1e-07 1 1 0
1  1054 0 0 1.56570002894073
0

0101000
+3965 0 -3963 0 *
Ve
1e-07
45.216175 -42.540825 0
0 0

0101101
*
Ed
 1e-07 1 1 0
1  1055 0 0 1.5656968518599
0

0101000
+3963 0 -3961 0 *
Ed
 1e-07 1 1 0
1  1056 0 0 1.473881
0

0101000
+3961 0 -3968 0 *
Wi

0101100
+3966 0 +3964 0 +3962 0 +3960 0 +3959 0 *
Fa
0  1e-07 139 0

0111000
+3958 0 *
Ve
1e-07
42.352081 -24.857943 0
0 0

0101101
*
Ve
1e-07
43.37561 -24.857943 0
0 0

0101101
*
Ed
 1e-07 1 1 0
1  1057 0 0 1.023529
0

0101000
+3956 0 -3955 0 *
Ve
1e-07
44.399139 -24.857943 0
0 0

0101101
*
Ed
 1e-07 1 1 0
1  1058 0 0 1.023529
0

0101000
+3955 0 -3953 0 *
Ve
1e-07
45.422668 -24.857943 0
0 0

0101101
*
Ed
 1e-07 1 1 0
1  1059 0 0 1.023529
0

0101000
+3953 0 -3951 0 *
Ve
1e-07
45.422668 -24.612295 0
0 0

0101101
*
Ed
 1e-07 1 1 0
1  1060 0 0 0.245647999999999
0

0101000
+3951 0 -3949 0 *
Ve
1e-07
44.317257 -24.612295 0
0 0

0101101
*
Ed
 1e-07 1 1 0
1  1061 0 0 1.105411
0

0101000
+3949 0 -3947 0 *
Ve
1e-07
43.211845 -24.612295 0
0 0

0101101
*
Ed
 1e-07 1 1 0
1  1062 0 0 1.105412
0

0101000
+3947 0 -3945 0 *
Ve
1e-07
42.106434 -24.612295 0
0 0

0101101
*
Ed
 1e-07 1 1 0
1  1063 0 0 1.105411
0

0101000
+3945 0 -3943 0 *
Ed
 1e-07 1 1 0
1  1064 0 0 0.347398026063763
0

0101000
+3943 0 -3956 0 *
Wi

0101100
+3954 0 +3952 0 +3950 0 +3948 0 +3946 0 +3944 0 +3942 0 +3941 0 *
Fa
0  1e-07 140 0

0111000
+3940 0 *
Ve
1e-07
39.281494 -1.398656 0
0 0

0101101
*
Ve
1e-07
42.536316 -1.21442 0
0 0

0101101
*
Ed
 1e-07 1 1 0
1  1065 0 0 3.26003207888818
0

0101000
+3938 0 -3937 0 *
Ve
1e-07
42.659142 0.673991 0
0 0

0101101
*
Ed
 1e-07 1 1 0
1  1066 0 0 1.8924012077773
0

0101000
+3937 0 -3935 0 *
Ve
1e-07
42.781963 2.562402 0
0 0

0101101
*
Ed
 1e-07 1 1 0
1  1067 0 0 1.89240088325968
0

0101000
+3935 0 -3933 0 *
Ve
1e-07
42.904789 4.450813 0
0 0

0101101
*
Ed
 1e-07 1 1 0
1  1068 0 0 1.8924012077773
0

0101000
+3933 0 -3931 0 *
Ve
1e-07
43.027611 6.339224 0
0 0

0101101
*
Ed
 1e-07 1 1 0
1  1069 0 0 1.89240094816215
0

0101000
+3931 0 -3929 0 *
Ve
1e-07
41.154552 2.562402 0
0 0

0101101
*
Ed
 1e-07 1 1 0
1  1070 0 0 4.21577210451004
0

0101000
+3929 0 -3927 0 *
Ve
1e-07
39.281494 -1.21442 0
0 0

0101101
*
Ed
 1e-07 1 1 0
1  1071 0 0 4.21577166021216
0

0101000
+3927 0 -3925 0 *
Ed
 1e-07 1 1 0
1  1072 0 0 0.184236
0

0101000
+3925 0 -3938 0 *
Wi

0101100
+3936 0 +3934 0 +3932 0 +3930 0 +3928 0 +3926 0 +3924 0 +3923 0 *
Fa
0  1e-07 141 0

0111000
+3922 0 *
Ve
1e-07
42.474907 -7.048536 0
0 0

0101101
*
Ve
1e-07
42.536316 -1.398656 0
0 0

0101101
*
Ed
 1e-07 1 1 0
1  1073 0 0 5.65021371982344
0

0101000
+3920 0 -3919 0 *
Ve
1e-07
42.536316 -1.21442 0
0 0

0101101
*
Ed
 1e-07 1 1 0
1  1074 0 0 0.184236
0

0101000
+3919 0 -3917 0 *
Ve
1e-07
39.281494 -1.398656 0
0 0

0101101
*
Ed
 1e-07 1 1 0
1  1075 0 0 3.26003207888818
0

0101000
+3917 0 -3915 0 *
Ve
1e-07
40.847492 -7.048536 0
0 0

0101101
*
Ed
 1e-07 1 1 0
1  1076 0 0 5.86289124497496
0

0101000
+3915 0 -3913 0 *
Ve
1e-07
42.413494 -12.698417 0
0 0

0101101
*
Ed
 1e-07 1 1 0
1  1077 0 0 5.86289327705741
0

0101000
+3913 0 -3911 0 *
Ed
 1e-07 1 1 0
1  1078 0 0 5.65021476323953
0

0101000
+3911 0 -3920 0 *
Wi

0101100
+3918 0 +3916 0 +3914 0 +3912 0 +3910 0 +3909 0 *
Fa
0  1e-07 142 0

0111000
+3908 0 *
Ve
1e-07
50.335609 -1.398656 0
0 0

0101101
*
Ve
1e-07
42.536316 -1.398656 0
0 0

0101101
*
Ed
 1e-07 1 1 0
1  1079 0 0 7.799293
0

0101000
+3906 0 -3905 0 *
Ve
1e-07
42.474907 -7.048536 0
0 0

0101101
*
Ed
 1e-07 1 1 0
1  1080 0 0 5.65021371982344
0

0101000
+3905 0 -3903 0 *
Ve
1e-07
42.413494 -12.698417 0
0 0

0101101
*
Ed
 1e-07 1 1 0
1  1081 0 0 5.65021476323953
0

0101000
+3903 0 -3901 0 *
Ve
1e-07
50.274197 -12.698417 0
0 0

0101101
*
Ed
 1e-07 1 1 0
1  1082 0 0 7.860703
0

0101000
+3901 0 -3899 0 *
Ve
1e-07
50.304901 -7.048536 0
0 0

0101101
*
Ed
 1e-07 1 1 0
1  1083 0 0 5.64996442907183
0

0101000
+3899 0 -3897 0 *
Ed
 1e-07 1 1 0
1  1084 0 0 5.6499634508255
0

0101000
+3897 0 -3906 0 *
Wi

0101100
+3904 0 +3902 0 +3900 0 +3898 0 +3896 0 +3895 0 *
Fa
0  1e-07 143 0

0111000
+3894 0 *
Ve
1e-07
43.027611 4.450813 0
0 0

0101101
*
Ve
1e-07
43.027611 6.339224 0
0 0

0101101
*
Ed
 1e-07 1 1 0
1  1085 0 0 1.888411
0

0101000
+3892 0 -3891 0 *
Ve
1e-07
42.904789 4.450813 0
0 0

0101101
*
Ed
 1e-07 1 1 0
1  1086 0 0 1.89240094816215
0

0101000
+3891 0 -3889 0 *
Ve
1e-07
42.781963 2.562402 0
0 0

0101101
*
Ed
 1e-07 1 1 0
1  1087 0 0 1.8924012077773
0

0101000
+3889 0 -3887 0 *
Ve
1e-07
42.659142 0.673991 0
0 0

0101101
*
Ed
 1e-07 1 1 0
1  1088 0 0 1.89240088325968
0

0101000
+3887 0 -3885 0 *
Ve
1e-07
42.536316 -1.21442 0
0 0

0101101
*
Ed
 1e-07 1 1 0
1  1089 0 0 1.8924012077773
0

0101000
+3885 0 -3883 0 *
Ve
1e-07
43.027611 -1.21442 0
0 0

0101101
*
Ed
 1e-07 1 1 0
1  1090 0 0 0.491295000000001
0

0101000
+3883 0 -3881 0 *
Ve
1e-07
43.027611 0.673991 0
0 0

0101101
*
Ed
 1e-07 1 1 0
1  1091 0 0 1.888411
0

0101000
+3881 0 -3879 0 *
Ve
1e-07
43.027611 2.562402 0
0 0

0101101
*
Ed
 1e-07 1 1 0
1  1092 0 0 1.888411
0

0101000
+3879 0 -3877 0 *
Ed
 1e-07 1 1 0
1  1093 0 0 1.888411
0

0101000
+3877 0 -3892 0 *
Wi

0101100
+3890 0 +3888 0 +3886 0 +3884 0 +3882 0 +3880 0 +3878 0 +3876 0 +3875 0 *
Fa
0  1e-07 144 0

0111000
+3874 0 *
Ve
1e-07
31.768791 -8.931829 0
0 0

0101101
*
Ve
1e-07
31.72785 -12.698417 0
0 0

0101101
*
Ed
 1e-07 1 1 0
1  1094 0 0 3.76681049791797
0

0101000
+3872 0 -3871 0 *
Ve
1e-07
39.220081 -12.698417 0
0 0

0101101
*
Ed
 1e-07 1 1 0
1  1095 0 0 7.492231
0

0101000
+3871 0 -3869 0 *
Ve
1e-07
39.25079 -7.048536 0
0 0

0101101
*
Ed
 1e-07 1 1 0
1  1096 0 0 5.6499644562459
0

0101000
+3869 0 -3867 0 *
Ve
1e-07
39.281494 -1.398656 0
0 0

0101101
*
Ed
 1e-07 1 1 0
1  1097 0 0 5.6499634290866
0

0101000
+3867 0 -3865 0 *
Ve
1e-07
31.850674 -1.398656 0
0 0

0101101
*
Ed
 1e-07 1 1 0
1  1098 0 0 7.43082
0

0101000
+3865 0 -3863 0 *
Ve
1e-07
31.809732 -5.165243 0
0 0

0101101
*
Ed
 1e-07 1 1 0
1  1099 0 0 3.76680950884605
0

0101000
+3863 0 -3861 0 *
Ed
 1e-07 1 1 0
1  1100 0 0 3.7668084980361
0

0101000
+3861 0 -3872 0 *
Wi

0101100
+3870 0 +3868 0 +3866 0 +3864 0 +3862 0 +3860 0 +3859 0 *
Fa
0  1e-07 145 0

0111000
+3858 0 *
Ve
1e-07
29.415022 -13.418183 0
0 0

0101101
*
Ve
1e-07
31.72785 -12.698417 0
0 0

0101101
*
Ed
 1e-07 1 1 0
1  1101 0 0 2.42223790168101
0

0101000
+3856 0 -3855 0 *
Ve
1e-07
31.768791 -8.931829 0
0 0

0101101
*
Ed
 1e-07 1 1 0
1  1102 0 0 3.76681049791797
0

0101000
+3855 0 -3853 0 *
Ve
1e-07
31.809732 -5.165243 0
0 0

0101101
*
Ed
 1e-07 1 1 0
1  1103 0 0 3.7668084980361
0

0101000
+3853 0 -3851 0 *
Ve
1e-07
31.850674 -1.398656 0
0 0

0101101
*
Ed
 1e-07 1 1 0
1  1104 0 0 3.76680950884605
0

0101000
+3851 0 -3849 0 *
Ve
1e-07
30.267847 -5.256146 0
0 0

0101101
*
Ed
 1e-07 1 1 0
1  1105 0 0 4.16960074971561
0

0101000
+3849 0 -3847 0 *
Ve
1e-07
28.68502 -9.113636 0
0 0

0101101
*
Ed
 1e-07 1 1 0
1  1106 0 0 4.16960074971561
0

0101000
+3847 0 -3845 0 *
Ve
1e-07
27.102194 -12.971127 0
0 0

0101101
*
Ed
 1e-07 1 1 0
1  1107 0 0 4.16960129525078
0

0101000
+3845 0 -3843 0 *
Ve
1e-07
27.102194 -13.554538 0
0 0

0101101
*
Ed
 1e-07 1 1 0
1  1108 0 0 0.583411000000002
0

0101000
+3843 0 -3841 0 *
Ve
1e-07
27.102194 -14.13795 0
0 0

0101101
*
Ed
 1e-07 1 1 0
1  1109 0 0 0.583411999999999
0

0101000
+3841 0 -3839 0 *
Ed
 1e-07 1 1 0
1  1110 0 0 2.42223819883037
0

0101000
+3839 0 -3856 0 *
Wi

0101100
+3854 0 +3852 0 +3850 0 +3848 0 +3846 0 +3844 0 +3842 0 +3840 0 +3838 0 +3837 0 
*
Fa
0  1e-07 146 0

0111000
+3836 0 *
Ve
1e-07
40.816788 -12.790534 0
0 0

0101101
*
Ve
1e-07
42.413494 -12.698417 0
0 0

0101101
*
Ed
 1e-07 1 1 0
1  1111 0 0 1.59936099493673
0

0101000
+3834 0 -3833 0 *
Ve
1e-07
40.847492 -7.048536 0
0 0

0101101
*
Ed
 1e-07 1 1 0
1  1112 0 0 5.86289327705741
0

0101000
+3833 0 -3831 0 *
Ve
1e-07
39.281494 -1.398656 0
0 0

0101101
*
Ed
 1e-07 1 1 0
1  1113 0 0 5.86289124497496
0

0101000
+3831 0 -3829 0 *
Ve
1e-07
39.25079 -7.048536 0
0 0

0101101
*
Ed
 1e-07 1 1 0
1  1114 0 0 5.6499634290866
0

0101000
+3829 0 -3827 0 *
Ve
1e-07
39.220081 -12.698417 0
0 0

0101101
*
Ed
 1e-07 1 1 0
1  1115 0 0 5.6499644562459
0

0101000
+3827 0 -3825 0 *
Ve
1e-07
39.220081 -12.882652 0
0 0

0101101
*
Ed
 1e-07 1 1 0
1  1116 0 0 0.184235000000001
0

0101000
+3825 0 -3823 0 *
Ed
 1e-07 1 1 0
1  1117 0 0 1.5993620508731
0

0101000
+3823 0 -3834 0 *
Wi

0101100
+3832 0 +3830 0 +3828 0 +3826 0 +3824 0 +3822 0 +3821 0 *
Fa
0  1e-07 147 0

0111000
+3820 0 *
Ve
1e-07
42.413494 -12.813563 0
0 0

0101101
*
Ve
1e-07
42.413494 -12.790534 0
0 0

0101101
*
Ed
 1e-07 1 1 0
1  1118 0 0 0.0230290000000011
0

0101000
+3818 0 -3817 0 *
Ve
1e-07
42.413494 -12.744475 0
0 0

0101101
*
Ed
 1e-07 1 1 0
1  1119 0 0 0.0460589999999996
0

0101000
+3817 0 -3815 0 *
Ve
1e-07
42.413494 -12.698417 0
0 0

0101101
*
Ed
 1e-07 1 1 0
1  1120 0 0 0.0460580000000004
0

0101000
+3815 0 -3813 0 *
Ve
1e-07
40.816788 -12.790534 0
0 0

0101101
*
Ed
 1e-07 1 1 0
1  1121 0 0 1.59936099493673
0

0101000
+3813 0 -3811 0 *
Ve
1e-07
39.220081 -12.882652 0
0 0

0101101
*
Ed
 1e-07 1 1 0
1  1122 0 0 1.5993620508731
0

0101000
+3811 0 -3809 0 *
Ve
1e-07
40.448318 -15.441475 0
0 0

0101101
*
Ed
 1e-07 1 1 0
1  1123 0 0 2.83833424273781
0

0101000
+3809 0 -3807 0 *
Ve
1e-07
41.676552 -18.000298 0
0 0

0101101
*
Ed
 1e-07 1 1 0
1  1124 0 0 2.83833294454421
0

0101000
+3807 0 -3805 0 *
Ve
1e-07
42.904789 -20.55912 0
0 0

0101101
*
Ed
 1e-07 1 1 0
1  1125 0 0 2.83833334121505
0

0101000
+3805 0 -3803 0 *
Ve
1e-07
42.80653 -19.023827 0
0 0

0101101
*
Ed
 1e-07 1 1 0
1  1126 0 0 1.53843408273803
0

0101000
+3803 0 -3801 0 *
Ve
1e-07
42.708271 -17.488533 0
0 0

0101101
*
Ed
 1e-07 1 1 0
1  1127 0 0 1.53843508069629
0

0101000
+3801 0 -3799 0 *
Ve
1e-07
42.610012 -15.953239 0
0 0

0101101
*
Ed
 1e-07 1 1 0
1  1128 0 0 1.53843508069629
0

0101000
+3799 0 -3797 0 *
Ve
1e-07
42.511753 -14.417946 0
0 0

0101101
*
Ed
 1e-07 1 1 0
1  1129 0 0 1.53843408273803
0

0101000
+3797 0 -3795 0 *
Ve
1e-07
42.413494 -12.882652 0
0 0

0101101
*
Ed
 1e-07 1 1 0
1  1130 0 0 1.53843508069629
0

0101000
+3795 0 -3793 0 *
Ve
1e-07
42.413494 -12.879773 0
0 0

0101101
*
Ed
 1e-07 1 1 0
1  1131 0 0 0.00287900000000008
0

0101000
+3793 0 -3791 0 *
Ve
1e-07
42.413494 -12.876895 0
0 0

0101101
*
Ed
 1e-07 1 1 0
1  1132 0 0 0.00287800000000082
0

0101000
+3791 0 -3789 0 *
Ve
1e-07
42.413494 -12.874016 0
0 0

0101101
*
Ed
 1e-07 1 1 0
1  1133 0 0 0.00287900000000008
0

0101000
+3789 0 -3787 0 *
Ve
1e-07
42.413494 -12.871138 0
0 0

0101101
*
Ed
 1e-07 1 1 0
1  1134 0 0 0.00287799999999905
0

0101000
+3787 0 -3785 0 *
Ve
1e-07
42.413494 -12.868258 0
0 0

0101101
*
Ed
 1e-07 1 1 0
1  1135 0 0 0.00287999999999933
0

0101000
+3785 0 -3783 0 *
Ve
1e-07
42.413494 -12.86538 0
0 0

0101101
*
Ed
 1e-07 1 1 0
1  1136 0 0 0.00287800000000082
0

0101000
+3783 0 -3781 0 *
Ve
1e-07
42.413494 -12.862501 0
0 0

0101101
*
Ed
 1e-07 1 1 0
1  1137 0 0 0.00287900000000008
0

0101000
+3781 0 -3779 0 *
Ve
1e-07
42.413494 -12.859623 0
0 0

0101101
*
Ed
 1e-07 1 1 0
1  1138 0 0 0.00287800000000082
0

0101000
+3779 0 -3777 0 *
Ve
1e-07
42.413494 -12.856744 0
0 0

0101101
*
Ed
 1e-07 1 1 0
1  1139 0 0 0.0028789999999983
0

0101000
+3777 0 -3775 0 *
Ve
1e-07
42.413494 -12.853866 0
0 0

0101101
*
Ed
 1e-07 1 1 0
1  1140 0 0 0.00287800000000082
0

0101000
+3775 0 -3773 0 *
Ve
1e-07
42.413494 -12.848107 0
0 0

0101101
*
Ed
 1e-07 1 1 0
1  1141 0 0 0.0057589999999994
0

0101000
+3773 0 -3771 0 *
Ve
1e-07
42.413494 -12.836593 0
0 0

0101101
*
Ed
 1e-07 1 1 0
1  1142 0 0 0.011514
0

0101000
+3771 0 -3769 0 *
Ed
 1e-07 1 1 0
1  1143 0 0 0.0230300000000003
0

0101000
+3769 0 -3818 0 *
Wi

0101100
+3816 0 +3814 0 +3812 0 +3810 0 +3808 0 +3806 0 +3804 0 +3802 0 +3800 0 +3798 0 
+3796 0 +3794 0 +3792 0 +3790 0 +3788 0 +3786 0 +3784 0 +3782 0 +3780 0 +3778 0 
+3776 0 +3774 0 +3772 0 +3770 0 +3768 0 +3767 0 *
Fa
0  1e-07 148 0

0111000
+3766 0 *
Ve
1e-07
42.80653 -19.023827 0
0 0

0101101
*
Ve
1e-07
42.904789 -20.55912 0
0 0

0101101
*
Ed
 1e-07 1 1 0
1  1144 0 0 1.53843408273803
0

0101000
+3764 0 -3763 0 *
Ve
1e-07
42.904789 -18.000298 0
0 0

0101101
*
Ed
 1e-07 1 1 0
1  1145 0 0 2.558822
0

0101000
+3763 0 -3761 0 *
Ve
1e-07
42.904789 -15.441475 0
0 0

0101101
*
Ed
 1e-07 1 1 0
1  1146 0 0 2.558823
0

0101000
+3761 0 -3759 0 *
Ve
1e-07
42.904789 -12.882652 0
0 0

0101101
*
Ed
 1e-07 1 1 0
1  1147 0 0 2.558823
0

0101000
+3759 0 -3757 0 *
Ve
1e-07
42.413494 -12.882652 0
0 0

0101101
*
Ed
 1e-07 1 1 0
1  1148 0 0 0.491295000000001
0

0101000
+3757 0 -3755 0 *
Ve
1e-07
42.511753 -14.417946 0
0 0

0101101
*
Ed
 1e-07 1 1 0
1  1149 0 0 1.53843508069629
0

0101000
+3755 0 -3753 0 *
Ve
1e-07
42.610012 -15.953239 0
0 0

0101101
*
Ed
 1e-07 1 1 0
1  1150 0 0 1.53843408273803
0

0101000
+3753 0 -3751 0 *
Ve
1e-07
42.708271 -17.488533 0
0 0

0101101
*
Ed
 1e-07 1 1 0
1  1151 0 0 1.53843508069629
0

0101000
+3751 0 -3749 0 *
Ed
 1e-07 1 1 0
1  1152 0 0 1.53843508069629
0

0101000
+3749 0 -3764 0 *
Wi

0101100
+3762 0 +3760 0 +3758 0 +3756 0 +3754 0 +3752 0 +3750 0 +3748 0 +3747 0 *
Fa
0  1e-07 149 0

0111000
+3746 0 *
Ve
1e-07
27.102194 -17.515596 0
0 0

0101101
*
Ve
1e-07
29.415022 -15.107006 0
0 0

0101101
*
Ed
 1e-07 1 1 0
1  1153 0 0 3.33923331704809
0

0101000
+3744 0 -3743 0 *
Ve
1e-07
31.72785 -12.698417 0
0 0

0101101
*
Ed
 1e-07 1 1 0
1  1154 0 0 3.33923259574786
0

0101000
+3743 0 -3741 0 *
Ve
1e-07
29.415022 -13.418183 0
0 0

0101101
*
Ed
 1e-07 1 1 0
1  1155 0 0 2.42223790168101
0

0101000
+3741 0 -3739 0 *
Ve
1e-07
27.102194 -14.13795 0
0 0

0101101
*
Ed
 1e-07 1 1 0
1  1156 0 0 2.42223819883037
0

0101000
+3739 0 -3737 0 *
Ve
1e-07
26.964018 -15.826773 0
0 0

0101101
*
Ed
 1e-07 1 1 0
1  1157 0 0 1.69446620866425
0

0101000
+3737 0 -3735 0 *
Ve
1e-07
26.82584 -17.515596 0
0 0

0101101
*
Ed
 1e-07 1 1 0
1  1158 0 0 1.69446637175631
0

0101000
+3735 0 -3733 0 *
Ed
 1e-07 1 1 0
1  1159 0 0 0.276354000000001
0

0101000
+3733 0 -3744 0 *
Wi

0101100
+3742 0 +3740 0 +3738 0 +3736 0 +3734 0 +3732 0 +3731 0 *
Fa
0  1e-07 150 0

0111000
+3730 0 *
Ve
1e-07
29.415022 -19.221594 0
0 0

0101101
*
Ve
1e-07
31.72785 -20.927591 0
0 0

0101101
*
Ed
 1e-07 1 1 0
1  1160 0 0 2.87395183007527
0

0101000
+3728 0 -3727 0 *
Ve
1e-07
31.72785 -12.698417 0
0 0

0101101
*
Ed
 1e-07 1 1 0
1  1161 0 0 8.229174
0

0101000
+3727 0 -3725 0 *
Ve
1e-07
29.415022 -15.107006 0
0 0

0101101
*
Ed
 1e-07 1 1 0
1  1162 0 0 3.33923259574786
0

0101000
+3725 0 -3723 0 *
Ve
1e-07
27.102194 -17.515596 0
0 0

0101101
*
Ed
 1e-07 1 1 0
1  1163 0 0 3.33923331704809
0

0101000
+3723 0 -3721 0 *
Ed
 1e-07 1 1 0
1  1164 0 0 2.87395242368206
0

0101000
+3721 0 -3728 0 *
Wi

0101100
+3726 0 +3724 0 +3722 0 +3720 0 +3719 0 *
Fa
0  1e-07 151 0

0111000
+3718 0 *
Ve
1e-07
26.82584 -14.13795 0
0 0

0101101
*
Ve
1e-07
26.82584 -15.826773 0
0 0

0101101
*
Ed
 1e-07 1 1 0
1  1165 0 0 1.688823
0

0101000
+3716 0 -3715 0 *
Ve
1e-07
26.82584 -17.515596 0
0 0

0101101
*
Ed
 1e-07 1 1 0
1  1166 0 0 1.688823
0

0101000
+3715 0 -3713 0 *
Ve
1e-07
26.964018 -15.826773 0
0 0

0101101
*
Ed
 1e-07 1 1 0
1  1167 0 0 1.69446637175631
0

0101000
+3713 0 -3711 0 *
Ve
1e-07
27.102194 -14.13795 0
0 0

0101101
*
Ed
 1e-07 1 1 0
1  1168 0 0 1.69446620866425
0

0101000
+3711 0 -3709 0 *
Ed
 1e-07 1 1 0
1  1169 0 0 0.276354000000001
0

0101000
+3709 0 -3716 0 *
Wi

0101100
+3714 0 +3712 0 +3710 0 +3708 0 +3707 0 *
Fa
0  1e-07 152 0

0111000
+3706 0 *
Ve
1e-07
40.448318 -15.441475 0
0 0

0101101
*
Ve
1e-07
39.220081 -12.882652 0
0 0

0101101
*
Ed
 1e-07 1 1 0
1  1170 0 0 2.83833424273781
0

0101000
+3704 0 -3703 0 *
Ve
1e-07
32.157734 -12.882652 0
0 0

0101101
*
Ed
 1e-07 1 1 0
1  1171 0 0 7.062347
0

0101000
+3703 0 -3701 0 *
Ve
1e-07
32.157734 -16.720886 0
0 0

0101101
*
Ed
 1e-07 1 1 0
1  1172 0 0 3.838234
0

0101000
+3701 0 -3699 0 *
Ve
1e-07
32.157734 -20.55912 0
0 0

0101101
*
Ed
 1e-07 1 1 0
1  1173 0 0 3.838234
0

0101000
+3699 0 -3697 0 *
Ve
1e-07
42.904789 -20.55912 0
0 0

0101101
*
Ed
 1e-07 1 1 0
1  1174 0 0 10.747055
0

0101000
+3697 0 -3695 0 *
Ve
1e-07
41.676552 -18.000298 0
0 0

0101101
*
Ed
 1e-07 1 1 0
1  1175 0 0 2.83833334121505
0

0101000
+3695 0 -3693 0 *
Ed
 1e-07 1 1 0
1  1176 0 0 2.83833294454421
0

0101000
+3693 0 -3704 0 *
Wi

0101100
+3702 0 +3700 0 +3698 0 +3696 0 +3694 0 +3692 0 +3691 0 *
Fa
0  1e-07 153 0

0111000
+3690 0 *
Ve
1e-07
23.870543 -1.991798 0
0 0

0101101
*
Ve
1e-07
23.870543 -2.94368 0
0 0

0101101
*
Ed
 1e-07 1 1 0
1  1177 0 0 0.951882
0

0101000
+3688 0 -3687 0 *
Ve
1e-07
25.486368 -7.957403 0
0 0

0101101
*
Ed
 1e-07 1 1 0
1  1178 0 0 5.26766634776293
0

0101000
+3687 0 -3685 0 *
Ve
1e-07
27.102194 -12.971127 0
0 0

0101101
*
Ed
 1e-07 1 1 0
1  1179 0 0 5.26766760629901
0

0101000
+3685 0 -3683 0 *
Ve
1e-07
28.68502 -9.113636 0
0 0

0101101
*
Ed
 1e-07 1 1 0
1  1180 0 0 4.16960129525078
0

0101000
+3683 0 -3681 0 *
Ve
1e-07
30.267847 -5.256146 0
0 0

0101101
*
Ed
 1e-07 1 1 0
1  1181 0 0 4.16960074971561
0

0101000
+3681 0 -3679 0 *
Ve
1e-07
31.850674 -1.398656 0
0 0

0101101
*
Ed
 1e-07 1 1 0
1  1182 0 0 4.16960074971561
0

0101000
+3679 0 -3677 0 *
Ve
1e-07
27.860607 -1.219286 0
0 0

0101101
*
Ed
 1e-07 1 1 0
1  1183 0 0 3.99409667652011
0

0101000
+3677 0 -3675 0 *
Ve
1e-07
23.870543 -1.039916 0
0 0

0101101
*
Ed
 1e-07 1 1 0
1  1184 0 0 3.99409367954684
0

0101000
+3675 0 -3673 0 *
Ed
 1e-07 1 1 0
1  1185 0 0 0.951882
0

0101000
+3673 0 -3688 0 *
Wi

0101100
+3686 0 +3684 0 +3682 0 +3680 0 +3678 0 +3676 0 +3674 0 +3672 0 +3671 0 *
Fa
0  1e-07 154 0

0111000
+3670 0 *
Ve
1e-07
43.150433 -12.882652 0
0 0

0101101
*
Ve
1e-07
43.150433 -20.55912 0
0 0

0101101
*
Ed
 1e-07 1 1 0
1  1186 0 0 7.676468
0

0101000
+3668 0 -3667 0 *
Ve
1e-07
46.712315 -16.720886 0
0 0

0101101
*
Ed
 1e-07 1 1 0
1  1187 0 0 5.23631966372184
0

0101000
+3667 0 -3665 0 *
Ve
1e-07
50.274197 -12.882652 0
0 0

0101101
*
Ed
 1e-07 1 1 0
1  1188 0 0 5.23631966372184
0

0101000
+3665 0 -3663 0 *
Ed
 1e-07 1 1 0
1  1189 0 0 7.123764
0

0101000
+3663 0 -3668 0 *
Wi

0101100
+3666 0 +3664 0 +3662 0 +3661 0 *
Fa
0  1e-07 155 0

0111000
+3660 0 *
Ve
1e-07
23.379248 -0.302975 0
0 0

0101101
*
Ve
1e-07
23.379248 -1.039916 0
0 0

0101101
*
Ed
 1e-07 1 1 0
1  1190 0 0 0.736941
0

0101000
+3658 0 -3657 0 *
Ve
1e-07
23.870543 -1.039916 0
0 0

0101101
*
Ed
 1e-07 1 1 0
1  1191 0 0 0.491295000000001
0

0101000
+3657 0 -3655 0 *
Ve
1e-07
23.870543 -0.302975 0
0 0

0101101
*
Ed
 1e-07 1 1 0
1  1192 0 0 0.736941
0

0101000
+3655 0 -3653 0 *
Ve
1e-07
23.870543 0.433966 0
0 0

0101101
*
Ed
 1e-07 1 1 0
1  1193 0 0 0.736941
0

0101000
+3653 0 -3651 0 *
Ve
1e-07
23.379248 0.433966 0
0 0

0101101
*
Ed
 1e-07 1 1 0
1  1194 0 0 0.491295000000001
0

0101000
+3651 0 -3649 0 *
Ed
 1e-07 1 1 0
1  1195 0 0 0.736941
0

0101000
+3649 0 -3658 0 *
Wi

0101100
+3656 0 +3654 0 +3652 0 +3650 0 +3648 0 +3647 0 *
Fa
0  1e-07 156 0

0111000
+3646 0 *
Ve
1e-07
23.379248 1.907848 0
0 0

0101101
*
Ve
1e-07
19.817366 1.907848 0
0 0

0101101
*
Ed
 1e-07 1 1 0
1  1196 0 0 3.561882
0

0101000
+3644 0 -3643 0 *
Ve
1e-07
19.817366 -2.452386 0
0 0

0101101
*
Ed
 1e-07 1 1 0
1  1197 0 0 4.360234
0

0101000
+3643 0 -3641 0 *
Ve
1e-07
21.598307 -1.00921 0
0 0

0101101
*
Ed
 1e-07 1 1 0
1  1198 0 0 2.2922713217368
0

0101000
+3641 0 -3639 0 *
Ve
1e-07
23.379248 0.433966 0
0 0

0101101
*
Ed
 1e-07 1 1 0
1  1199 0 0 2.29227132173681
0

0101000
+3639 0 -3637 0 *
Ed
 1e-07 1 1 0
1  1200 0 0 1.473882
0

0101000
+3637 0 -3644 0 *
Wi

0101100
+3642 0 +3640 0 +3638 0 +3636 0 +3635 0 *
Fa
0  1e-07 157 0

0111000
+3634 0 *
Ve
1e-07
27.860607 1.360008 0
0 0

0101101
*
Ve
1e-07
23.870543 4.118671 0
0 0

0101101
*
Ed
 1e-07 1 1 0
1  1201 0 0 4.85085892102265
0

0101000
+3632 0 -3631 0 *
Ve
1e-07
23.870543 2.276319 0
0 0

0101101
*
Ed
 1e-07 1 1 0
1  1202 0 0 1.842352
0

0101000
+3631 0 -3629 0 *
Ve
1e-07
23.870543 -0.302975 0
0 0

0101101
*
Ed
 1e-07 1 1 0
1  1203 0 0 2.579294
0

0101000
+3629 0 -3627 0 *
Ve
1e-07
23.870543 -1.039916 0
0 0

0101101
*
Ed
 1e-07 1 1 0
1  1204 0 0 0.736941
0

0101000
+3627 0 -3625 0 *
Ve
1e-07
27.860607 -1.219286 0
0 0

0101101
*
Ed
 1e-07 1 1 0
1  1205 0 0 3.99409367954684
0

0101000
+3625 0 -3623 0 *
Ve
1e-07
31.850674 -1.398656 0
0 0

0101101
*
Ed
 1e-07 1 1 0
1  1206 0 0 3.99409667652011
0

0101000
+3623 0 -3621 0 *
Ed
 1e-07 1 1 0
1  1207 0 0 4.85086195736232
0

0101000
+3621 0 -3632 0 *
Wi

0101100
+3630 0 +3628 0 +3626 0 +3624 0 +3622 0 +3620 0 +3619 0 *
Fa
0  1e-07 158 0

0111000
+3618 0 *
Ve
1e-07
19.817366 6.990504 0
0 0

0101101
*
Ve
1e-07
19.817366 2.706201 0
0 0

0101101
*
Ed
 1e-07 1 1 0
1  1208 0 0 4.284303
0

0101000
+3616 0 -3615 0 *
Ve
1e-07
21.598307 2.706201 0
0 0

0101101
*
Ed
 1e-07 1 1 0
1  1209 0 0 1.780941
0

0101000
+3615 0 -3613 0 *
Ve
1e-07
23.379248 2.706201 0
0 0

0101101
*
Ed
 1e-07 1 1 0
1  1210 0 0 1.780941
0

0101000
+3613 0 -3611 0 *
Ve
1e-07
23.379248 4.118671 0
0 0

0101101
*
Ed
 1e-07 1 1 0
1  1211 0 0 1.41247
0

0101000
+3611 0 -3609 0 *
Ve
1e-07
21.598307 5.554588 0
0 0

0101101
*
Ed
 1e-07 1 1 0
1  1212 0 0 2.28770812744327
0

0101000
+3609 0 -3607 0 *
Ed
 1e-07 1 1 0
1  1213 0 0 2.28770749977723
0

0101000
+3607 0 -3616 0 *
Wi

0101100
+3614 0 +3612 0 +3610 0 +3608 0 +3606 0 +3605 0 *
Fa
0  1e-07 159 0

0111000
+3604 0 *
Ve
1e-07
26.82584 -14.13795 0
0 0

0101101
*
Ve
1e-07
26.82584 -13.554538 0
0 0

0101101
*
Ed
 1e-07 1 1 0
1  1214 0 0 0.583411999999999
0

0101000
+3602 0 -3601 0 *
Ve
1e-07
26.82584 -13.339597 0
0 0

0101101
*
Ed
 1e-07 1 1 0
1  1215 0 0 0.214941000000001
0

0101000
+3601 0 -3599 0 *
Ve
1e-07
20.976372 -13.339597 0
0 0

0101101
*
Ed
 1e-07 1 1 0
1  1216 0 0 5.849468
0

0101000
+3599 0 -3597 0 *
Ve
1e-07
23.901106 -13.738773 0
0 0

0101101
*
Ed
 1e-07 1 1 0
1  1217 0 0 2.95184864952998
0

0101000
+3597 0 -3595 0 *
Ed
 1e-07 1 1 0
1  1218 0 0 2.95184878475931
0

0101000
+3595 0 -3602 0 *
Wi

0101100
+3600 0 +3598 0 +3596 0 +3594 0 +3593 0 *
Fa
0  1e-07 160 0

0111000
+3592 0 *
Ve
1e-07
19.448896 -2.94368 0
0 0

0101101
*
Ve
1e-07
23.275545 -7.957403 0
0 0

0101101
*
Ed
 1e-07 1 1 0
1  1219 0 0 6.30719120448477
0

0101000
+3590 0 -3589 0 *
Ve
1e-07
27.102194 -12.971127 0
0 0

0101101
*
Ed
 1e-07 1 1 0
1  1220 0 0 6.30719199940647
0

0101000
+3589 0 -3587 0 *
Ve
1e-07
25.486368 -7.957403 0
0 0

0101101
*
Ed
 1e-07 1 1 0
1  1221 0 0 5.26766760629901
0

0101000
+3587 0 -3585 0 *
Ve
1e-07
23.870543 -2.94368 0
0 0

0101101
*
Ed
 1e-07 1 1 0
1  1222 0 0 5.26766634776293
0

0101000
+3585 0 -3583 0 *
Ed
 1e-07 1 1 0
1  1223 0 0 4.421647
0

0101000
+3583 0 -3590 0 *
Wi

0101100
+3588 0 +3586 0 +3584 0 +3582 0 +3581 0 *
Fa
0  1e-07 161 0

0111000
+3580 0 *
Ve
1e-07
-6.367207 -12.971127 0
0 0

0101101
*
Ve
1e-07
27.102194 -12.971127 0
0 0

0101101
*
Ed
 1e-07 1 1 0
1  1224 0 0 33.469401
0

0101000
+3578 0 -3577 0 *
Ve
1e-07
23.275545 -7.957403 0
0 0

0101101
*
Ed
 1e-07 1 1 0
1  1225 0 0 6.30719199940647
0

0101000
+3577 0 -3575 0 *
Ve
1e-07
19.448896 -2.94368 0
0 0

0101101
*
Ed
 1e-07 1 1 0
1  1226 0 0 6.30719120448477
0

0101000
+3575 0 -3573 0 *
Ve
1e-07
12.202311 -2.360268 0
0 0

0101101
*
Ed
 1e-07 1 1 0
1  1227 0 0 7.27003189291278
0

0101000
+3573 0 -3571 0 *
Ve
1e-07
4.955724 -1.776857 0
0 0

0101101
*
Ed
 1e-07 1 1 0
1  1228 0 0 7.2700338062137
0

0101000
+3571 0 -3569 0 *
Ve
1e-07
-0.705741 -7.373991 0
0 0

0101101
*
Ed
 1e-07 1 1 0
1  1229 0 0 7.96116165896542
0

0101000
+3569 0 -3567 0 *
Ed
 1e-07 1 1 0
1  1230 0 0 7.96116377621086
0

0101000
+3567 0 -3578 0 *
Wi

0101100
+3576 0 +3574 0 +3572 0 +3570 0 +3568 0 +3566 0 +3565 0 *
Fa
0  1e-07 162 0

0111000
+3564 0 *
Ve
1e-07
19.448896 -1.776857 0
0 0

0101101
*
Ve
1e-07
4.955724 -1.776857 0
0 0

0101101
*
Ed
 1e-07 1 1 0
1  1231 0 0 14.493172
0

0101000
+3562 0 -3561 0 *
Ve
1e-07
12.202311 -2.360268 0
0 0

0101101
*
Ed
 1e-07 1 1 0
1  1232 0 0 7.2700338062137
0

0101000
+3561 0 -3559 0 *
Ve
1e-07
19.448896 -2.94368 0
0 0

0101101
*
Ed
 1e-07 1 1 0
1  1233 0 0 7.27003189291278
0

0101000
+3559 0 -3557 0 *
Ed
 1e-07 1 1 0
1  1234 0 0 1.166823
0

0101000
+3557 0 -3562 0 *
Wi

0101100
+3560 0 +3558 0 +3556 0 +3555 0 *
Fa
0  1e-07 163 0

0111000
+3554 0 *
Ve
1e-07
21.598307 -1.00921 0
0 0

0101101
*
Ve
1e-07
19.817366 -2.452386 0
0 0

0101101
*
Ed
 1e-07 1 1 0
1  1235 0 0 2.2922713217368
0

0101000
+3552 0 -3551 0 *
Ve
1e-07
23.379248 -2.452386 0
0 0

0101101
*
Ed
 1e-07 1 1 0
1  1236 0 0 3.561882
0

0101000
+3551 0 -3549 0 *
Ve
1e-07
23.379248 -0.302975 0
0 0

0101101
*
Ed
 1e-07 1 1 0
1  1237 0 0 2.149411
0

0101000
+3549 0 -3547 0 *
Ve
1e-07
23.379248 0.433966 0
0 0

0101101
*
Ed
 1e-07 1 1 0
1  1238 0 0 0.736941
0

0101000
+3547 0 -3545 0 *
Ed
 1e-07 1 1 0
1  1239 0 0 2.29227132173681
0

0101000
+3545 0 -3552 0 *
Wi

0101100
+3550 0 +3548 0 +3546 0 +3544 0 +3543 0 *
Fa
0  1e-07 164 0

0111000
+3542 0 *
Ve
1e-07
23.901106 -24.455122 0
0 0

0101101
*
Ve
1e-07
26.82584 -17.515596 0
0 0

0101101
*
Ed
 1e-07 1 1 0
1  1240 0 0 7.53067660143709
0

0101000
+3540 0 -3539 0 *
Ve
1e-07
26.82584 -15.826773 0
0 0

0101101
*
Ed
 1e-07 1 1 0
1  1241 0 0 1.688823
0

0101000
+3539 0 -3537 0 *
Ve
1e-07
26.82584 -14.13795 0
0 0

0101101
*
Ed
 1e-07 1 1 0
1  1242 0 0 1.688823
0

0101000
+3537 0 -3535 0 *
Ve
1e-07
23.901106 -13.738773 0
0 0

0101101
*
Ed
 1e-07 1 1 0
1  1243 0 0 2.95184878475931
0

0101000
+3535 0 -3533 0 *
Ve
1e-07
20.976372 -13.339597 0
0 0

0101101
*
Ed
 1e-07 1 1 0
1  1244 0 0 2.95184864952998
0

0101000
+3533 0 -3531 0 *
Ve
1e-07
20.976372 -22.367123 0
0 0

0101101
*
Ed
 1e-07 1 1 0
1  1245 0 0 9.027526
0

0101000
+3531 0 -3529 0 *
Ve
1e-07
20.976372 -31.39465 0
0 0

0101101
*
Ed
 1e-07 1 1 0
1  1246 0 0 9.027527
0

0101000
+3529 0 -3527 0 *
Ed
 1e-07 1 1 0
1  1247 0 0 7.53067844443912
0

0101000
+3527 0 -3540 0 *
Wi

0101100
+3538 0 +3536 0 +3534 0 +3532 0 +3530 0 +3528 0 +3526 0 +3525 0 *
Fa
0  1e-07 165 0

0111000
+3524 0 *
Ve
1e-07
39.035847 -24.612295 0
0 0

0101101
*
Ve
1e-07
40.57114 -24.612295 0
0 0

0101101
*
Ed
 1e-07 1 1 0
1  1248 0 0 1.535293
0

0101000
+3522 0 -3521 0 *
Ve
1e-07
43.211845 -24.612295 0
0 0

0101101
*
Ed
 1e-07 1 1 0
1  1249 0 0 2.640705
0

0101000
+3521 0 -3519 0 *
Ve
1e-07
44.317257 -24.612295 0
0 0

0101101
*
Ed
 1e-07 1 1 0
1  1250 0 0 1.105412
0

0101000
+3519 0 -3517 0 *
Ve
1e-07
45.422668 -24.612295 0
0 0

0101101
*
Ed
 1e-07 1 1 0
1  1251 0 0 1.105411
0

0101000
+3517 0 -3515 0 *
Ve
1e-07
40.857731 -23.38406 0
0 0

0101101
*
Ed
 1e-07 1 1 0
1  1252 0 0 4.72728368401919
0

0101000
+3515 0 -3513 0 *
Ve
1e-07
36.292789 -22.155825 0
0 0

0101101
*
Ed
 1e-07 1 1 0
1  1253 0 0 4.72728851230693
0

0101000
+3513 0 -3511 0 *
Ve
1e-07
31.72785 -20.927591 0
0 0

0101101
*
Ed
 1e-07 1 1 0
1  1254 0 0 4.7272853555161
0

0101000
+3511 0 -3509 0 *
Ve
1e-07
35.381847 -22.769943 0
0 0

0101101
*
Ed
 1e-07 1 1 0
1  1255 0 0 4.09218217677476
0

0101000
+3509 0 -3507 0 *
Ed
 1e-07 1 1 0
1  1256 0 0 4.09218485553915
0

0101000
+3507 0 -3522 0 *
Wi

0101100
+3520 0 +3518 0 +3516 0 +3514 0 +3512 0 +3510 0 +3508 0 +3506 0 +3505 0 *
Fa
0  1e-07 166 0

0111000
+3504 0 *
Ve
1e-07
39.895611 -27.222294 0
0 0

0101101
*
Ve
1e-07
39.895611 -29.586647 0
0 0

0101101
*
Ed
 1e-07 1 1 0
1  1257 0 0 2.364353
0

0101000
+3502 0 -3501 0 *
Ve
1e-07
46.036785 -29.586647 0
0 0

0101101
*
Ed
 1e-07 1 1 0
1  1258 0 0 6.141174
0

0101000
+3501 0 -3499 0 *
Ve
1e-07
44.194435 -27.222294 0
0 0

0101101
*
Ed
 1e-07 1 1 0
1  1259 0 0 2.99740198023372
0

0101000
+3499 0 -3497 0 *
Ve
1e-07
42.352081 -24.857943 0
0 0

0101101
*
Ed
 1e-07 1 1 0
1  1260 0 0 2.99740286123121
0

0101000
+3497 0 -3495 0 *
Ve
1e-07
39.895611 -24.857943 0
0 0

0101101
*
Ed
 1e-07 1 1 0
1  1261 0 0 2.45647
0

0101000
+3495 0 -3493 0 *
Ed
 1e-07 1 1 0
1  1262 0 0 2.364351
0

0101000
+3493 0 -3502 0 *
Wi

0101100
+3500 0 +3498 0 +3496 0 +3494 0 +3492 0 +3491 0 *
Fa
0  1e-07 167 0

0111000
+3490 0 *
Ve
1e-07
39.035847 -24.612295 0
0 0

0101101
*
Ve
1e-07
38.283554 -24.612295 0
0 0

0101101
*
Ed
 1e-07 1 1 0
1  1263 0 0 0.752292999999995
0

0101000
+3488 0 -3487 0 *
Ve
1e-07
37.531261 -24.612295 0
0 0

0101101
*
Ed
 1e-07 1 1 0
1  1264 0 0 0.752293000000002
0

0101000
+3487 0 -3485 0 *
Ve
1e-07
36.778965 -24.612295 0
0 0

0101101
*
Ed
 1e-07 1 1 0
1  1265 0 0 0.752296000000001
0

0101000
+3485 0 -3483 0 *
Ve
1e-07
36.026672 -24.612295 0
0 0

0101101
*
Ed
 1e-07 1 1 0
1  1266 0 0 0.752293000000002
0

0101000
+3483 0 -3481 0 *
Ve
1e-07
36.026672 -24.857943 0
0 0

0101101
*
Ed
 1e-07 1 1 0
1  1267 0 0 0.245647999999999
0

0101000
+3481 0 -3479 0 *
Ve
1e-07
36.778965 -24.857943 0
0 0

0101101
*
Ed
 1e-07 1 1 0
1  1268 0 0 0.752293000000002
0

0101000
+3479 0 -3477 0 *
Ve
1e-07
37.531261 -24.857943 0
0 0

0101101
*
Ed
 1e-07 1 1 0
1  1269 0 0 0.752296000000001
0

0101000
+3477 0 -3475 0 *
Ve
1e-07
38.283554 -24.857943 0
0 0

0101101
*
Ed
 1e-07 1 1 0
1  1270 0 0 0.752293000000002
0

0101000
+3475 0 -3473 0 *
Ve
1e-07
39.035847 -24.857943 0
0 0

0101101
*
Ed
 1e-07 1 1 0
1  1271 0 0 0.752292999999995
0

0101000
+3473 0 -3471 0 *
Ed
 1e-07 1 1 0
1  1272 0 0 0.245647999999999
0

0101000
+3471 0 -3488 0 *
Wi

0101100
+3486 0 +3484 0 +3482 0 +3480 0 +3478 0 +3476 0 +3474 0 +3472 0 +3470 0 +3469 0 
*
Fa
0  1e-07 168 0

0111000
+3468 0 *
Ve
1e-07
39.649963 -28.082058 0
0 0

0101101
*
Ve
1e-07
39.649963 -27.007353 0
0 0

0101101
*
Ed
 1e-07 1 1 0
1  1273 0 0 1.074705
0

0101000
+3466 0 -3465 0 *
Ve
1e-07
39.649963 -24.857943 0
0 0

0101101
*
Ed
 1e-07 1 1 0
1  1274 0 0 2.14941
0

0101000
+3465 0 -3463 0 *
Ve
1e-07
38.283554 -24.857943 0
0 0

0101101
*
Ed
 1e-07 1 1 0
1  1275 0 0 1.366409
0

0101000
+3463 0 -3461 0 *
Ve
1e-07
37.531261 -24.857943 0
0 0

0101101
*
Ed
 1e-07 1 1 0
1  1276 0 0 0.752293000000002
0

0101000
+3461 0 -3459 0 *
Ve
1e-07
36.778965 -24.857943 0
0 0

0101101
*
Ed
 1e-07 1 1 0
1  1277 0 0 0.752296000000001
0

0101000
+3459 0 -3457 0 *
Ve
1e-07
36.026672 -24.857943 0
0 0

0101101
*
Ed
 1e-07 1 1 0
1  1278 0 0 0.752293000000002
0

0101000
+3457 0 -3455 0 *
Ve
1e-07
37.838318 -27.007353 0
0 0

0101101
*
Ed
 1e-07 1 1 0
1  1279 0 0 2.81105399759877
0

0101000
+3455 0 -3453 0 *
Ve
1e-07
39.649963 -29.156765 0
0 0

0101101
*
Ed
 1e-07 1 1 0
1  1280 0 0 2.81105488238295
0

0101000
+3453 0 -3451 0 *
Ed
 1e-07 1 1 0
1  1281 0 0 1.074707
0

0101000
+3451 0 -3466 0 *
Wi

0101100
+3464 0 +3462 0 +3460 0 +3458 0 +3456 0 +3454 0 +3452 0 +3450 0 +3449 0 *
Fa
0  1e-07 169 0

0111000
+3448 0 *
Ve
1e-07
43.343117 -40.686821 0
0 0

0101101
*
Ve
1e-07
40.118999 -40.640759 0
0 0

0101101
*
Ed
 1e-07 1 1 0
1  1282 0 0 3.22444702015213
0

0101000
+3446 0 -3445 0 *
Ve
1e-07
43.435234 -42.233765 0
0 0

0101101
*
Ed
 1e-07 1 1 0
1  1283 0 0 3.67900566610884
0

0101000
+3445 0 -3443 0 *
Ve
1e-07
45.216175 -42.233765 0
0 0

0101101
*
Ed
 1e-07 1 1 0
1  1284 0 0 1.780941
0

0101000
+3443 0 -3441 0 *
Ve
1e-07
46.567234 -40.73288 0
0 0

0101101
*
Ed
 1e-07 1 1 0
1  1285 0 0 2.01940986545723
0

0101000
+3441 0 -3439 0 *
Ed
 1e-07 1 1 0
1  1286 0 0 3.22444597739984
0

0101000
+3439 0 -3446 0 *
Wi

0101100
+3444 0 +3442 0 +3440 0 +3438 0 +3437 0 *
Fa
0  1e-07 170 0

0111000
+3436 0 *
Ve
1e-07
41.777119 -48.221409 0
0 0

0101101
*
Ve
1e-07
43.435234 -45.672821 0
0 0

0101101
*
Ed
 1e-07 1 1 0
1  1287 0 0 3.04050096973657
0

0101000
+3434 0 -3433 0 *
Ve
1e-07
43.435234 -42.233765 0
0 0

0101101
*
Ed
 1e-07 1 1 0
1  1288 0 0 3.439056
0

0101000
+3433 0 -3431 0 *
Ve
1e-07
40.118999 -40.640759 0
0 0

0101101
*
Ed
 1e-07 1 1 0
1  1289 0 0 3.67900566610884
0

0101000
+3431 0 -3429 0 *
Ve
1e-07
40.118999 -50.769997 0
0 0

0101101
*
Ed
 1e-07 1 1 0
1  1290 0 0 10.129238
0

0101000
+3429 0 -3427 0 *
Ed
 1e-07 1 1 0
1  1291 0 0 3.04050369645294
0

0101000
+3427 0 -3434 0 *
Wi

0101100
+3432 0 +3430 0 +3428 0 +3426 0 +3425 0 *
Fa
0  1e-07 171 0

0111000
+3424 0 *
Ve
1e-07
33.877262 -27.222294 0
0 0

0101101
*
Ve
1e-07
31.72785 -29.586647 0
0 0

0101101
*
Ed
 1e-07 1 1 0
1  1292 0 0 3.19533050784312
0

0101000
+3422 0 -3421 0 *
Ve
1e-07
39.649963 -29.586647 0
0 0

0101101
*
Ed
 1e-07 1 1 0
1  1293 0 0 7.922113
0

0101000
+3421 0 -3419 0 *
Ve
1e-07
39.649963 -29.156765 0
0 0

0101101
*
Ed
 1e-07 1 1 0
1  1294 0 0 0.429881999999999
0

0101000
+3419 0 -3417 0 *
Ve
1e-07
37.838318 -27.007353 0
0 0

0101101
*
Ed
 1e-07 1 1 0
1  1295 0 0 2.81105488238295
0

0101000
+3417 0 -3415 0 *
Ve
1e-07
36.026672 -24.857943 0
0 0

0101101
*
Ed
 1e-07 1 1 0
1  1296 0 0 2.81105399759877
0

0101000
+3415 0 -3413 0 *
Ed
 1e-07 1 1 0
1  1297 0 0 3.19532768261739
0

0101000
+3413 0 -3422 0 *
Wi

0101100
+3420 0 +3418 0 +3416 0 +3414 0 +3412 0 +3411 0 *
Fa
0  1e-07 172 0

0111000
+3410 0 *
Ve
1e-07
37.288429 -37.109585 0
0 0

0101101
*
Ve
1e-07
32.649025 -35.297939 0
0 0

0101101
*
Ed
 1e-07 1 1 0
1  1298 0 0 4.98057533870656
0

0101000
+3408 0 -3407 0 *
Ve
1e-07
36.384014 -37.969349 0
0 0

0101101
*
Ed
 1e-07 1 1 0
1  1299 0 0 4.59201200109723
0

0101000
+3407 0 -3405 0 *
Ve
1e-07
40.118999 -40.640759 0
0 0

0101101
*
Ed
 1e-07 1 1 0
1  1300 0 0 4.59200874763159
0

0101000
+3405 0 -3403 0 *
Ve
1e-07
43.343117 -40.686821 0
0 0

0101101
*
Ed
 1e-07 1 1 0
1  1301 0 0 3.22444702015213
0

0101000
+3403 0 -3401 0 *
Ve
1e-07
46.567234 -40.73288 0
0 0

0101101
*
Ed
 1e-07 1 1 0
1  1302 0 0 3.22444597739984
0

0101000
+3401 0 -3399 0 *
Ve
1e-07
41.92783 -38.92123 0
0 0

0101101
*
Ed
 1e-07 1 1 0
1  1303 0 0 4.98057679367721
0

0101000
+3399 0 -3397 0 *
Ed
 1e-07 1 1 0
1  1304 0 0 4.98057218046541
0

0101000
+3397 0 -3408 0 *
Wi

0101100
+3406 0 +3404 0 +3402 0 +3400 0 +3398 0 +3396 0 +3395 0 *
Fa
0  1e-07 173 0

0111000
+3394 0 *
Ve
1e-07
37.531261 -24.612295 0
0 0

0101101
*
Ve
1e-07
38.283554 -24.612295 0
0 0

0101101
*
Ed
 1e-07 1 1 0
1  1305 0 0 0.752293000000002
0

0101000
+3392 0 -3391 0 *
Ve
1e-07
39.035847 -24.612295 0
0 0

0101101
*
Ed
 1e-07 1 1 0
1  1306 0 0 0.752292999999995
0

0101000
+3391 0 -3389 0 *
Ve
1e-07
35.381847 -22.769943 0
0 0

0101101
*
Ed
 1e-07 1 1 0
1  1307 0 0 4.09218485553915
0

0101000
+3389 0 -3387 0 *
Ve
1e-07
31.72785 -20.927591 0
0 0

0101101
*
Ed
 1e-07 1 1 0
1  1308 0 0 4.09218217677476
0

0101000
+3387 0 -3385 0 *
Ve
1e-07
31.420792 -24.612295 0
0 0

0101101
*
Ed
 1e-07 1 1 0
1  1309 0 0 3.69747592054093
0

0101000
+3385 0 -3383 0 *
Ve
1e-07
36.778965 -24.612295 0
0 0

0101101
*
Ed
 1e-07 1 1 0
1  1310 0 0 5.358173
0

0101000
+3383 0 -3381 0 *
Ed
 1e-07 1 1 0
1  1311 0 0 0.752296000000001
0

0101000
+3381 0 -3392 0 *
Wi

0101100
+3390 0 +3388 0 +3386 0 +3384 0 +3382 0 +3380 0 +3379 0 *
Fa
0  1e-07 174 0

0111000
+3378 0 *
Ve
1e-07
31.72785 -24.857943 0
0 0

0101101
*
Ve
1e-07
31.72785 -29.586647 0
0 0

0101101
*
Ed
 1e-07 1 1 0
1  1312 0 0 4.728704
0

0101000
+3376 0 -3375 0 *
Ve
1e-07
33.877262 -27.222294 0
0 0

0101101
*
Ed
 1e-07 1 1 0
1  1313 0 0 3.19533050784312
0

0101000
+3375 0 -3373 0 *
Ve
1e-07
36.026672 -24.857943 0
0 0

0101101
*
Ed
 1e-07 1 1 0
1  1314 0 0 3.19532768261739
0

0101000
+3373 0 -3371 0 *
Ed
 1e-07 1 1 0
1  1315 0 0 4.298822
0

0101000
+3371 0 -3376 0 *
Wi

0101100
+3374 0 +3372 0 +3370 0 +3369 0 *
Fa
0  1e-07 175 0

0111000
+3368 0 *
Ve
1e-07
29.415022 -19.221594 0
0 0

0101101
*
Ve
1e-07
27.102194 -17.515596 0
0 0

0101101
*
Ed
 1e-07 1 1 0
1  1316 0 0 2.87395242368206
0

0101000
+3366 0 -3365 0 *
Ve
1e-07
27.102194 -25.007828 0
0 0

0101101
*
Ed
 1e-07 1 1 0
1  1317 0 0 7.492232
0

0101000
+3365 0 -3363 0 *
Ve
1e-07
27.102194 -32.500061 0
0 0

0101101
*
Ed
 1e-07 1 1 0
1  1318 0 0 7.492233
0

0101000
+3363 0 -3361 0 *
Ve
1e-07
29.261492 -28.556177 0
0 0

0101101
*
Ed
 1e-07 1 1 0
1  1319 0 0 4.49630835889399
0

0101000
+3361 0 -3359 0 *
Ve
1e-07
31.420792 -24.612295 0
0 0

0101101
*
Ed
 1e-07 1 1 0
1  1320 0 0 4.49630756509428
0

0101000
+3359 0 -3357 0 *
Ve
1e-07
31.72785 -20.927591 0
0 0

0101101
*
Ed
 1e-07 1 1 0
1  1321 0 0 3.69747592054093
0

0101000
+3357 0 -3355 0 *
Ed
 1e-07 1 1 0
1  1322 0 0 2.87395183007527
0

0101000
+3355 0 -3366 0 *
Wi

0101100
+3364 0 +3362 0 +3360 0 +3358 0 +3356 0 +3354 0 +3353 0 *
Fa
0  1e-07 176 0

0111000
+3352 0 *
Ve
1e-07
23.811199 -31.613234 0
0 0

0101101
*
Ve
1e-07
22.303879 -31.613234 0
0 0

0101101
*
Ed
 1e-07 1 1 0
1  1323 0 0 1.50732
0

0101000
+3350 0 -3349 0 *
Ve
1e-07
20.796558 -31.613234 0
0 0

0101101
*
Ed
 1e-07 1 1 0
1  1324 0 0 1.507321
0

0101000
+3349 0 -3347 0 *
Ve
1e-07
23.713617 -33.701233 0
0 0

0101101
*
Ed
 1e-07 1 1 0
1  1325 0 0 3.58733508798412
0

0101000
+3347 0 -3345 0 *
Ve
1e-07
26.630674 -35.789234 0
0 0

0101101
*
Ed
 1e-07 1 1 0
1  1326 0 0 3.58733462577022
0

0101000
+3345 0 -3343 0 *
Ve
1e-07
26.69573 -34.692841 0
0 0

0101101
*
Ed
 1e-07 1 1 0
1  1327 0 0 1.09832139812761
0

0101000
+3343 0 -3341 0 *
Ve
1e-07
26.760786 -33.596451 0
0 0

0101101
*
Ed
 1e-07 1 1 0
1  1328 0 0 1.09831840339493
0

0101000
+3341 0 -3339 0 *
Ve
1e-07
26.82584 -32.500061 0
0 0

0101101
*
Ed
 1e-07 1 1 0
1  1329 0 0 1.09831828493201
0

0101000
+3339 0 -3337 0 *
Ve
1e-07
26.82584 -31.613234 0
0 0

0101101
*
Ed
 1e-07 1 1 0
1  1330 0 0 0.886827000000004
0

0101000
+3337 0 -3335 0 *
Ed
 1e-07 1 1 0
1  1331 0 0 3.014641
0

0101000
+3335 0 -3350 0 *
Wi

0101100
+3348 0 +3346 0 +3344 0 +3342 0 +3340 0 +3338 0 +3336 0 +3334 0 +3333 0 *
Fa
0  1e-07 177 0

0111000
+3332 0 *
Ve
1e-07
31.420792 -29.525234 0
0 0

0101101
*
Ve
1e-07
31.420792 -27.068766 0
0 0

0101101
*
Ed
 1e-07 1 1 0
1  1332 0 0 2.456468
0

0101000
+3330 0 -3329 0 *
Ve
1e-07
31.420792 -24.612295 0
0 0

0101101
*
Ed
 1e-07 1 1 0
1  1333 0 0 2.456471
0

0101000
+3329 0 -3327 0 *
Ve
1e-07
29.261492 -28.556177 0
0 0

0101101
*
Ed
 1e-07 1 1 0
1  1334 0 0 4.49630756509428
0

0101000
+3327 0 -3325 0 *
Ve
1e-07
27.102194 -32.500061 0
0 0

0101101
*
Ed
 1e-07 1 1 0
1  1335 0 0 4.49630835889399
0

0101000
+3325 0 -3323 0 *
Ve
1e-07
27.047375 -33.596451 0
0 0

0101101
*
Ed
 1e-07 1 1 0
1  1336 0 0 1.09775960704564
0

0101000
+3323 0 -3321 0 *
Ve
1e-07
26.992554 -34.692841 0
0 0

0101101
*
Ed
 1e-07 1 1 0
1  1337 0 0 1.09775970692178
0

0101000
+3321 0 -3319 0 *
Ve
1e-07
26.937735 -35.789234 0
0 0

0101101
*
Ed
 1e-07 1 1 0
1  1338 0 0 1.09776260330273
0

0101000
+3319 0 -3317 0 *
Ve
1e-07
31.420792 -34.438175 0
0 0

0101101
*
Ed
 1e-07 1 1 0
1  1339 0 0 4.68221747537745
0

0101000
+3317 0 -3315 0 *
Ed
 1e-07 1 1 0
1  1340 0 0 4.912941
0

0101000
+3315 0 -3330 0 *
Wi

0101100
+3328 0 +3326 0 +3324 0 +3322 0 +3320 0 +3318 0 +3316 0 +3314 0 +3313 0 *
Fa
0  1e-07 178 0

0111000
+3312 0 *
Ve
1e-07
23.901106 -24.455122 0
0 0

0101101
*
Ve
1e-07
20.976372 -31.39465 0
0 0

0101101
*
Ed
 1e-07 1 1 0
1  1341 0 0 7.53067844443912
0

0101000
+3310 0 -3309 0 *
Ve
1e-07
26.82584 -31.39465 0
0 0

0101101
*
Ed
 1e-07 1 1 0
1  1342 0 0 5.849468
0

0101000
+3309 0 -3307 0 *
Ve
1e-07
26.82584 -17.515596 0
0 0

0101101
*
Ed
 1e-07 1 1 0
1  1343 0 0 13.879054
0

0101000
+3307 0 -3305 0 *
Ed
 1e-07 1 1 0
1  1344 0 0 7.53067660143709
0

0101000
+3305 0 -3310 0 *
Wi

0101100
+3308 0 +3306 0 +3304 0 +3303 0 *
Fa
0  1e-07 179 0

0111000
+3302 0 *
Ve
1e-07
32.096321 -37.969349 0
0 0

0101101
*
Ve
1e-07
32.649025 -35.297939 0
0 0

0101101
*
Ed
 1e-07 1 1 0
1  1345 0 0 2.72798700504896
0

0101000
+3300 0 -3299 0 *
Ve
1e-07
32.649025 -34.868057 0
0 0

0101101
*
Ed
 1e-07 1 1 0
1  1346 0 0 0.429881999999999
0

0101000
+3299 0 -3297 0 *
Ve
1e-07
32.649025 -34.438175 0
0 0

0101101
*
Ed
 1e-07 1 1 0
1  1347 0 0 0.429881999999999
0

0101000
+3297 0 -3295 0 *
Ve
1e-07
31.420792 -34.438175 0
0 0

0101101
*
Ed
 1e-07 1 1 0
1  1348 0 0 1.228233
0

0101000
+3295 0 -3293 0 *
Ve
1e-07
31.482203 -37.539467 0
0 0

0101101
*
Ed
 1e-07 1 1 0
1  1349 0 0 3.10189996295577
0

0101000
+3293 0 -3291 0 *
Ve
1e-07
31.543615 -40.640759 0
0 0

0101101
*
Ed
 1e-07 1 1 0
1  1350 0 0 3.1018999827538
0

0101000
+3291 0 -3289 0 *
Ed
 1e-07 1 1 0
1  1351 0 0 2.72798741025981
0

0101000
+3289 0 -3300 0 *
Wi

0101100
+3298 0 +3296 0 +3294 0 +3292 0 +3290 0 +3288 0 +3287 0 *
Fa
0  1e-07 180 0

0111000
+3286 0 *
Ve
1e-07
29.240675 -45.430878 0
0 0

0101101
*
Ve
1e-07
26.937735 -50.220993 0
0 0

0101101
*
Ed
 1e-07 1 1 0
1  1352 0 0 5.31495384333909
0

0101000
+3284 0 -3283 0 *
Ve
1e-07
31.543615 -50.220993 0
0 0

0101101
*
Ed
 1e-07 1 1 0
1  1353 0 0 4.60588
0

0101000
+3283 0 -3281 0 *
Ve
1e-07
31.543615 -40.640759 0
0 0

0101101
*
Ed
 1e-07 1 1 0
1  1354 0 0 9.580234
0

0101000
+3281 0 -3279 0 *
Ed
 1e-07 1 1 0
1  1355 0 0 5.31495744834904
0

0101000
+3279 0 -3284 0 *
Wi

0101100
+3282 0 +3280 0 +3278 0 +3277 0 *
Fa
0  1e-07 181 0

0111000
+3276 0 *
Ve
1e-07
32.096321 -37.969349 0
0 0

0101101
*
Ve
1e-07
31.543615 -40.640759 0
0 0

0101101
*
Ed
 1e-07 1 1 0
1  1356 0 0 2.72798741025981
0

0101000
+3274 0 -3273 0 *
Ve
1e-07
40.118999 -40.640759 0
0 0

0101101
*
Ed
 1e-07 1 1 0
1  1357 0 0 8.575384
0

0101000
+3273 0 -3271 0 *
Ve
1e-07
36.384014 -37.969349 0
0 0

0101101
*
Ed
 1e-07 1 1 0
1  1358 0 0 4.59200874763159
0

0101000
+3271 0 -3269 0 *
Ve
1e-07
32.649025 -35.297939 0
0 0

0101101
*
Ed
 1e-07 1 1 0
1  1359 0 0 4.59201200109723
0

0101000
+3269 0 -3267 0 *
Ed
 1e-07 1 1 0
1  1360 0 0 2.72798700504896
0

0101000
+3267 0 -3274 0 *
Wi

0101100
+3272 0 +3270 0 +3268 0 +3266 0 +3265 0 *
Fa
0  1e-07 182 0

0111000
+3264 0 *
Ve
1e-07
29.240675 -45.430878 0
0 0

0101101
*
Ve
1e-07
31.543615 -40.640759 0
0 0

0101101
*
Ed
 1e-07 1 1 0
1  1361 0 0 5.31495744834904
0

0101000
+3262 0 -3261 0 *
Ve
1e-07
31.482203 -37.539467 0
0 0

0101101
*
Ed
 1e-07 1 1 0
1  1362 0 0 3.1018999827538
0

0101000
+3261 0 -3259 0 *
Ve
1e-07
31.420792 -34.438175 0
0 0

0101101
*
Ed
 1e-07 1 1 0
1  1363 0 0 3.10189996295577
0

0101000
+3259 0 -3257 0 *
Ve
1e-07
26.937735 -35.789234 0
0 0

0101101
*
Ed
 1e-07 1 1 0
1  1364 0 0 4.68221747537745
0

0101000
+3257 0 -3255 0 *
Ve
1e-07
26.937735 -43.005112 0
0 0

0101101
*
Ed
 1e-07 1 1 0
1  1365 0 0 7.215878
0

0101000
+3255 0 -3253 0 *
Ve
1e-07
26.937735 -50.220993 0
0 0

0101101
*
Ed
 1e-07 1 1 0
1  1366 0 0 7.215881
0

0101000
+3253 0 -3251 0 *
Ed
 1e-07 1 1 0
1  1367 0 0 5.31495384333909
0

0101000
+3251 0 -3262 0 *
Wi

0101100
+3260 0 +3258 0 +3256 0 +3254 0 +3252 0 +3250 0 +3249 0 *
Fa
0  1e-07 183 0

0111000
+3248 0 *
Ve
1e-07
26.937735 -35.789234 0
0 0

0101101
*
Ve
1e-07
26.992554 -34.692841 0
0 0

0101101
*
Ed
 1e-07 1 1 0
1  1368 0 0 1.09776260330273
0

0101000
+3246 0 -3245 0 *
Ve
1e-07
27.047375 -33.596451 0
0 0

0101101
*
Ed
 1e-07 1 1 0
1  1369 0 0 1.09775970692178
0

0101000
+3245 0 -3243 0 *
Ve
1e-07
27.102194 -32.500061 0
0 0

0101101
*
Ed
 1e-07 1 1 0
1  1370 0 0 1.09775960704564
0

0101000
+3243 0 -3241 0 *
Ve
1e-07
26.82584 -32.500061 0
0 0

0101101
*
Ed
 1e-07 1 1 0
1  1371 0 0 0.276354000000001
0

0101000
+3241 0 -3239 0 *
Ve
1e-07
26.760786 -33.596451 0
0 0

0101101
*
Ed
 1e-07 1 1 0
1  1372 0 0 1.09831828493201
0

0101000
+3239 0 -3237 0 *
Ve
1e-07
26.69573 -34.692841 0
0 0

0101101
*
Ed
 1e-07 1 1 0
1  1373 0 0 1.09831840339493
0

0101000
+3237 0 -3235 0 *
Ve
1e-07
26.630674 -35.789234 0
0 0

0101101
*
Ed
 1e-07 1 1 0
1  1374 0 0 1.09832139812761
0

0101000
+3235 0 -3233 0 *
Ed
 1e-07 1 1 0
1  1375 0 0 0.307061000000001
0

0101000
+3233 0 -3246 0 *
Wi

0101100
+3244 0 +3242 0 +3240 0 +3238 0 +3236 0 +3234 0 +3232 0 +3231 0 *
Fa
0  1e-07 184 0

0111000
+3230 0 *
Ve
1e-07
20.796558 -40.917114 0
0 0

0101101
*
Ve
1e-07
20.796558 -50.220993 0
0 0

0101101
*
Ed
 1e-07 1 1 0
1  1376 0 0 9.303879
0

0101000
+3228 0 -3227 0 *
Ve
1e-07
23.713617 -50.220993 0
0 0

0101101
*
Ed
 1e-07 1 1 0
1  1377 0 0 2.917059
0

0101000
+3227 0 -3225 0 *
Ve
1e-07
26.630674 -50.220993 0
0 0

0101101
*
Ed
 1e-07 1 1 0
1  1378 0 0 2.917057
0

0101000
+3225 0 -3223 0 *
Ve
1e-07
26.630674 -43.005112 0
0 0

0101101
*
Ed
 1e-07 1 1 0
1  1379 0 0 7.215881
0

0101000
+3223 0 -3221 0 *
Ve
1e-07
26.630674 -35.789234 0
0 0

0101101
*
Ed
 1e-07 1 1 0
1  1380 0 0 7.215878
0

0101000
+3221 0 -3219 0 *
Ve
1e-07
23.713617 -33.701233 0
0 0

0101101
*
Ed
 1e-07 1 1 0
1  1381 0 0 3.58733462577022
0

0101000
+3219 0 -3217 0 *
Ve
1e-07
20.796558 -31.613234 0
0 0

0101101
*
Ed
 1e-07 1 1 0
1  1382 0 0 3.58733508798412
0

0101000
+3217 0 -3215 0 *
Ed
 1e-07 1 1 0
1  1383 0 0 9.30388
0

0101000
+3215 0 -3228 0 *
Wi

0101100
+3226 0 +3224 0 +3222 0 +3220 0 +3218 0 +3216 0 +3214 0 +3213 0 *
Fa
0  1e-07 185 0

0111000
+3212 0 *
Ve
1e-07
10.696705 29.927315 0
0 0

0101101
*
Ve
1e-07
10.181963 27.243069 0
0 0

0101101
*
Ed
 1e-07 1 1 0
1  1384 0 0 2.73315493799382
0

0101000
+3210 0 -3209 0 *
Ve
1e-07
12.613123 29.032566 0
0 0

0101101
*
Ed
 1e-07 1 1 0
1  1385 0 0 3.01874782958249
0

0101000
+3209 0 -3207 0 *
Ve
1e-07
15.044284 30.822063 0
0 0

0101101
*
Ed
 1e-07 1 1 0
1  1386 0 0 3.01874863493634
0

0101000
+3207 0 -3205 0 *
Ve
1e-07
17.475445 32.611561 0
0 0

0101101
*
Ed
 1e-07 1 1 0
1  1387 0 0 3.01874922773075
0

0101000
+3205 0 -3203 0 *
Ve
1e-07
14.52768 32.611561 0
0 0

0101101
*
Ed
 1e-07 1 1 0
1  1388 0 0 2.947765
0

0101000
+3203 0 -3201 0 *
Ve
1e-07
12.869563 32.611561 0
0 0

0101101
*
Ed
 1e-07 1 1 0
1  1389 0 0 1.658117
0

0101000
+3201 0 -3199 0 *
Ve
1e-07
11.211447 32.611561 0
0 0

0101101
*
Ed
 1e-07 1 1 0
1  1390 0 0 1.658116
0

0101000
+3199 0 -3197 0 *
Ed
 1e-07 1 1 0
1  1391 0 0 2.73315493799382
0

0101000
+3197 0 -3210 0 *
Wi

0101100
+3208 0 +3206 0 +3204 0 +3202 0 +3200 0 +3198 0 +3196 0 +3195 0 *
Fa
0  1e-07 186 0

0111000
+3194 0 *
Ve
1e-07
2.859842 72.998138 0
0 0

0101101
*
Ve
1e-07
3.965254 72.998138 0
0 0

0101101
*
Ed
 1e-07 1 1 0
1  1392 0 0 1.105412
0

0101000
+3192 0 -3191 0 *
Ve
1e-07
10.689839 72.998138 0
0 0

0101101
*
Ed
 1e-07 1 1 0
1  1393 0 0 6.724585
0

0101000
+3191 0 -3189 0 *
Ve
1e-07
15.203603 72.998138 0
0 0

0101101
*
Ed
 1e-07 1 1 0
1  1394 0 0 4.513764
0

0101000
+3189 0 -3187 0 *
Ve
1e-07
9.978509 74.234146 0
0 0

0101101
*
Ed
 1e-07 1 1 0
1  1395 0 0 5.36929446807492
0

0101000
+3187 0 -3185 0 *
Ve
1e-07
4.753415 75.470146 0
0 0

0101101
*
Ed
 1e-07 1 1 0
1  1396 0 0 5.36929262648591
0

0101000
+3185 0 -3183 0 *
Ve
1e-07
-0.471679 76.706154 0
0 0

0101101
*
Ed
 1e-07 1 1 0
1  1397 0 0 5.36929446807493
0

0101000
+3183 0 -3181 0 *
Ed
 1e-07 1 1 0
1  1398 0 0 4.98481843497805
0

0101000
+3181 0 -3192 0 *
Wi

0101100
+3190 0 +3188 0 +3186 0 +3184 0 +3182 0 +3180 0 +3179 0 *
Fa
0  1e-07 187 0

0111000
+3178 0 *
Ve
1e-07
3.566077 70.480255 0
0 0

0101101
*
Ve
1e-07
0.956078 68.269432 0
0 0

0101101
*
Ed
 1e-07 1 1 0
1  1399 0 0 3.4205018809131
0

0101000
+3176 0 -3175 0 *
Ve
1e-07
13.238427 68.269432 0
0 0

0101101
*
Ed
 1e-07 1 1 0
1  1400 0 0 12.282349
0

0101000
+3175 0 -3173 0 *
Ve
1e-07
13.238427 72.691078 0
0 0

0101101
*
Ed
 1e-07 1 1 0
1  1401 0 0 4.42164600000001
0

0101000
+3173 0 -3171 0 *
Ve
1e-07
6.176076 72.691078 0
0 0

0101101
*
Ed
 1e-07 1 1 0
1  1402 0 0 7.062351
0

0101000
+3171 0 -3169 0 *
Ed
 1e-07 1 1 0
1  1403 0 0 3.4205018809131
0

0101000
+3169 0 -3176 0 *
Wi

0101100
+3174 0 +3172 0 +3170 0 +3168 0 +3167 0 *
Fa
0  1e-07 188 0

0111000
+3166 0 *
Ve
1e-07
6.176076 72.998138 0
0 0

0101101
*
Ve
1e-07
5.070665 72.998138 0
0 0

0101101
*
Ed
 1e-07 1 1 0
1  1404 0 0 1.105411
0

0101000
+3164 0 -3163 0 *
Ve
1e-07
3.965254 72.998138 0
0 0

0101101
*
Ed
 1e-07 1 1 0
1  1405 0 0 1.105411
0

0101000
+3163 0 -3161 0 *
Ve
1e-07
2.859842 72.998138 0
0 0

0101101
*
Ed
 1e-07 1 1 0
1  1406 0 0 1.105412
0

0101000
+3161 0 -3159 0 *
Ve
1e-07
2.859842 72.691078 0
0 0

0101101
*
Ed
 1e-07 1 1 0
1  1407 0 0 0.307059999999993
0

0101000
+3159 0 -3157 0 *
Ve
1e-07
3.965254 72.691078 0
0 0

0101101
*
Ed
 1e-07 1 1 0
1  1408 0 0 1.105412
0

0101000
+3157 0 -3155 0 *
Ve
1e-07
5.070665 72.691078 0
0 0

0101101
*
Ed
 1e-07 1 1 0
1  1409 0 0 1.105411
0

0101000
+3155 0 -3153 0 *
Ve
1e-07
6.176076 72.691078 0
0 0

0101101
*
Ed
 1e-07 1 1 0
1  1410 0 0 1.105411
0

0101000
+3153 0 -3151 0 *
Ed
 1e-07 1 1 0
1  1411 0 0 0.307059999999993
0

0101000
+3151 0 -3164 0 *
Wi

0101100
+3162 0 +3160 0 +3158 0 +3156 0 +3154 0 +3152 0 +3150 0 +3149 0 *
Fa
0  1e-07 189 0

0111000
+3148 0 *
Ve
1e-07
12.777839 65.720848 0
0 0

0101101
*
Ve
1e-07
13.238427 67.962379 0
0 0

0101101
*
Ed
 1e-07 1 1 0
1  1412 0 0 2.28836241222954
0

0101000
+3146 0 -3145 0 *
Ve
1e-07
10.612595 66.468025 0
0 0

0101101
*
Ed
 1e-07 1 1 0
1  1413 0 0 3.02127250832162
0

0101000
+3145 0 -3143 0 *
Ve
1e-07
7.986762 64.973671 0
0 0

0101101
*
Ed
 1e-07 1 1 0
1  1414 0 0 3.02127337743624
0

0101000
+3143 0 -3141 0 *
Ve
1e-07
5.360929 63.479321 0
0 0

0101101
*
Ed
 1e-07 1 1 0
1  1415 0 0 3.02127139899563
0

0101000
+3141 0 -3139 0 *
Ve
1e-07
9.817231 63.479321 0
0 0

0101101
*
Ed
 1e-07 1 1 0
1  1416 0 0 4.456302
0

0101000
+3139 0 -3137 0 *
Ve
1e-07
10.650571 63.479321 0
0 0

0101101
*
Ed
 1e-07 1 1 0
1  1417 0 0 0.83334
0

0101000
+3137 0 -3135 0 *
Ve
1e-07
11.483911 63.479321 0
0 0

0101101
*
Ed
 1e-07 1 1 0
1  1418 0 0 0.833340000000002
0

0101000
+3135 0 -3133 0 *
Ve
1e-07
12.317251 63.479321 0
0 0

0101101
*
Ed
 1e-07 1 1 0
1  1419 0 0 0.83334
0

0101000
+3133 0 -3131 0 *
Ed
 1e-07 1 1 0
1  1420 0 0 2.28835849408982
0

0101000
+3131 0 -3146 0 *
Wi

0101100
+3144 0 +3142 0 +3140 0 +3138 0 +3136 0 +3134 0 +3132 0 +3130 0 +3129 0 *
Fa
0  1e-07 190 0

0111000
+3128 0 *
Ve
1e-07
1.90796 72.691078 0
0 0

0101101
*
Ve
1e-07
0.956078 72.691078 0
0 0

0101101
*
Ed
 1e-07 1 1 0
1  1421 0 0 0.951882
0

0101000
+3126 0 -3125 0 *
Ve
1e-07
0.956078 70.480255 0
0 0

0101101
*
Ed
 1e-07 1 1 0
1  1422 0 0 2.210823
0

0101000
+3125 0 -3123 0 *
Ve
1e-07
0.956078 68.269432 0
0 0

0101101
*
Ed
 1e-07 1 1 0
1  1423 0 0 2.210823
0

0101000
+3123 0 -3121 0 *
Ve
1e-07
3.566077 70.480255 0
0 0

0101101
*
Ed
 1e-07 1 1 0
1  1424 0 0 3.4205018809131
0

0101000
+3121 0 -3119 0 *
Ve
1e-07
6.176076 72.691078 0
0 0

0101101
*
Ed
 1e-07 1 1 0
1  1425 0 0 3.4205018809131
0

0101000
+3119 0 -3117 0 *
Ve
1e-07
5.070665 72.691078 0
0 0

0101101
*
Ed
 1e-07 1 1 0
1  1426 0 0 1.105411
0

0101000
+3117 0 -3115 0 *
Ve
1e-07
3.965254 72.691078 0
0 0

0101101
*
Ed
 1e-07 1 1 0
1  1427 0 0 1.105411
0

0101000
+3115 0 -3113 0 *
Ed
 1e-07 1 1 0
1  1428 0 0 2.057294
0

0101000
+3113 0 -3126 0 *
Wi

0101100
+3124 0 +3122 0 +3120 0 +3118 0 +3116 0 +3114 0 +3112 0 +3111 0 *
Fa
0  1e-07 191 0

0111000
+3110 0 *
Ve
1e-07
13.238427 63.479321 0
0 0

0101101
*
Ve
1e-07
13.238427 67.962379 0
0 0

0101101
*
Ed
 1e-07 1 1 0
1  1429 0 0 4.483058
0

0101000
+3108 0 -3107 0 *
Ve
1e-07
12.777839 65.720848 0
0 0

0101101
*
Ed
 1e-07 1 1 0
1  1430 0 0 2.28836241222954
0

0101000
+3107 0 -3105 0 *
Ve
1e-07
12.317251 63.479321 0
0 0

0101101
*
Ed
 1e-07 1 1 0
1  1431 0 0 2.28835849408982
0

0101000
+3105 0 -3103 0 *
Ed
 1e-07 1 1 0
1  1432 0 0 0.921175999999999
0

0101000
+3103 0 -3108 0 *
Wi

0101100
+3106 0 +3104 0 +3102 0 +3101 0 *
Fa
0  1e-07 192 0

0111000
+3100 0 *
Ve
1e-07
10.650571 63.479321 0
0 0

0101101
*
Ve
1e-07
9.817231 63.479321 0
0 0

0101101
*
Ed
 1e-07 1 1 0
1  1433 0 0 0.83334
0

0101000
+3098 0 -3097 0 *
Ve
1e-07
9.817231 63.17226 0
0 0

0101101
*
Ed
 1e-07 1 1 0
1  1434 0 0 0.307060999999997
0

0101000
+3097 0 -3095 0 *
Ve
1e-07
10.650571 63.17226 0
0 0

0101101
*
Ed
 1e-07 1 1 0
1  1435 0 0 0.83334
0

0101000
+3095 0 -3093 0 *
Ve
1e-07
11.483911 63.17226 0
0 0

0101101
*
Ed
 1e-07 1 1 0
1  1436 0 0 0.833340000000002
0

0101000
+3093 0 -3091 0 *
Ve
1e-07
12.317251 63.17226 0
0 0

0101101
*
Ed
 1e-07 1 1 0
1  1437 0 0 0.83334
0

0101000
+3091 0 -3089 0 *
Ve
1e-07
12.317251 63.479321 0
0 0

0101101
*
Ed
 1e-07 1 1 0
1  1438 0 0 0.307060999999997
0

0101000
+3089 0 -3087 0 *
Ve
1e-07
11.483911 63.479321 0
0 0

0101101
*
Ed
 1e-07 1 1 0
1  1439 0 0 0.83334
0

0101000
+3087 0 -3085 0 *
Ed
 1e-07 1 1 0
1  1440 0 0 0.833340000000002
0

0101000
+3085 0 -3098 0 *
Wi

0101100
+3096 0 +3094 0 +3092 0 +3090 0 +3088 0 +3086 0 +3084 0 +3083 0 *
Fa
0  1e-07 193 0

0111000
+3082 0 *
Ve
1e-07
4.125327 60.602337 0
0 0

0101101
*
Ve
1e-07
8.221289 61.887299 0
0 0

0101101
*
Ed
 1e-07 1 1 0
1  1441 0 0 4.29278837667174
0

0101000
+3080 0 -3079 0 *
Ve
1e-07
12.317251 63.17226 0
0 0

0101101
*
Ed
 1e-07 1 1 0
1  1442 0 0 4.29278807734146
0

0101000
+3079 0 -3077 0 *
Ve
1e-07
11.483911 63.17226 0
0 0

0101101
*
Ed
 1e-07 1 1 0
1  1443 0 0 0.83334
0

0101000
+3077 0 -3075 0 *
Ve
1e-07
10.650571 63.17226 0
0 0

0101101
*
Ed
 1e-07 1 1 0
1  1444 0 0 0.833340000000002
0

0101000
+3075 0 -3073 0 *
Ve
1e-07
7.58908 63.17226 0
0 0

0101101
*
Ed
 1e-07 1 1 0
1  1445 0 0 3.061491
0

0101000
+3073 0 -3071 0 *
Ve
1e-07
5.360929 63.17226 0
0 0

0101101
*
Ed
 1e-07 1 1 0
1  1446 0 0 2.228151
0

0101000
+3071 0 -3069 0 *
Ve
1e-07
3.583741 61.887299 0
0 0

0101101
*
Ed
 1e-07 1 1 0
1  1447 0 0 2.19306223324032
0

0101000
+3069 0 -3067 0 *
Ve
1e-07
1.806553 60.602337 0
0 0

0101101
*
Ed
 1e-07 1 1 0
1  1448 0 0 2.19306281916137
0

0101000
+3067 0 -3065 0 *
Ve
1e-07
0.029365 59.317371 0
0 0

0101101
*
Ed
 1e-07 1 1 0
1  1449 0 0 2.19306516284856
0

0101000
+3065 0 -3063 0 *
Ed
 1e-07 1 1 0
1  1450 0 0 4.29278957399498
0

0101000
+3063 0 -3080 0 *
Wi

0101100
+3078 0 +3076 0 +3074 0 +3072 0 +3070 0 +3068 0 +3066 0 +3064 0 +3062 0 +3061 0 
*
Fa
0  1e-07 194 0

0111000
+3060 0 *
Ve
1e-07
4.40441 63.17226 0
0 0

0101101
*
Ve
1e-07
5.360929 63.17226 0
0 0

0101101
*
Ed
 1e-07 1 1 0
1  1451 0 0 0.956518999999999
0

0101000
+3058 0 -3057 0 *
Ve
1e-07
5.360929 63.479321 0
0 0

0101101
*
Ed
 1e-07 1 1 0
1  1452 0 0 0.307060999999997
0

0101000
+3057 0 -3055 0 *
Ve
1e-07
4.40441 63.479321 0
0 0

0101101
*
Ed
 1e-07 1 1 0
1  1453 0 0 0.956518999999999
0

0101000
+3055 0 -3053 0 *
Ve
1e-07
3.447891 63.479321 0
0 0

0101101
*
Ed
 1e-07 1 1 0
1  1454 0 0 0.956519000000001
0

0101000
+3053 0 -3051 0 *
Ve
1e-07
2.491372 63.479321 0
0 0

0101101
*
Ed
 1e-07 1 1 0
1  1455 0 0 0.956519
0

0101000
+3051 0 -3049 0 *
Ve
1e-07
2.491372 63.17226 0
0 0

0101101
*
Ed
 1e-07 1 1 0
1  1456 0 0 0.307060999999997
0

0101000
+3049 0 -3047 0 *
Ve
1e-07
3.447891 63.17226 0
0 0

0101101
*
Ed
 1e-07 1 1 0
1  1457 0 0 0.956519
0

0101000
+3047 0 -3045 0 *
Ed
 1e-07 1 1 0
1  1458 0 0 0.956519000000001
0

0101000
+3045 0 -3058 0 *
Wi

0101100
+3056 0 +3054 0 +3052 0 +3050 0 +3048 0 +3046 0 +3044 0 +3043 0 *
Fa
0  1e-07 195 0

0111000
+3042 0 *
Ve
1e-07
0.339192 61.244816 0
0 0

0101101
*
Ve
1e-07
0.029365 59.317371 0
0 0

0101101
*
Ed
 1e-07 1 1 0
1  1459 0 0 1.95218774659457
0

0101000
+3040 0 -3039 0 *
Ve
1e-07
1.806553 60.602337 0
0 0

0101101
*
Ed
 1e-07 1 1 0
1  1460 0 0 2.19306516284856
0

0101000
+3039 0 -3037 0 *
Ve
1e-07
3.583741 61.887299 0
0 0

0101101
*
Ed
 1e-07 1 1 0
1  1461 0 0 2.19306281916137
0

0101000
+3037 0 -3035 0 *
Ve
1e-07
5.360929 63.17226 0
0 0

0101101
*
Ed
 1e-07 1 1 0
1  1462 0 0 2.19306223324032
0

0101000
+3035 0 -3033 0 *
Ve
1e-07
4.40441 63.17226 0
0 0

0101101
*
Ed
 1e-07 1 1 0
1  1463 0 0 0.956518999999999
0

0101000
+3033 0 -3031 0 *
Ve
1e-07
3.447891 63.17226 0
0 0

0101101
*
Ed
 1e-07 1 1 0
1  1464 0 0 0.956519000000001
0

0101000
+3031 0 -3029 0 *
Ve
1e-07
1.570195 63.17226 0
0 0

0101101
*
Ed
 1e-07 1 1 0
1  1465 0 0 1.877696
0

0101000
+3029 0 -3027 0 *
Ve
1e-07
0.649019 63.17226 0
0 0

0101101
*
Ed
 1e-07 1 1 0
1  1466 0 0 0.921176
0

0101000
+3027 0 -3025 0 *
Ed
 1e-07 1 1 0
1  1467 0 0 1.95218675926895
0

0101000
+3025 0 -3040 0 *
Wi

0101100
+3038 0 +3036 0 +3034 0 +3032 0 +3030 0 +3028 0 +3026 0 +3024 0 +3023 0 *
Fa
0  1e-07 196 0

0111000
+3022 0 *
Ve
1e-07
0.956078 67.962379 0
0 0

0101101
*
Ve
1e-07
1.723725 65.720848 0
0 0

0101101
*
Ed
 1e-07 1 1 0
1  1468 0 0 2.36933390229617
0

0101000
+3020 0 -3019 0 *
Ve
1e-07
2.491372 63.479321 0
0 0

0101101
*
Ed
 1e-07 1 1 0
1  1469 0 0 2.36933011805827
0

0101000
+3019 0 -3017 0 *
Ve
1e-07
3.447891 63.479321 0
0 0

0101101
*
Ed
 1e-07 1 1 0
1  1470 0 0 0.956519
0

0101000
+3017 0 -3015 0 *
Ve
1e-07
4.40441 63.479321 0
0 0

0101101
*
Ed
 1e-07 1 1 0
1  1471 0 0 0.956519000000001
0

0101000
+3015 0 -3013 0 *
Ve
1e-07
5.360929 63.479321 0
0 0

0101101
*
Ed
 1e-07 1 1 0
1  1472 0 0 0.956518999999999
0

0101000
+3013 0 -3011 0 *
Ve
1e-07
7.986762 64.973671 0
0 0

0101101
*
Ed
 1e-07 1 1 0
1  1473 0 0 3.02127139899563
0

0101000
+3011 0 -3009 0 *
Ve
1e-07
10.612595 66.468025 0
0 0

0101101
*
Ed
 1e-07 1 1 0
1  1474 0 0 3.02127337743624
0

0101000
+3009 0 -3007 0 *
Ve
1e-07
13.238427 67.962379 0
0 0

0101101
*
Ed
 1e-07 1 1 0
1  1475 0 0 3.02127250832162
0

0101000
+3007 0 -3005 0 *
Ed
 1e-07 1 1 0
1  1476 0 0 12.282349
0

0101000
+3005 0 -3020 0 *
Wi

0101100
+3018 0 +3016 0 +3014 0 +3012 0 +3010 0 +3008 0 +3006 0 +3004 0 +3003 0 *
Fa
0  1e-07 197 0

0111000
+3002 0 *
Ve
1e-07
7.124661 51.026787 0
0 0

0101101
*
Ve
1e-07
14.307595 51.026787 0
0 0

0101101
*
Ed
 1e-07 1 1 0
1  1477 0 0 7.182934
0

0101000
+3000 0 -2999 0 *
Ve
1e-07
14.307595 53.022667 0
0 0

0101101
*
Ed
 1e-07 1 1 0
1  1478 0 0 1.99588
0

0101000
+2999 0 -2997 0 *
Ve
1e-07
14.307595 55.018551 0
0 0

0101101
*
Ed
 1e-07 1 1 0
1  1479 0 0 1.995884
0

0101000
+2997 0 -2995 0 *
Ve
1e-07
14.307595 57.014431 0
0 0

0101101
*
Ed
 1e-07 1 1 0
1  1480 0 0 1.99588
0

0101000
+2995 0 -2993 0 *
Ve
1e-07
14.307595 59.010315 0
0 0

0101101
*
Ed
 1e-07 1 1 0
1  1481 0 0 1.995884
0

0101000
+2993 0 -2991 0 *
Ve
1e-07
7.16848 59.010315 0
0 0

0101101
*
Ed
 1e-07 1 1 0
1  1482 0 0 7.139115
0

0101000
+2991 0 -2989 0 *
Ve
1e-07
0.029365 59.010315 0
0 0

0101101
*
Ed
 1e-07 1 1 0
1  1483 0 0 7.139115
0

0101000
+2989 0 -2987 0 *
Ve
1e-07
0.000152 56.349136 0
0 0

0101101
*
Ed
 1e-07 1 1 0
1  1484 0 0 2.66133933751598
0

0101000
+2987 0 -2985 0 *
Ve
1e-07
-0.02906 53.687962 0
0 0

0101101
*
Ed
 1e-07 1 1 0
1  1485 0 0 2.66133432684058
0

0101000
+2985 0 -2983 0 *
Ve
1e-07
-0.058273 51.026787 0
0 0

0101101
*
Ed
 1e-07 1 1 0
1  1486 0 0 2.66133533775697
0

0101000
+2983 0 -2981 0 *
Ed
 1e-07 1 1 0
1  1487 0 0 7.182934
0

0101000
+2981 0 -3000 0 *
Wi

0101100
+2998 0 +2996 0 +2994 0 +2992 0 +2990 0 +2988 0 +2986 0 +2984 0 +2982 0 +2980 0 
+2979 0 *
Fa
0  1e-07 198 0

0111000
+2978 0 *
Ve
1e-07
14.313132 65.720848 0
0 0

0101101
*
Ve
1e-07
13.545485 67.962379 0
0 0

0101101
*
Ed
 1e-07 1 1 0
1  1488 0 0 2.36933390229617
0

0101000
+2976 0 -2975 0 *
Ve
1e-07
13.545485 63.479321 0
0 0

0101101
*
Ed
 1e-07 1 1 0
1  1489 0 0 4.483058
0

0101000
+2975 0 -2973 0 *
Ve
1e-07
15.080779 63.479321 0
0 0

0101101
*
Ed
 1e-07 1 1 0
1  1490 0 0 1.535294
0

0101000
+2973 0 -2971 0 *
Ed
 1e-07 1 1 0
1  1491 0 0 2.36933011805827
0

0101000
+2971 0 -2976 0 *
Wi

0101100
+2974 0 +2972 0 +2970 0 +2969 0 *
Fa
0  1e-07 199 0

0111000
+2968 0 *
Ve
1e-07
-0.471679 76.706154 0
0 0

0101101
*
Ve
1e-07
-0.471679 84.873917 0
0 0

0101101
*
Ed
 1e-07 1 1 0
1  1492 0 0 8.16776300000001
0

0101000
+2966 0 -2965 0 *
Ve
1e-07
-3.020267 84.873917 0
0 0

0101101
*
Ed
 1e-07 1 1 0
1  1493 0 0 2.548588
0

0101000
+2965 0 -2963 0 *
Ve
1e-07
-5.568854 84.873917 0
0 0

0101101
*
Ed
 1e-07 1 1 0
1  1494 0 0 2.548587
0

0101000
+2963 0 -2961 0 *
Ve
1e-07
-5.568854 82.41745 0
0 0

0101101
*
Ed
 1e-07 1 1 0
1  1495 0 0 2.456467
0

0101000
+2961 0 -2959 0 *
Ve
1e-07
-3.020267 79.561798 0
0 0

0101101
*
Ed
 1e-07 1 1 0
1  1496 0 0 3.82753759506984
0

0101000
+2959 0 -2957 0 *
Ed
 1e-07 1 1 0
1  1497 0 0 3.82753229228442
0

0101000
+2957 0 -2966 0 *
Wi

0101100
+2964 0 +2962 0 +2960 0 +2958 0 +2956 0 +2955 0 *
Fa
0  1e-07 200 0

0111000
+2954 0 *
Ve
1e-07
2.859842 72.998138 0
0 0

0101101
*
Ve
1e-07
-0.471679 76.706154 0
0 0

0101101
*
Ed
 1e-07 1 1 0
1  1498 0 0 4.98481843497805
0

0101000
+2952 0 -2951 0 *
Ve
1e-07
-3.081679 77.750153 0
0 0

0101101
*
Ed
 1e-07 1 1 0
1  1499 0 0 2.81105565793369
0

0101000
+2951 0 -2949 0 *
Ve
1e-07
-5.691678 78.794151 0
0 0

0101101
*
Ed
 1e-07 1 1 0
1  1500 0 0 2.81105435806656
0

0101000
+2949 0 -2947 0 *
Ve
1e-07
-2.521329 75.896149 0
0 0

0101101
*
Ed
 1e-07 1 1 0
1  1501 0 0 4.29529141896159
0

0101000
+2947 0 -2945 0 *
Ve
1e-07
0.649019 72.998138 0
0 0

0101101
*
Ed
 1e-07 1 1 0
1  1502 0 0 4.29529675310391
0

0101000
+2945 0 -2943 0 *
Ve
1e-07
1.754431 72.998138 0
0 0

0101101
*
Ed
 1e-07 1 1 0
1  1503 0 0 1.105412
0

0101000
+2943 0 -2941 0 *
Ed
 1e-07 1 1 0
1  1504 0 0 1.105411
0

0101000
+2941 0 -2952 0 *
Wi

0101100
+2950 0 +2948 0 +2946 0 +2944 0 +2942 0 +2940 0 +2939 0 *
Fa
0  1e-07 201 0

0111000
+2938 0 *
Ve
1e-07
-5.937325 82.41745 0
0 0

0101101
*
Ve
1e-07
-5.691678 78.794151 0
0 0

0101101
*
Ed
 1e-07 1 1 0
1  1505 0 0 3.63161645717303
0

0101000
+2936 0 -2935 0 *
Ve
1e-07
-3.081679 77.750153 0
0 0

0101101
*
Ed
 1e-07 1 1 0
1  1506 0 0 2.81105435806656
0

0101000
+2935 0 -2933 0 *
Ve
1e-07
-0.471679 76.706154 0
0 0

0101101
*
Ed
 1e-07 1 1 0
1  1507 0 0 2.81105565793369
0

0101000
+2933 0 -2931 0 *
Ve
1e-07
-3.020267 79.561798 0
0 0

0101101
*
Ed
 1e-07 1 1 0
1  1508 0 0 3.82753229228442
0

0101000
+2931 0 -2929 0 *
Ve
1e-07
-5.568854 82.41745 0
0 0

0101101
*
Ed
 1e-07 1 1 0
1  1509 0 0 3.82753759506984
0

0101000
+2929 0 -2927 0 *
Ed
 1e-07 1 1 0
1  1510 0 0 0.368471
0

0101000
+2927 0 -2936 0 *
Wi

0101100
+2934 0 +2932 0 +2930 0 +2928 0 +2926 0 +2925 0 *
Fa
0  1e-07 202 0

0111000
+2924 0 *
Ve
1e-07
-14.627087 78.763451 0
0 0

0101101
*
Ve
1e-07
-5.998736 77.258858 0
0 0

0101101
*
Ed
 1e-07 1 1 0
1  1511 0 0 8.75855245316542
0

0101000
+2922 0 -2921 0 *
Ve
1e-07
-5.998736 78.026505 0
0 0

0101101
*
Ed
 1e-07 1 1 0
1  1512 0 0 0.767646999999997
0

0101000
+2921 0 -2919 0 *
Ve
1e-07
-5.998736 78.794151 0
0 0

0101101
*
Ed
 1e-07 1 1 0
1  1513 0 0 0.767645999999999
0

0101000
+2919 0 -2917 0 *
Ve
1e-07
-12.493029 80.175919 0
0 0

0101101
*
Ed
 1e-07 1 1 0
1  1514 0 0 6.63966297154253
0

0101000
+2917 0 -2915 0 *
Ve
1e-07
-18.98732 81.557686 0
0 0

0101101
*
Ed
 1e-07 1 1 0
1  1515 0 0 6.63966080722276
0

0101000
+2915 0 -2913 0 *
Ve
1e-07
-21.121378 80.912857 0
0 0

0101101
*
Ed
 1e-07 1 1 0
1  1516 0 0 2.22935147220105
0

0101000
+2913 0 -2911 0 *
Ve
1e-07
-23.255436 80.268036 0
0 0

0101101
*
Ed
 1e-07 1 1 0
1  1517 0 0 2.22934915825337
0

0101000
+2911 0 -2909 0 *
Ed
 1e-07 1 1 0
1  1518 0 0 8.75854910861531
0

0101000
+2909 0 -2922 0 *
Wi

0101100
+2920 0 +2918 0 +2916 0 +2914 0 +2912 0 +2910 0 +2908 0 +2907 0 *
Fa
0  1e-07 203 0

0111000
+2906 0 *
Ve
1e-07
-12.493029 80.175919 0
0 0

0101101
*
Ve
1e-07
-5.998736 78.794151 0
0 0

0101101
*
Ed
 1e-07 1 1 0
1  1519 0 0 6.63966297154253
0

0101000
+2904 0 -2903 0 *
Ve
1e-07
-5.691678 78.794151 0
0 0

0101101
*
Ed
 1e-07 1 1 0
1  1520 0 0 0.307058
0

0101000
+2903 0 -2901 0 *
Ve
1e-07
-5.937325 82.41745 0
0 0

0101101
*
Ed
 1e-07 1 1 0
1  1521 0 0 3.63161645717303
0

0101000
+2901 0 -2899 0 *
Ve
1e-07
-12.462322 81.987564 0
0 0

0101101
*
Ed
 1e-07 1 1 0
1  1522 0 0 6.53914274373981
0

0101000
+2899 0 -2897 0 *
Ve
1e-07
-18.98732 81.557686 0
0 0

0101101
*
Ed
 1e-07 1 1 0
1  1523 0 0 6.53914321565815
0

0101000
+2897 0 -2895 0 *
Ed
 1e-07 1 1 0
1  1524 0 0 6.63966080722276
0

0101000
+2895 0 -2904 0 *
Wi

0101100
+2902 0 +2900 0 +2898 0 +2896 0 +2894 0 +2893 0 *
Fa
0  1e-07 204 0

0111000
+2892 0 *
Ve
1e-07
-12.262734 65.037926 0
0 0

0101101
*
Ve
1e-07
-16.715086 65.037926 0
0 0

0101101
*
Ed
 1e-07 1 1 0
1  1525 0 0 4.452352
0

0101000
+2890 0 -2889 0 *
Ve
1e-07
-21.167437 65.037926 0
0 0

0101101
*
Ed
 1e-07 1 1 0
1  1526 0 0 4.452351
0

0101000
+2889 0 -2887 0 *
Ve
1e-07
-20.082497 63.645924 0
0 0

0101101
*
Ed
 1e-07 1 1 0
1  1527 0 0 1.76486950554538
0

0101000
+2887 0 -2885 0 *
Ve
1e-07
-18.997555 62.253925 0
0 0

0101101
*
Ed
 1e-07 1 1 0
1  1528 0 0 1.76486836884936
0

0101000
+2885 0 -2883 0 *
Ve
1e-07
-17.912615 60.861923 0
0 0

0101101
*
Ed
 1e-07 1 1 0
1  1529 0 0 1.76486950554539
0

0101000
+2883 0 -2881 0 *
Ve
1e-07
-12.262734 60.861923 0
0 0

0101101
*
Ed
 1e-07 1 1 0
1  1530 0 0 5.649881
0

0101000
+2881 0 -2879 0 *
Ve
1e-07
-12.262734 62.949924 0
0 0

0101101
*
Ed
 1e-07 1 1 0
1  1531 0 0 2.08800100000001
0

0101000
+2879 0 -2877 0 *
Ve
1e-07
-12.262734 63.993923 0
0 0

0101101
*
Ed
 1e-07 1 1 0
1  1532 0 0 1.043999
0

0101000
+2877 0 -2875 0 *
Ed
 1e-07 1 1 0
1  1533 0 0 1.044003
0

0101000
+2875 0 -2890 0 *
Wi

0101100
+2888 0 +2886 0 +2884 0 +2882 0 +2880 0 +2878 0 +2876 0 +2874 0 +2873 0 *
Fa
0  1e-07 205 0

0111000
+2872 0 *
Ve
1e-07
-5.691678 69.674507 0
0 0

0101101
*
Ve
1e-07
-5.691678 60.554867 0
0 0

0101101
*
Ed
 1e-07 1 1 0
1  1534 0 0 9.11964
0

0101000
+2870 0 -2869 0 *
Ve
1e-07
-2.521329 61.863564 0
0 0

0101101
*
Ed
 1e-07 1 1 0
1  1535 0 0 3.42983973672386
0

0101000
+2869 0 -2867 0 *
Ve
1e-07
0.649019 63.17226 0
0 0

0101101
*
Ed
 1e-07 1 1 0
1  1536 0 0 3.42983843081857
0

0101000
+2867 0 -2865 0 *
Ve
1e-07
0.649019 72.998138 0
0 0

0101101
*
Ed
 1e-07 1 1 0
1  1537 0 0 9.825878
0

0101000
+2865 0 -2863 0 *
Ve
1e-07
-2.521329 75.896149 0
0 0

0101101
*
Ed
 1e-07 1 1 0
1  1538 0 0 4.29529675310391
0

0101000
+2863 0 -2861 0 *
Ve
1e-07
-5.691678 78.794151 0
0 0

0101101
*
Ed
 1e-07 1 1 0
1  1539 0 0 4.29529141896159
0

0101000
+2861 0 -2859 0 *
Ed
 1e-07 1 1 0
1  1540 0 0 9.11964399999999
0

0101000
+2859 0 -2870 0 *
Wi

0101100
+2868 0 +2866 0 +2864 0 +2862 0 +2860 0 +2858 0 +2857 0 *
Fa
0  1e-07 206 0

0111000
+2856 0 *
Ve
1e-07
0.956078 65.720848 0
0 0

0101101
*
Ve
1e-07
0.956078 63.479321 0
0 0

0101101
*
Ed
 1e-07 1 1 0
1  1541 0 0 2.241527
0

0101000
+2854 0 -2853 0 *
Ve
1e-07
2.491372 63.479321 0
0 0

0101101
*
Ed
 1e-07 1 1 0
1  1542 0 0 1.535294
0

0101000
+2853 0 -2851 0 *
Ve
1e-07
1.723725 65.720848 0
0 0

0101101
*
Ed
 1e-07 1 1 0
1  1543 0 0 2.36933011805827
0

0101000
+2851 0 -2849 0 *
Ve
1e-07
0.956078 67.962379 0
0 0

0101101
*
Ed
 1e-07 1 1 0
1  1544 0 0 2.36933390229617
0

0101000
+2849 0 -2847 0 *
Ed
 1e-07 1 1 0
1  1545 0 0 2.24153099999999
0

0101000
+2847 0 -2854 0 *
Wi

0101100
+2852 0 +2850 0 +2848 0 +2846 0 +2845 0 *
Fa
0  1e-07 207 0

0111000
+2844 0 *
Ve
1e-07
-5.998736 62.949924 0
0 0

0101101
*
Ve
1e-07
-5.998736 65.037926 0
0 0

0101101
*
Ed
 1e-07 1 1 0
1  1546 0 0 2.088002
0

0101000
+2842 0 -2841 0 *
Ve
1e-07
-11.955676 65.037926 0
0 0

0101101
*
Ed
 1e-07 1 1 0
1  1547 0 0 5.95694
0

0101000
+2841 0 -2839 0 *
Ve
1e-07
-9.898382 62.949924 0
0 0

0101101
*
Ed
 1e-07 1 1 0
1  1548 0 0 2.93124733764314
0

0101000
+2839 0 -2837 0 *
Ve
1e-07
-7.841089 60.861923 0
0 0

0101101
*
Ed
 1e-07 1 1 0
1  1549 0 0 2.93124592346838
0

0101000
+2837 0 -2835 0 *
Ve
1e-07
-5.998736 60.861923 0
0 0

0101101
*
Ed
 1e-07 1 1 0
1  1550 0 0 1.842353
0

0101000
+2835 0 -2833 0 *
Ed
 1e-07 1 1 0
1  1551 0 0 2.08800100000001
0

0101000
+2833 0 -2842 0 *
Wi

0101100
+2840 0 +2838 0 +2836 0 +2834 0 +2832 0 +2831 0 *
Fa
0  1e-07 208 0

0111000
+2830 0 *
Ve
1e-07
18.059248 72.998138 0
0 0

0101101
*
Ve
1e-07
19.011131 72.998138 0
0 0

0101101
*
Ed
 1e-07 1 1 0
1  1552 0 0 0.951882999999999
0

0101000
+2828 0 -2827 0 *
Ve
1e-07
12.516861 74.234146 0
0 0

0101101
*
Ed
 1e-07 1 1 0
1  1553 0 0 6.61084401638429
0

0101000
+2827 0 -2825 0 *
Ve
1e-07
6.022591 75.470146 0
0 0

0101101
*
Ed
 1e-07 1 1 0
1  1554 0 0 6.61084252065499
0

0101000
+2825 0 -2823 0 *
Ve
1e-07
-0.471679 76.706154 0
0 0

0101101
*
Ed
 1e-07 1 1 0
1  1555 0 0 6.61084401638429
0

0101000
+2823 0 -2821 0 *
Ve
1e-07
4.753415 75.470146 0
0 0

0101101
*
Ed
 1e-07 1 1 0
1  1556 0 0 5.36929446807493
0

0101000
+2821 0 -2819 0 *
Ve
1e-07
9.978509 74.234146 0
0 0

0101101
*
Ed
 1e-07 1 1 0
1  1557 0 0 5.36929262648591
0

0101000
+2819 0 -2817 0 *
Ve
1e-07
15.203603 72.998138 0
0 0

0101101
*
Ed
 1e-07 1 1 0
1  1558 0 0 5.36929446807492
0

0101000
+2817 0 -2815 0 *
Ve
1e-07
16.155485 72.998138 0
0 0

0101101
*
Ed
 1e-07 1 1 0
1  1559 0 0 0.951881999999999
0

0101000
+2815 0 -2813 0 *
Ve
1e-07
17.107367 72.998138 0
0 0

0101101
*
Ed
 1e-07 1 1 0
1  1560 0 0 0.951882000000001
0

0101000
+2813 0 -2811 0 *
Ed
 1e-07 1 1 0
1  1561 0 0 0.951881
0

0101000
+2811 0 -2828 0 *
Wi

0101100
+2826 0 +2824 0 +2822 0 +2820 0 +2818 0 +2816 0 +2814 0 +2812 0 +2810 0 +2809 0 
*
Fa
0  1e-07 209 0

0111000
+2808 0 *
Ve
1e-07
-11.495088 60.861923 0
0 0

0101101
*
Ve
1e-07
-9.970029 60.861923 0
0 0

0101101
*
Ed
 1e-07 1 1 0
1  1562 0 0 1.525059
0

0101000
+2806 0 -2805 0 *
Ve
1e-07
-8.905559 60.861923 0
0 0

0101101
*
Ed
 1e-07 1 1 0
1  1563 0 0 1.06447
0

0101000
+2805 0 -2803 0 *
Ve
1e-07
-7.841089 60.861923 0
0 0

0101101
*
Ed
 1e-07 1 1 0
1  1564 0 0 1.06447
0

0101000
+2803 0 -2801 0 *
Ve
1e-07
-9.898382 62.949924 0
0 0

0101101
*
Ed
 1e-07 1 1 0
1  1565 0 0 2.93124592346838
0

0101000
+2801 0 -2799 0 *
Ve
1e-07
-11.955676 65.037926 0
0 0

0101101
*
Ed
 1e-07 1 1 0
1  1566 0 0 2.93124733764314
0

0101000
+2799 0 -2797 0 *
Ve
1e-07
-11.955676 60.861923 0
0 0

0101101
*
Ed
 1e-07 1 1 0
1  1567 0 0 4.176003
0

0101000
+2797 0 -2795 0 *
Ed
 1e-07 1 1 0
1  1568 0 0 0.460588
0

0101000
+2795 0 -2806 0 *
Wi

0101100
+2804 0 +2802 0 +2800 0 +2798 0 +2796 0 +2794 0 +2793 0 *
Fa
0  1e-07 210 0

0111000
+2792 0 *
Ve
1e-07
2.490315 47.157848 0
0 0

0101101
*
Ve
1e-07
3.257962 47.157848 0
0 0

0101101
*
Ed
 1e-07 1 1 0
1  1569 0 0 0.767647
0

0101000
+2790 0 -2789 0 *
Ve
1e-07
3.964196 48.938789 0
0 0

0101101
*
Ed
 1e-07 1 1 0
1  1570 0 0 1.91585941766013
0

0101000
+2789 0 -2787 0 *
Ve
1e-07
4.670432 50.719727 0
0 0

0101101
*
Ed
 1e-07 1 1 0
1  1571 0 0 1.91585736617839
0

0101000
+2787 0 -2785 0 *
Ve
1e-07
0.433021 50.719727 0
0 0

0101101
*
Ed
 1e-07 1 1 0
1  1572 0 0 4.237411
0

0101000
+2785 0 -2783 0 *
Ve
1e-07
1.077845 48.938789 0
0 0

0101101
*
Ed
 1e-07 1 1 0
1  1573 0 0 1.89407976358442
0

0101000
+2783 0 -2781 0 *
Ve
1e-07
1.722668 47.157848 0
0 0

0101101
*
Ed
 1e-07 1 1 0
1  1574 0 0 1.89408224394032
0

0101000
+2781 0 -2779 0 *
Ed
 1e-07 1 1 0
1  1575 0 0 0.767647
0

0101000
+2779 0 -2790 0 *
Wi

0101100
+2788 0 +2786 0 +2784 0 +2782 0 +2780 0 +2778 0 +2777 0 *
Fa
0  1e-07 211 0

0111000
+2776 0 *
Ve
1e-07
9.153489 48.938789 0
0 0

0101101
*
Ve
1e-07
9.890429 50.719727 0
0 0

0101101
*
Ed
 1e-07 1 1 0
1  1576 0 0 1.9273870196315
0

0101000
+2774 0 -2773 0 *
Ve
1e-07
5.530196 50.719727 0
0 0

0101101
*
Ed
 1e-07 1 1 0
1  1577 0 0 4.360233
0

0101000
+2773 0 -2771 0 *
Ve
1e-07
6.267137 48.938789 0
0 0

0101101
*
Ed
 1e-07 1 1 0
1  1578 0 0 1.92738740198358
0

0101000
+2771 0 -2769 0 *
Ve
1e-07
7.004078 47.157848 0
0 0

0101101
*
Ed
 1e-07 1 1 0
1  1579 0 0 1.92739017403379
0

0101000
+2769 0 -2767 0 *
Ve
1e-07
7.710313 47.157848 0
0 0

0101101
*
Ed
 1e-07 1 1 0
1  1580 0 0 0.706235
0

0101000
+2767 0 -2765 0 *
Ve
1e-07
8.416548 47.157848 0
0 0

0101101
*
Ed
 1e-07 1 1 0
1  1581 0 0 0.706235
0

0101000
+2765 0 -2763 0 *
Ed
 1e-07 1 1 0
1  1582 0 0 1.92739017403379
0

0101000
+2763 0 -2774 0 *
Wi

0101100
+2772 0 +2770 0 +2768 0 +2766 0 +2764 0 +2762 0 +2761 0 *
Fa
0  1e-07 212 0

0111000
+2760 0 *
Ve
1e-07
0.029365 59.010315 0
0 0

0101101
*
Ve
1e-07
0.029365 59.317371 0
0 0

0101101
*
Ed
 1e-07 1 1 0
1  1583 0 0 0.307056000000003
0

0101000
+2758 0 -2757 0 *
Ve
1e-07
-2.831156 59.936119 0
0 0

0101101
*
Ed
 1e-07 1 1 0
1  1584 0 0 2.92667549942678
0

0101000
+2757 0 -2755 0 *
Ve
1e-07
-5.691678 60.554867 0
0 0

0101101
*
Ed
 1e-07 1 1 0
1  1585 0 0 2.92667647682281
0

0101000
+2755 0 -2753 0 *
Ve
1e-07
-2.831156 59.782589 0
0 0

0101101
*
Ed
 1e-07 1 1 0
1  1586 0 0 2.96293763379657
0

0101000
+2753 0 -2751 0 *
Ed
 1e-07 1 1 0
1  1587 0 0 2.96293562578012
0

0101000
+2751 0 -2758 0 *
Wi

0101100
+2756 0 +2754 0 +2752 0 +2750 0 +2749 0 *
Fa
0  1e-07 213 0

0111000
+2748 0 *
Ve
1e-07
-2.831156 59.936119 0
0 0

0101101
*
Ve
1e-07
0.029365 59.317371 0
0 0

0101101
*
Ed
 1e-07 1 1 0
1  1588 0 0 2.92667549942678
0

0101000
+2746 0 -2745 0 *
Ve
1e-07
0.339192 61.244816 0
0 0

0101101
*
Ed
 1e-07 1 1 0
1  1589 0 0 1.95218774659457
0

0101000
+2745 0 -2743 0 *
Ve
1e-07
0.649019 63.17226 0
0 0

0101101
*
Ed
 1e-07 1 1 0
1  1590 0 0 1.95218675926895
0

0101000
+2743 0 -2741 0 *
Ve
1e-07
-2.521329 61.863564 0
0 0

0101101
*
Ed
 1e-07 1 1 0
1  1591 0 0 3.42983843081857
0

0101000
+2741 0 -2739 0 *
Ve
1e-07
-5.691678 60.554867 0
0 0

0101101
*
Ed
 1e-07 1 1 0
1  1592 0 0 3.42983973672386
0

0101000
+2739 0 -2737 0 *
Ed
 1e-07 1 1 0
1  1593 0 0 2.92667647682281
0

0101000
+2737 0 -2746 0 *
Wi

0101100
+2744 0 +2742 0 +2740 0 +2738 0 +2736 0 +2735 0 *
Fa
0  1e-07 214 0

0111000
+2734 0 *
Ve
1e-07
-5.730621 58.917522 0
0 0

0101101
*
Ve
1e-07
-5.769565 57.280178 0
0 0

0101101
*
Ed
 1e-07 1 1 0
1  1594 0 0 1.63780707333678
0

0101000
+2732 0 -2731 0 *
Ve
1e-07
-3.865801 55.195713 0
0 0

0101101
*
Ed
 1e-07 1 1 0
1  1595 0 0 2.82299693657662
0

0101000
+2731 0 -2729 0 *
Ve
1e-07
-1.962037 53.111252 0
0 0

0101101
*
Ed
 1e-07 1 1 0
1  1596 0 0 2.82299398302883
0

0101000
+2729 0 -2727 0 *
Ve
1e-07
-0.058273 51.026787 0
0 0

0101101
*
Ed
 1e-07 1 1 0
1  1597 0 0 2.82299693657662
0

0101000
+2727 0 -2725 0 *
Ve
1e-07
-0.02906 53.687962 0
0 0

0101101
*
Ed
 1e-07 1 1 0
1  1598 0 0 2.66133533775697
0

0101000
+2725 0 -2723 0 *
Ve
1e-07
0.000152 56.349136 0
0 0

0101101
*
Ed
 1e-07 1 1 0
1  1599 0 0 2.66133432684058
0

0101000
+2723 0 -2721 0 *
Ve
1e-07
0.029365 59.010315 0
0 0

0101101
*
Ed
 1e-07 1 1 0
1  1600 0 0 2.66133933751598
0

0101000
+2721 0 -2719 0 *
Ve
1e-07
-2.831156 59.782589 0
0 0

0101101
*
Ed
 1e-07 1 1 0
1  1601 0 0 2.96293562578012
0

0101000
+2719 0 -2717 0 *
Ve
1e-07
-5.691678 60.554867 0
0 0

0101101
*
Ed
 1e-07 1 1 0
1  1602 0 0 2.96293763379657
0

0101000
+2717 0 -2715 0 *
Ed
 1e-07 1 1 0
1  1603 0 0 1.63780804927623
0

0101000
+2715 0 -2732 0 *
Wi

0101100
+2730 0 +2728 0 +2726 0 +2724 0 +2722 0 +2720 0 +2718 0 +2716 0 +2714 0 +2713 0 
*
Fa
0  1e-07 215 0

0111000
+2712 0 *
Ve
1e-07
-2.913919 47.735954 0
0 0

0101101
*
Ve
1e-07
-0.058273 46.666553 0
0 0

0101101
*
Ed
 1e-07 1 1 0
1  1604 0 0 3.04931673922487
0

0101000
+2710 0 -2709 0 *
Ve
1e-07
-0.058273 51.026787 0
0 0

0101101
*
Ed
 1e-07 1 1 0
1  1605 0 0 4.360234
0

0101000
+2709 0 -2707 0 *
Ve
1e-07
-2.913919 51.574188 0
0 0

0101101
*
Ed
 1e-07 1 1 0
1  1606 0 0 2.9076385490836
0

0101000
+2707 0 -2705 0 *
Ve
1e-07
-5.769565 52.12159 0
0 0

0101101
*
Ed
 1e-07 1 1 0
1  1607 0 0 2.90763873734685
0

0101000
+2705 0 -2703 0 *
Ve
1e-07
-5.769565 51.016178 0
0 0

0101101
*
Ed
 1e-07 1 1 0
1  1608 0 0 1.105412
0

0101000
+2703 0 -2701 0 *
Ve
1e-07
-5.769565 49.910767 0
0 0

0101101
*
Ed
 1e-07 1 1 0
1  1609 0 0 1.105411
0

0101000
+2701 0 -2699 0 *
Ve
1e-07
-5.769565 48.805355 0
0 0

0101101
*
Ed
 1e-07 1 1 0
1  1610 0 0 1.105412
0

0101000
+2699 0 -2697 0 *
Ed
 1e-07 1 1 0
1  1611 0 0 3.04931673922487
0

0101000
+2697 0 -2710 0 *
Wi

0101100
+2708 0 +2706 0 +2704 0 +2702 0 +2700 0 +2698 0 +2696 0 +2695 0 *
Fa
0  1e-07 216 0

0111000
+2694 0 *
Ve
1e-07
5.530196 47.157848 0
0 0

0101101
*
Ve
1e-07
7.004078 47.157848 0
0 0

0101101
*
Ed
 1e-07 1 1 0
1  1612 0 0 1.473882
0

0101000
+2692 0 -2691 0 *
Ve
1e-07
6.267137 48.938789 0
0 0

0101101
*
Ed
 1e-07 1 1 0
1  1613 0 0 1.92739017403379
0

0101000
+2691 0 -2689 0 *
Ve
1e-07
5.530196 50.719727 0
0 0

0101101
*
Ed
 1e-07 1 1 0
1  1614 0 0 1.92738740198358
0

0101000
+2689 0 -2687 0 *
Ed
 1e-07 1 1 0
1  1615 0 0 3.561879
0

0101000
+2687 0 -2692 0 *
Wi

0101100
+2690 0 +2688 0 +2686 0 +2685 0 *
Fa
0  1e-07 217 0

0111000
+2684 0 *
Ve
1e-07
8.416548 46.666553 0
0 0

0101101
*
Ve
1e-07
8.416548 47.157848 0
0 0

0101101
*
Ed
 1e-07 1 1 0
1  1616 0 0 0.491295000000001
0

0101000
+2682 0 -2681 0 *
Ve
1e-07
7.710313 47.157848 0
0 0

0101101
*
Ed
 1e-07 1 1 0
1  1617 0 0 0.706235
0

0101000
+2681 0 -2679 0 *
Ve
1e-07
7.004078 47.157848 0
0 0

0101101
*
Ed
 1e-07 1 1 0
1  1618 0 0 0.706235
0

0101000
+2679 0 -2677 0 *
Ve
1e-07
7.004078 46.666553 0
0 0

0101101
*
Ed
 1e-07 1 1 0
1  1619 0 0 0.491295000000001
0

0101000
+2677 0 -2675 0 *
Ve
1e-07
7.710313 46.666553 0
0 0

0101101
*
Ed
 1e-07 1 1 0
1  1620 0 0 0.706235
0

0101000
+2675 0 -2673 0 *
Ed
 1e-07 1 1 0
1  1621 0 0 0.706235
0

0101000
+2673 0 -2682 0 *
Wi

0101100
+2680 0 +2678 0 +2676 0 +2674 0 +2672 0 +2671 0 *
Fa
0  1e-07 218 0

0111000
+2670 0 *
Ve
1e-07
9.890429 47.157848 0
0 0

0101101
*
Ve
1e-07
9.890429 50.719727 0
0 0

0101101
*
Ed
 1e-07 1 1 0
1  1622 0 0 3.561879
0

0101000
+2668 0 -2667 0 *
Ve
1e-07
9.153489 48.938789 0
0 0

0101101
*
Ed
 1e-07 1 1 0
1  1623 0 0 1.9273870196315
0

0101000
+2667 0 -2665 0 *
Ve
1e-07
8.416548 47.157848 0
0 0

0101101
*
Ed
 1e-07 1 1 0
1  1624 0 0 1.92739017403379
0

0101000
+2665 0 -2663 0 *
Ed
 1e-07 1 1 0
1  1625 0 0 1.473881
0

0101000
+2663 0 -2668 0 *
Wi

0101100
+2666 0 +2664 0 +2662 0 +2661 0 *
Fa
0  1e-07 219 0

0111000
+2660 0 *
Ve
1e-07
0.433021 48.938789 0
0 0

0101101
*
Ve
1e-07
0.433021 47.157848 0
0 0

0101101
*
Ed
 1e-07 1 1 0
1  1626 0 0 1.780941
0

0101000
+2658 0 -2657 0 *
Ve
1e-07
1.722668 47.157848 0
0 0

0101101
*
Ed
 1e-07 1 1 0
1  1627 0 0 1.289647
0

0101000
+2657 0 -2655 0 *
Ve
1e-07
1.077845 48.938789 0
0 0

0101101
*
Ed
 1e-07 1 1 0
1  1628 0 0 1.89408224394032
0

0101000
+2655 0 -2653 0 *
Ve
1e-07
0.433021 50.719727 0
0 0

0101101
*
Ed
 1e-07 1 1 0
1  1629 0 0 1.89407976358442
0

0101000
+2653 0 -2651 0 *
Ed
 1e-07 1 1 0
1  1630 0 0 1.780938
0

0101000
+2651 0 -2658 0 *
Wi

0101100
+2656 0 +2654 0 +2652 0 +2650 0 +2649 0 *
Fa
0  1e-07 220 0

0111000
+2648 0 *
Ve
1e-07
3.257962 46.666553 0
0 0

0101101
*
Ve
1e-07
3.257962 47.157848 0
0 0

0101101
*
Ed
 1e-07 1 1 0
1  1631 0 0 0.491295000000001
0

0101000
+2646 0 -2645 0 *
Ve
1e-07
2.490315 47.157848 0
0 0

0101101
*
Ed
 1e-07 1 1 0
1  1632 0 0 0.767647
0

0101000
+2645 0 -2643 0 *
Ve
1e-07
1.722668 47.157848 0
0 0

0101101
*
Ed
 1e-07 1 1 0
1  1633 0 0 0.767647
0

0101000
+2643 0 -2641 0 *
Ve
1e-07
1.722668 46.666553 0
0 0

0101101
*
Ed
 1e-07 1 1 0
1  1634 0 0 0.491295000000001
0

0101000
+2641 0 -2639 0 *
Ve
1e-07
2.490315 46.666553 0
0 0

0101101
*
Ed
 1e-07 1 1 0
1  1635 0 0 0.767647
0

0101000
+2639 0 -2637 0 *
Ed
 1e-07 1 1 0
1  1636 0 0 0.767647
0

0101000
+2637 0 -2646 0 *
Wi

0101100
+2644 0 +2642 0 +2640 0 +2638 0 +2636 0 +2635 0 *
Fa
0  1e-07 221 0

0111000
+2634 0 *
Ve
1e-07
-8.734864 42.858837 0
0 0

0101101
*
Ve
1e-07
-5.866049 38.140556 0
0 0

0101101
*
Ed
 1e-07 1 1 0
1  1637 0 0 5.5219810846458
0

0101000
+2632 0 -2631 0 *
Ve
1e-07
-2.962161 42.403553 0
0 0

0101101
*
Ed
 1e-07 1 1 0
1  1638 0 0 5.15807221145197
0

0101000
+2631 0 -2629 0 *
Ve
1e-07
-0.058273 46.666553 0
0 0

0101101
*
Ed
 1e-07 1 1 0
1  1639 0 0 5.15807469086519
0

0101000
+2629 0 -2627 0 *
Ve
1e-07
-2.913919 47.121838 0
0 0

0101101
*
Ed
 1e-07 1 1 0
1  1640 0 0 2.89171203762425
0

0101000
+2627 0 -2625 0 *
Ve
1e-07
-5.769565 47.577122 0
0 0

0101101
*
Ed
 1e-07 1 1 0
1  1641 0 0 2.89171188017963
0

0101000
+2625 0 -2623 0 *
Ve
1e-07
-11.603681 47.577122 0
0 0

0101101
*
Ed
 1e-07 1 1 0
1  1642 0 0 5.834116
0

0101000
+2623 0 -2621 0 *
Ed
 1e-07 1 1 0
1  1643 0 0 5.5219855415162
0

0101000
+2621 0 -2632 0 *
Wi

0101100
+2630 0 +2628 0 +2626 0 +2624 0 +2622 0 +2620 0 +2619 0 *
Fa
0  1e-07 222 0

0111000
+2618 0 *
Ve
1e-07
3.964196 48.938789 0
0 0

0101101
*
Ve
1e-07
3.257962 47.157848 0
0 0

0101101
*
Ed
 1e-07 1 1 0
1  1644 0 0 1.91585941766013
0

0101000
+2616 0 -2615 0 *
Ve
1e-07
4.670432 47.157848 0
0 0

0101101
*
Ed
 1e-07 1 1 0
1  1645 0 0 1.41247
0

0101000
+2615 0 -2613 0 *
Ve
1e-07
4.670432 50.719727 0
0 0

0101101
*
Ed
 1e-07 1 1 0
1  1646 0 0 3.561879
0

0101000
+2613 0 -2611 0 *
Ed
 1e-07 1 1 0
1  1647 0 0 1.91585736617839
0

0101000
+2611 0 -2616 0 *
Wi

0101100
+2614 0 +2612 0 +2610 0 +2609 0 *
Fa
0  1e-07 223 0

0111000
+2608 0 *
Ve
1e-07
-5.769565 48.805355 0
0 0

0101101
*
Ve
1e-07
-5.769565 47.577122 0
0 0

0101101
*
Ed
 1e-07 1 1 0
1  1648 0 0 1.228233
0

0101000
+2606 0 -2605 0 *
Ve
1e-07
-2.913919 47.121838 0
0 0

0101101
*
Ed
 1e-07 1 1 0
1  1649 0 0 2.89171188017963
0

0101000
+2605 0 -2603 0 *
Ve
1e-07
-0.058273 46.666553 0
0 0

0101101
*
Ed
 1e-07 1 1 0
1  1650 0 0 2.89171203762425
0

0101000
+2603 0 -2601 0 *
Ve
1e-07
-2.913919 47.735954 0
0 0

0101101
*
Ed
 1e-07 1 1 0
1  1651 0 0 3.04931673922487
0

0101000
+2601 0 -2599 0 *
Ed
 1e-07 1 1 0
1  1652 0 0 3.04931673922487
0

0101000
+2599 0 -2606 0 *
Wi

0101100
+2604 0 +2602 0 +2600 0 +2598 0 +2597 0 *
Fa
0  1e-07 224 0

0111000
+2596 0 *
Ve
1e-07
10.438656 50.719727 0
0 0

0101101
*
Ve
1e-07
10.438656 46.666553 0
0 0

0101101
*
Ed
 1e-07 1 1 0
1  1653 0 0 4.053174
0

0101000
+2594 0 -2593 0 *
Ve
1e-07
12.526655 48.693142 0
0 0

0101101
*
Ed
 1e-07 1 1 0
1  1654 0 0 2.90977710468036
0

0101000
+2593 0 -2591 0 *
Ve
1e-07
14.614655 50.719727 0
0 0

0101101
*
Ed
 1e-07 1 1 0
1  1655 0 0 2.9097750363602
0

0101000
+2591 0 -2589 0 *
Ed
 1e-07 1 1 0
1  1656 0 0 4.175999
0

0101000
+2589 0 -2594 0 *
Wi

0101100
+2592 0 +2590 0 +2588 0 +2587 0 *
Fa
0  1e-07 225 0

0111000
+2586 0 *
Ve
1e-07
-5.691678 60.554867 0
0 0

0101101
*
Ve
1e-07
-7.841089 60.554867 0
0 0

0101101
*
Ed
 1e-07 1 1 0
1  1657 0 0 2.149411
0

0101000
+2584 0 -2583 0 *
Ve
1e-07
-9.095286 59.463303 0
0 0

0101101
*
Ed
 1e-07 1 1 0
1  1658 0 0 1.66268520198653
0

0101000
+2583 0 -2581 0 *
Ve
1e-07
-10.349483 58.371738 0
0 0

0101101
*
Ed
 1e-07 1 1 0
1  1659 0 0 1.66268585849342
0

0101000
+2581 0 -2579 0 *
Ve
1e-07
-11.603681 57.280178 0
0 0

0101101
*
Ed
 1e-07 1 1 0
1  1660 0 0 1.66268333028391
0

0101000
+2579 0 -2577 0 *
Ve
1e-07
-5.769565 57.280178 0
0 0

0101101
*
Ed
 1e-07 1 1 0
1  1661 0 0 5.834116
0

0101000
+2577 0 -2575 0 *
Ve
1e-07
-5.730621 58.917522 0
0 0

0101101
*
Ed
 1e-07 1 1 0
1  1662 0 0 1.63780707333678
0

0101000
+2575 0 -2573 0 *
Ed
 1e-07 1 1 0
1  1663 0 0 1.63780804927623
0

0101000
+2573 0 -2584 0 *
Wi

0101100
+2582 0 +2580 0 +2578 0 +2576 0 +2574 0 +2572 0 +2571 0 *
Fa
0  1e-07 226 0

0111000
+2570 0 *
Ve
1e-07
-10.349483 58.371738 0
0 0

0101101
*
Ve
1e-07
-9.095286 59.463303 0
0 0

0101101
*
Ed
 1e-07 1 1 0
1  1664 0 0 1.66268585849342
0

0101000
+2568 0 -2567 0 *
Ve
1e-07
-7.841089 60.554867 0
0 0

0101101
*
Ed
 1e-07 1 1 0
1  1665 0 0 1.66268520198653
0

0101000
+2567 0 -2565 0 *
Ve
1e-07
-7.841089 60.708393 0
0 0

0101101
*
Ed
 1e-07 1 1 0
1  1666 0 0 0.153525999999999
0

0101000
+2565 0 -2563 0 *
Ve
1e-07
-7.841089 60.861923 0
0 0

0101101
*
Ed
 1e-07 1 1 0
1  1667 0 0 0.153529999999996
0

0101000
+2563 0 -2561 0 *
Ve
1e-07
-8.905559 60.759571 0
0 0

0101101
*
Ed
 1e-07 1 1 0
1  1668 0 0 1.06937940545159
0

0101000
+2561 0 -2559 0 *
Ve
1e-07
-9.970029 60.657219 0
0 0

0101101
*
Ed
 1e-07 1 1 0
1  1669 0 0 1.06937940545159
0

0101000
+2559 0 -2557 0 *
Ve
1e-07
-11.034499 60.554867 0
0 0

0101101
*
Ed
 1e-07 1 1 0
1  1670 0 0 1.06937940545159
0

0101000
+2557 0 -2555 0 *
Ve
1e-07
-11.31909 58.917522 0
0 0

0101101
*
Ed
 1e-07 1 1 0
1  1671 0 0 1.66189370487586
0

0101000
+2555 0 -2553 0 *
Ve
1e-07
-11.603681 57.280178 0
0 0

0101101
*
Ed
 1e-07 1 1 0
1  1672 0 0 1.66189271964739
0

0101000
+2553 0 -2551 0 *
Ed
 1e-07 1 1 0
1  1673 0 0 1.66268333028391
0

0101000
+2551 0 -2568 0 *
Wi

0101100
+2566 0 +2564 0 +2562 0 +2560 0 +2558 0 +2556 0 +2554 0 +2552 0 +2550 0 +2549 0 
*
Fa
0  1e-07 227 0

0111000
+2548 0 *
Ve
1e-07
-8.905559 60.759571 0
0 0

0101101
*
Ve
1e-07
-7.841089 60.861923 0
0 0

0101101
*
Ed
 1e-07 1 1 0
1  1674 0 0 1.06937940545159
0

0101000
+2546 0 -2545 0 *
Ve
1e-07
-8.905559 60.861923 0
0 0

0101101
*
Ed
 1e-07 1 1 0
1  1675 0 0 1.06447
0

0101000
+2545 0 -2543 0 *
Ve
1e-07
-9.970029 60.861923 0
0 0

0101101
*
Ed
 1e-07 1 1 0
1  1676 0 0 1.06447
0

0101000
+2543 0 -2541 0 *
Ve
1e-07
-11.034499 60.861923 0
0 0

0101101
*
Ed
 1e-07 1 1 0
1  1677 0 0 1.06447
0

0101000
+2541 0 -2539 0 *
Ve
1e-07
-11.034499 60.554867 0
0 0

0101101
*
Ed
 1e-07 1 1 0
1  1678 0 0 0.307055999999996
0

0101000
+2539 0 -2537 0 *
Ve
1e-07
-9.970029 60.657219 0
0 0

0101101
*
Ed
 1e-07 1 1 0
1  1679 0 0 1.06937940545159
0

0101000
+2537 0 -2535 0 *
Ed
 1e-07 1 1 0
1  1680 0 0 1.06937940545159
0

0101000
+2535 0 -2546 0 *
Wi

0101100
+2544 0 +2542 0 +2540 0 +2538 0 +2536 0 +2534 0 +2533 0 *
Fa
0  1e-07 228 0

0111000
+2532 0 *
Ve
1e-07
-17.912615 60.554867 0
0 0

0101101
*
Ve
1e-07
-17.130737 57.280178 0
0 0

0101101
*
Ed
 1e-07 1 1 0
1  1681 0 0 3.36673747916362
0

0101000
+2530 0 -2529 0 *
Ve
1e-07
-14.367209 57.280178 0
0 0

0101101
*
Ed
 1e-07 1 1 0
1  1682 0 0 2.763528
0

0101000
+2529 0 -2527 0 *
Ve
1e-07
-11.603681 57.280178 0
0 0

0101101
*
Ed
 1e-07 1 1 0
1  1683 0 0 2.763528
0

0101000
+2527 0 -2525 0 *
Ve
1e-07
-11.31909 58.917522 0
0 0

0101101
*
Ed
 1e-07 1 1 0
1  1684 0 0 1.66189271964739
0

0101000
+2525 0 -2523 0 *
Ve
1e-07
-11.034499 60.554867 0
0 0

0101101
*
Ed
 1e-07 1 1 0
1  1685 0 0 1.66189370487586
0

0101000
+2523 0 -2521 0 *
Ed
 1e-07 1 1 0
1  1686 0 0 6.878116
0

0101000
+2521 0 -2530 0 *
Wi

0101100
+2528 0 +2526 0 +2524 0 +2522 0 +2520 0 +2519 0 *
Fa
0  1e-07 229 0

0111000
+2518 0 *
Ve
1e-07
-18.956614 60.677689 0
0 0

0101101
*
Ve
1e-07
-20.000614 60.800514 0
0 0

0101101
*
Ed
 1e-07 1 1 0
1  1687 0 0 1.05120025714656
0

0101000
+2516 0 -2515 0 *
Ve
1e-07
-21.044613 60.923336 0
0 0

0101101
*
Ed
 1e-07 1 1 0
1  1688 0 0 1.05119891347214
0

0101000
+2515 0 -2513 0 *
Ve
1e-07
-21.482735 59.101757 0
0 0

0101101
*
Ed
 1e-07 1 1 0
1  1689 0 0 1.87352633825228
0

0101000
+2513 0 -2511 0 *
Ve
1e-07
-21.920855 57.280178 0
0 0

0101101
*
Ed
 1e-07 1 1 0
1  1690 0 0 1.87352587055557
0

0101000
+2511 0 -2509 0 *
Ve
1e-07
-19.525795 57.280178 0
0 0

0101101
*
Ed
 1e-07 1 1 0
1  1691 0 0 2.39506
0

0101000
+2509 0 -2507 0 *
Ve
1e-07
-17.130737 57.280178 0
0 0

0101101
*
Ed
 1e-07 1 1 0
1  1692 0 0 2.395058
0

0101000
+2507 0 -2505 0 *
Ve
1e-07
-17.912615 60.554867 0
0 0

0101101
*
Ed
 1e-07 1 1 0
1  1693 0 0 3.36673747916362
0

0101000
+2505 0 -2503 0 *
Ed
 1e-07 1 1 0
1  1694 0 0 1.05119891347214
0

0101000
+2503 0 -2516 0 *
Wi

0101100
+2514 0 +2512 0 +2510 0 +2508 0 +2506 0 +2504 0 +2502 0 +2501 0 *
Fa
0  1e-07 230 0

0111000
+2500 0 *
Ve
1e-07
-21.613794 56.973118 0
0 0

0101101
*
Ve
1e-07
-21.613794 52.244415 0
0 0

0101101
*
Ed
 1e-07 1 1 0
1  1695 0 0 4.728703
0

0101000
+2498 0 -2497 0 *
Ve
1e-07
-19.525795 50.064297 0
0 0

0101101
*
Ed
 1e-07 1 1 0
1  1696 0 0 3.01871732991431
0

0101000
+2497 0 -2495 0 *
Ve
1e-07
-17.437796 47.884182 0
0 0

0101101
*
Ed
 1e-07 1 1 0
1  1697 0 0 3.01871516331468
0

0101000
+2495 0 -2493 0 *
Ve
1e-07
-17.437796 56.973118 0
0 0

0101101
*
Ed
 1e-07 1 1 0
1  1698 0 0 9.088936
0

0101000
+2493 0 -2491 0 *
Ed
 1e-07 1 1 0
1  1699 0 0 4.175998
0

0101000
+2491 0 -2498 0 *
Wi

0101100
+2496 0 +2494 0 +2492 0 +2490 0 +2489 0 *
Fa
0  1e-07 231 0

0111000
+2488 0 *
Ve
1e-07
-11.603681 47.577122 0
0 0

0101101
*
Ve
1e-07
-11.603681 57.280178 0
0 0

0101101
*
Ed
 1e-07 1 1 0
1  1700 0 0 9.703056
0

0101000
+2486 0 -2485 0 *
Ve
1e-07
-14.367209 57.280178 0
0 0

0101101
*
Ed
 1e-07 1 1 0
1  1701 0 0 2.763528
0

0101000
+2485 0 -2483 0 *
Ve
1e-07
-17.130737 57.280178 0
0 0

0101101
*
Ed
 1e-07 1 1 0
1  1702 0 0 2.763528
0

0101000
+2483 0 -2481 0 *
Ve
1e-07
-17.130737 47.577122 0
0 0

0101101
*
Ed
 1e-07 1 1 0
1  1703 0 0 9.703056
0

0101000
+2481 0 -2479 0 *
Ed
 1e-07 1 1 0
1  1704 0 0 5.527056
0

0101000
+2479 0 -2486 0 *
Wi

0101100
+2484 0 +2482 0 +2480 0 +2478 0 +2477 0 *
Fa
0  1e-07 232 0

0111000
+2476 0 *
Ve
1e-07
-8.686623 50.002888 0
0 0

0101101
*
Ve
1e-07
-6.076623 52.12159 0
0 0

0101101
*
Ed
 1e-07 1 1 0
1  1705 0 0 3.36169572757619
0

0101000
+2474 0 -2473 0 *
Ve
1e-07
-6.076623 56.973118 0
0 0

0101101
*
Ed
 1e-07 1 1 0
1  1706 0 0 4.851528
0

0101000
+2473 0 -2471 0 *
Ve
1e-07
-11.296622 56.973118 0
0 0

0101101
*
Ed
 1e-07 1 1 0
1  1707 0 0 5.219999
0

0101000
+2471 0 -2469 0 *
Ve
1e-07
-11.296622 47.884182 0
0 0

0101101
*
Ed
 1e-07 1 1 0
1  1708 0 0 9.088936
0

0101000
+2469 0 -2467 0 *
Ed
 1e-07 1 1 0
1  1709 0 0 3.36169747217637
0

0101000
+2467 0 -2474 0 *
Wi

0101100
+2472 0 +2470 0 +2468 0 +2466 0 +2465 0 *
Fa
0  1e-07 233 0

0111000
+2464 0 *
Ve
1e-07
-5.769565 51.016178 0
0 0

0101101
*
Ve
1e-07
-5.769565 52.12159 0
0 0

0101101
*
Ed
 1e-07 1 1 0
1  1710 0 0 1.105412
0

0101000
+2462 0 -2461 0 *
Ve
1e-07
-6.076623 52.12159 0
0 0

0101101
*
Ed
 1e-07 1 1 0
1  1711 0 0 0.307058
0

0101000
+2461 0 -2459 0 *
Ve
1e-07
-6.076623 51.016178 0
0 0

0101101
*
Ed
 1e-07 1 1 0
1  1712 0 0 1.105412
0

0101000
+2459 0 -2457 0 *
Ve
1e-07
-6.076623 49.910767 0
0 0

0101101
*
Ed
 1e-07 1 1 0
1  1713 0 0 1.105411
0

0101000
+2457 0 -2455 0 *
Ve
1e-07
-6.076623 48.805355 0
0 0

0101101
*
Ed
 1e-07 1 1 0
1  1714 0 0 1.105412
0

0101000
+2455 0 -2453 0 *
Ve
1e-07
-5.769565 48.805355 0
0 0

0101101
*
Ed
 1e-07 1 1 0
1  1715 0 0 0.307058
0

0101000
+2453 0 -2451 0 *
Ve
1e-07
-5.769565 49.910767 0
0 0

0101101
*
Ed
 1e-07 1 1 0
1  1716 0 0 1.105412
0

0101000
+2451 0 -2449 0 *
Ed
 1e-07 1 1 0
1  1717 0 0 1.105411
0

0101000
+2449 0 -2462 0 *
Wi

0101100
+2460 0 +2458 0 +2456 0 +2454 0 +2452 0 +2450 0 +2448 0 +2447 0 *
Fa
0  1e-07 234 0

0111000
+2446 0 *
Ve
1e-07
-6.076623 49.910767 0
0 0

0101101
*
Ve
1e-07
-6.076623 51.016178 0
0 0

0101101
*
Ed
 1e-07 1 1 0
1  1718 0 0 1.105411
0

0101000
+2444 0 -2443 0 *
Ve
1e-07
-6.076623 52.12159 0
0 0

0101101
*
Ed
 1e-07 1 1 0
1  1719 0 0 1.105412
0

0101000
+2443 0 -2441 0 *
Ve
1e-07
-8.686623 50.002888 0
0 0

0101101
*
Ed
 1e-07 1 1 0
1  1720 0 0 3.36169572757619
0

0101000
+2441 0 -2439 0 *
Ve
1e-07
-11.296622 47.884182 0
0 0

0101101
*
Ed
 1e-07 1 1 0
1  1721 0 0 3.36169747217637
0

0101000
+2439 0 -2437 0 *
Ve
1e-07
-6.076623 47.884182 0
0 0

0101101
*
Ed
 1e-07 1 1 0
1  1722 0 0 5.219999
0

0101000
+2437 0 -2435 0 *
Ve
1e-07
-6.076623 48.344769 0
0 0

0101101
*
Ed
 1e-07 1 1 0
1  1723 0 0 0.460586999999997
0

0101000
+2435 0 -2433 0 *
Ed
 1e-07 1 1 0
1  1724 0 0 1.565998
0

0101000
+2433 0 -2444 0 *
Wi

0101100
+2442 0 +2440 0 +2438 0 +2436 0 +2434 0 +2432 0 +2431 0 *
Fa
0  1e-07 235 0

0111000
+2430 0 *
Ve
1e-07
-3.865801 55.195713 0
0 0

0101101
*
Ve
1e-07
-5.769565 57.280178 0
0 0

0101101
*
Ed
 1e-07 1 1 0
1  1725 0 0 2.82299693657662
0

0101000
+2428 0 -2427 0 *
Ve
1e-07
-5.769565 52.12159 0
0 0

0101101
*
Ed
 1e-07 1 1 0
1  1726 0 0 5.158588
0

0101000
+2427 0 -2425 0 *
Ve
1e-07
-2.913919 51.574188 0
0 0

0101101
*
Ed
 1e-07 1 1 0
1  1727 0 0 2.90763873734685
0

0101000
+2425 0 -2423 0 *
Ve
1e-07
-0.058273 51.026787 0
0 0

0101101
*
Ed
 1e-07 1 1 0
1  1728 0 0 2.9076385490836
0

0101000
+2423 0 -2421 0 *
Ve
1e-07
-1.962037 53.111252 0
0 0

0101101
*
Ed
 1e-07 1 1 0
1  1729 0 0 2.82299693657662
0

0101000
+2421 0 -2419 0 *
Ed
 1e-07 1 1 0
1  1730 0 0 2.82299398302883
0

0101000
+2419 0 -2428 0 *
Wi

0101100
+2426 0 +2424 0 +2422 0 +2420 0 +2418 0 +2417 0 *
Fa
0  1e-07 236 0

0111000
+2416 0 *
Ve
1e-07
-8.734864 42.858837 0
0 0

0101101
*
Ve
1e-07
-11.603681 47.577122 0
0 0

0101101
*
Ed
 1e-07 1 1 0
1  1731 0 0 5.5219855415162
0

0101000
+2414 0 -2413 0 *
Ve
1e-07
-17.130737 47.577122 0
0 0

0101101
*
Ed
 1e-07 1 1 0
1  1732 0 0 5.527056
0

0101000
+2413 0 -2411 0 *
Ve
1e-07
-14.415451 42.858837 0
0 0

0101101
*
Ed
 1e-07 1 1 0
1  1733 0 0 5.44380302757374
0

0101000
+2411 0 -2409 0 *
Ve
1e-07
-11.700165 38.140556 0
0 0

0101101
*
Ed
 1e-07 1 1 0
1  1734 0 0 5.44379956067057
0

0101000
+2409 0 -2407 0 *
Ve
1e-07
-5.866049 38.140556 0
0 0

0101101
*
Ed
 1e-07 1 1 0
1  1735 0 0 5.834116
0

0101000
+2407 0 -2405 0 *
Ed
 1e-07 1 1 0
1  1736 0 0 5.5219810846458
0

0101000
+2405 0 -2414 0 *
Wi

0101100
+2412 0 +2410 0 +2408 0 +2406 0 +2404 0 +2403 0 *
Fa
0  1e-07 237 0

0111000
+2402 0 *
Ve
1e-07
-12.462322 81.987564 0
0 0

0101101
*
Ve
1e-07
-5.937325 82.41745 0
0 0

0101101
*
Ed
 1e-07 1 1 0
1  1737 0 0 6.53914274373981
0

0101000
+2400 0 -2399 0 *
Ve
1e-07
-5.937325 84.873917 0
0 0

0101101
*
Ed
 1e-07 1 1 0
1  1738 0 0 2.456467
0

0101000
+2399 0 -2397 0 *
Ve
1e-07
-18.98732 84.873917 0
0 0

0101101
*
Ed
 1e-07 1 1 0
1  1739 0 0 13.049995
0

0101000
+2397 0 -2395 0 *
Ve
1e-07
-18.98732 81.557686 0
0 0

0101101
*
Ed
 1e-07 1 1 0
1  1740 0 0 3.316231
0

0101000
+2395 0 -2393 0 *
Ed
 1e-07 1 1 0
1  1741 0 0 6.53914321565815
0

0101000
+2393 0 -2400 0 *
Wi

0101100
+2398 0 +2396 0 +2394 0 +2392 0 +2391 0 *
Fa
0  1e-07 238 0

0111000
+2390 0 *
Ve
1e-07
-22.395672 83.400032 0
0 0

0101101
*
Ve
1e-07
-21.535908 81.926155 0
0 0

0101101
*
Ed
 1e-07 1 1 0
1  1742 0 0 1.70631402350945
0

0101000
+2388 0 -2387 0 *
Ve
1e-07
-19.325085 81.926155 0
0 0

0101101
*
Ed
 1e-07 1 1 0
1  1743 0 0 2.210823
0

0101000
+2387 0 -2385 0 *
Ve
1e-07
-19.325085 84.873917 0
0 0

0101101
*
Ed
 1e-07 1 1 0
1  1744 0 0 2.94776200000001
0

0101000
+2385 0 -2383 0 *
Ve
1e-07
-23.255436 84.873917 0
0 0

0101101
*
Ed
 1e-07 1 1 0
1  1745 0 0 3.930351
0

0101000
+2383 0 -2381 0 *
Ed
 1e-07 1 1 0
1  1746 0 0 1.70632093374049
0

0101000
+2381 0 -2388 0 *
Wi

0101100
+2386 0 +2384 0 +2382 0 +2380 0 +2379 0 *
Fa
0  1e-07 239 0

0111000
+2378 0 *
Ve
1e-07
-21.535908 81.557686 0
0 0

0101101
*
Ve
1e-07
-21.535908 81.926155 0
0 0

0101101
*
Ed
 1e-07 1 1 0
1  1747 0 0 0.36846899999999
0

0101000
+2376 0 -2375 0 *
Ve
1e-07
-22.180731 81.926155 0
0 0

0101101
*
Ed
 1e-07 1 1 0
1  1748 0 0 0.644823000000002
0

0101000
+2375 0 -2373 0 *
Ve
1e-07
-22.825554 81.926155 0
0 0

0101101
*
Ed
 1e-07 1 1 0
1  1749 0 0 0.644822999999999
0

0101000
+2373 0 -2371 0 *
Ve
1e-07
-22.825554 81.557686 0
0 0

0101101
*
Ed
 1e-07 1 1 0
1  1750 0 0 0.36846899999999
0

0101000
+2371 0 -2369 0 *
Ve
1e-07
-22.180731 81.557686 0
0 0

0101101
*
Ed
 1e-07 1 1 0
1  1751 0 0 0.644822999999999
0

0101000
+2369 0 -2367 0 *
Ed
 1e-07 1 1 0
1  1752 0 0 0.644823000000002
0

0101000
+2367 0 -2376 0 *
Wi

0101100
+2374 0 +2372 0 +2370 0 +2368 0 +2366 0 +2365 0 *
Fa
0  1e-07 240 0

0111000
+2364 0 *
Ve
1e-07
-23.255436 81.926155 0
0 0

0101101
*
Ve
1e-07
-22.180731 81.926155 0
0 0

0101101
*
Ed
 1e-07 1 1 0
1  1753 0 0 1.074705
0

0101000
+2362 0 -2361 0 *
Ve
1e-07
-21.535908 81.926155 0
0 0

0101101
*
Ed
 1e-07 1 1 0
1  1754 0 0 0.644823000000002
0

0101000
+2361 0 -2359 0 *
Ve
1e-07
-22.395672 83.400032 0
0 0

0101101
*
Ed
 1e-07 1 1 0
1  1755 0 0 1.70631402350945
0

0101000
+2359 0 -2357 0 *
Ve
1e-07
-23.255436 84.873917 0
0 0

0101101
*
Ed
 1e-07 1 1 0
1  1756 0 0 1.70632093374049
0

0101000
+2357 0 -2355 0 *
Ed
 1e-07 1 1 0
1  1757 0 0 2.94776200000001
0

0101000
+2355 0 -2362 0 *
Wi

0101100
+2360 0 +2358 0 +2356 0 +2354 0 +2353 0 *
Fa
0  1e-07 241 0

0111000
+2352 0 *
Ve
1e-07
-31.48461 84.536148 0
0 0

0101101
*
Ve
1e-07
-30.502022 80.575096 0
0 0

0101101
*
Ed
 1e-07 1 1 0
1  1758 0 0 4.08110427757586
0

0101000
+2350 0 -2349 0 *
Ve
1e-07
-23.562496 80.575096 0
0 0

0101101
*
Ed
 1e-07 1 1 0
1  1759 0 0 6.939526
0

0101000
+2349 0 -2347 0 *
Ve
1e-07
-23.562496 88.497208 0
0 0

0101101
*
Ed
 1e-07 1 1 0
1  1760 0 0 7.922112
0

0101000
+2347 0 -2345 0 *
Ve
1e-07
-32.467197 88.497208 0
0 0

0101101
*
Ed
 1e-07 1 1 0
1  1761 0 0 8.904701
0

0101000
+2345 0 -2343 0 *
Ed
 1e-07 1 1 0
1  1762 0 0 4.08111180147874
0

0101000
+2343 0 -2350 0 *
Wi

0101100
+2348 0 +2346 0 +2344 0 +2342 0 +2341 0 *
Fa
0  1e-07 242 0

0111000
+2340 0 *
Ve
1e-07
-23.040495 80.912857 0
0 0

0101101
*
Ve
1e-07
-22.825554 81.557686 0
0 0

0101101
*
Ed
 1e-07 1 1 0
1  1763 0 0 0.679708814656689
0

0101000
+2338 0 -2337 0 *
Ve
1e-07
-23.255436 81.557686 0
0 0

0101101
*
Ed
 1e-07 1 1 0
1  1764 0 0 0.429881999999999
0

0101000
+2337 0 -2335 0 *
Ve
1e-07
-23.255436 81.496269 0
0 0

0101101
*
Ed
 1e-07 1 1 0
1  1765 0 0 0.0614170000000058
0

0101000
+2335 0 -2333 0 *
Ve
1e-07
-23.255436 80.268036 0
0 0

0101101
*
Ed
 1e-07 1 1 0
1  1766 0 0 1.228233
0

0101000
+2333 0 -2331 0 *
Ed
 1e-07 1 1 0
1  1767 0 0 0.679701225187957
0

0101000
+2331 0 -2338 0 *
Wi

0101100
+2336 0 +2334 0 +2332 0 +2330 0 +2329 0 *
Fa
0  1e-07 243 0

0111000
+2328 0 *
Ve
1e-07
-23.040495 80.912857 0
0 0

0101101
*
Ve
1e-07
-23.255436 80.268036 0
0 0

0101101
*
Ed
 1e-07 1 1 0
1  1768 0 0 0.679701225187957
0

0101000
+2326 0 -2325 0 *
Ve
1e-07
-21.121378 80.912857 0
0 0

0101101
*
Ed
 1e-07 1 1 0
1  1769 0 0 2.22934915825337
0

0101000
+2325 0 -2323 0 *
Ve
1e-07
-18.98732 81.557686 0
0 0

0101101
*
Ed
 1e-07 1 1 0
1  1770 0 0 2.22935147220105
0

0101000
+2323 0 -2321 0 *
Ve
1e-07
-21.535908 81.557686 0
0 0

0101101
*
Ed
 1e-07 1 1 0
1  1771 0 0 2.548588
0

0101000
+2321 0 -2319 0 *
Ve
1e-07
-22.180731 81.557686 0
0 0

0101101
*
Ed
 1e-07 1 1 0
1  1772 0 0 0.644823000000002
0

0101000
+2319 0 -2317 0 *
Ve
1e-07
-22.825554 81.557686 0
0 0

0101101
*
Ed
 1e-07 1 1 0
1  1773 0 0 0.644822999999999
0

0101000
+2317 0 -2315 0 *
Ed
 1e-07 1 1 0
1  1774 0 0 0.679708814656689
0

0101000
+2315 0 -2326 0 *
Wi

0101100
+2324 0 +2322 0 +2320 0 +2318 0 +2316 0 +2314 0 +2313 0 *
Fa
0  1e-07 244 0

0111000
+2312 0 *
Ve
1e-07
-37.912373 78.261917 0
0 0

0101101
*
Ve
1e-07
-41.61755 77.258858 0
0 0

0101101
*
Ed
 1e-07 1 1 0
1  1775 0 0 3.83854972076825
0

0101000
+2310 0 -2309 0 *
Ve
1e-07
-23.808142 77.258858 0
0 0

0101101
*
Ed
 1e-07 1 1 0
1  1776 0 0 17.809408
0

0101000
+2309 0 -2307 0 *
Ve
1e-07
-5.998736 77.258858 0
0 0

0101101
*
Ed
 1e-07 1 1 0
1  1777 0 0 17.809406
0

0101000
+2307 0 -2305 0 *
Ve
1e-07
-14.627087 78.763451 0
0 0

0101101
*
Ed
 1e-07 1 1 0
1  1778 0 0 8.75855245316542
0

0101000
+2305 0 -2303 0 *
Ve
1e-07
-23.255436 80.268036 0
0 0

0101101
*
Ed
 1e-07 1 1 0
1  1779 0 0 8.75854910861531
0

0101000
+2303 0 -2301 0 *
Ve
1e-07
-26.878729 80.268036 0
0 0

0101101
*
Ed
 1e-07 1 1 0
1  1780 0 0 3.623293
0

0101000
+2301 0 -2299 0 *
Ve
1e-07
-30.502022 80.268036 0
0 0

0101101
*
Ed
 1e-07 1 1 0
1  1781 0 0 3.623293
0

0101000
+2299 0 -2297 0 *
Ve
1e-07
-34.207199 79.264977 0
0 0

0101101
*
Ed
 1e-07 1 1 0
1  1782 0 0 3.83854972076825
0

0101000
+2297 0 -2295 0 *
Ed
 1e-07 1 1 0
1  1783 0 0 3.83854708631743
0

0101000
+2295 0 -2310 0 *
Wi

0101100
+2308 0 +2306 0 +2304 0 +2302 0 +2300 0 +2298 0 +2296 0 +2294 0 +2293 0 *
Fa
0  1e-07 245 0

0111000
+2292 0 *
Ve
1e-07
-32.22155 80.575096 0
0 0

0101101
*
Ve
1e-07
-32.22155 80.268036 0
0 0

0101101
*
Ed
 1e-07 1 1 0
1  1784 0 0 0.307060000000007
0

0101000
+2290 0 -2289 0 *
Ve
1e-07
-31.361786 80.268036 0
0 0

0101101
*
Ed
 1e-07 1 1 0
1  1785 0 0 0.859764000000002
0

0101000
+2289 0 -2287 0 *
Ve
1e-07
-30.502022 80.268036 0
0 0

0101101
*
Ed
 1e-07 1 1 0
1  1786 0 0 0.859763999999998
0

0101000
+2287 0 -2285 0 *
Ve
1e-07
-30.502022 80.575096 0
0 0

0101101
*
Ed
 1e-07 1 1 0
1  1787 0 0 0.307060000000007
0

0101000
+2285 0 -2283 0 *
Ve
1e-07
-31.361786 80.575096 0
0 0

0101101
*
Ed
 1e-07 1 1 0
1  1788 0 0 0.859763999999998
0

0101000
+2283 0 -2281 0 *
Ed
 1e-07 1 1 0
1  1789 0 0 0.859764000000002
0

0101000
+2281 0 -2290 0 *
Wi

0101100
+2288 0 +2286 0 +2284 0 +2282 0 +2280 0 +2279 0 *
Fa
0  1e-07 246 0

0111000
+2278 0 *
Ve
1e-07
-24.667906 61.070026 0
0 0

0101101
*
Ve
1e-07
-23.501083 61.150211 0
0 0

0101101
*
Ed
 1e-07 1 1 0
1  1790 0 0 1.16957494311138
0

0101000
+2276 0 -2275 0 *
Ve
1e-07
-22.334261 61.230396 0
0 0

0101101
*
Ed
 1e-07 1 1 0
1  1791 0 0 1.16957394546433
0

0101000
+2275 0 -2273 0 *
Ve
1e-07
-22.150024 63.226276 0
0 0

0101101
*
Ed
 1e-07 1 1 0
1  1792 0 0 2.00436529768628
0

0101000
+2273 0 -2271 0 *
Ve
1e-07
-21.96579 65.22216 0
0 0

0101101
*
Ed
 1e-07 1 1 0
1  1793 0 0 2.00436900500183
0

0101000
+2271 0 -2269 0 *
Ve
1e-07
-26.663788 65.22216 0
0 0

0101101
*
Ed
 1e-07 1 1 0
1  1794 0 0 4.697998
0

0101000
+2269 0 -2267 0 *
Ve
1e-07
-31.361786 65.22216 0
0 0

0101101
*
Ed
 1e-07 1 1 0
1  1795 0 0 4.697998
0

0101000
+2267 0 -2265 0 *
Ve
1e-07
-28.598259 63.106003 0
0 0

0101101
*
Ed
 1e-07 1 1 0
1  1796 0 0 3.48068986386004
0

0101000
+2265 0 -2263 0 *
Ve
1e-07
-25.83473 60.989845 0
0 0

0101101
*
Ed
 1e-07 1 1 0
1  1797 0 0 3.48069205974975
0

0101000
+2263 0 -2261 0 *
Ed
 1e-07 1 1 0
1  1798 0 0 1.16957566652911
0

0101000
+2261 0 -2276 0 *
Wi

0101100
+2274 0 +2272 0 +2270 0 +2268 0 +2266 0 +2264 0 +2262 0 +2260 0 +2259 0 *
Fa
0  1e-07 247 0

0111000
+2258 0 *
Ve
1e-07
-31.48461 84.536148 0
0 0

0101101
*
Ve
1e-07
-32.467197 88.497208 0
0 0

0101101
*
Ed
 1e-07 1 1 0
1  1799 0 0 4.08111180147874
0

0101000
+2256 0 -2255 0 *
Ve
1e-07
-32.467197 80.575096 0
0 0

0101101
*
Ed
 1e-07 1 1 0
1  1800 0 0 7.922112
0

0101000
+2255 0 -2253 0 *
Ve
1e-07
-31.361786 80.575096 0
0 0

0101101
*
Ed
 1e-07 1 1 0
1  1801 0 0 1.105411
0

0101000
+2253 0 -2251 0 *
Ve
1e-07
-30.502022 80.575096 0
0 0

0101101
*
Ed
 1e-07 1 1 0
1  1802 0 0 0.859763999999998
0

0101000
+2251 0 -2249 0 *
Ed
 1e-07 1 1 0
1  1803 0 0 4.08110427757586
0

0101000
+2249 0 -2256 0 *
Wi

0101100
+2254 0 +2252 0 +2250 0 +2248 0 +2247 0 *
Fa
0  1e-07 248 0

0111000
+2246 0 *
Ve
1e-07
-37.114021 83.256737 0
0 0

0101101
*
Ve
1e-07
-34.862255 80.575096 0
0 0

0101101
*
Ed
 1e-07 1 1 0
1  1804 0 0 3.50166368625501
0

0101000
+2244 0 -2243 0 *
Ve
1e-07
-33.941078 80.605797 0
0 0

0101101
*
Ed
 1e-07 1 1 0
1  1805 0 0 0.921688459692319
0

0101000
+2243 0 -2241 0 *
Ve
1e-07
-33.019905 80.636505 0
0 0

0101101
*
Ed
 1e-07 1 1 0
1  1806 0 0 0.921684695106191
0

0101000
+2241 0 -2239 0 *
Ve
1e-07
-32.97604 81.777008 0
0 0

0101101
*
Ed
 1e-07 1 1 0
1  1807 0 0 1.14134623635161
0

0101000
+2239 0 -2237 0 *
Ve
1e-07
-32.932175 82.917511 0
0 0

0101101
*
Ed
 1e-07 1 1 0
1  1808 0 0 1.14134623635163
0

0101000
+2237 0 -2235 0 *
Ve
1e-07
-32.888306 84.058014 0
0 0

0101101
*
Ed
 1e-07 1 1 0
1  1809 0 0 1.14134639008935
0

0101000
+2235 0 -2233 0 *
Ve
1e-07
-32.84444 85.198524 0
0 0

0101101
*
Ed
 1e-07 1 1 0
1  1810 0 0 1.14135326961288
0

0101000
+2233 0 -2231 0 *
Ve
1e-07
-32.800575 86.339027 0
0 0

0101101
*
Ed
 1e-07 1 1 0
1  1811 0 0 1.14134623635161
0

0101000
+2231 0 -2229 0 *
Ve
1e-07
-32.75671 87.47953 0
0 0

0101101
*
Ed
 1e-07 1 1 0
1  1812 0 0 1.14134623635161
0

0101000
+2229 0 -2227 0 *
Ve
1e-07
-32.712845 88.620033 0
0 0

0101101
*
Ed
 1e-07 1 1 0
1  1813 0 0 1.14134623635163
0

0101000
+2227 0 -2225 0 *
Ve
1e-07
-37.165195 88.620033 0
0 0

0101101
*
Ed
 1e-07 1 1 0
1  1814 0 0 4.45235
0

0101000
+2225 0 -2223 0 *
Ve
1e-07
-41.61755 88.620033 0
0 0

0101101
*
Ed
 1e-07 1 1 0
1  1815 0 0 4.452355
0

0101000
+2223 0 -2221 0 *
Ve
1e-07
-39.365784 85.938385 0
0 0

0101101
*
Ed
 1e-07 1 1 0
1  1816 0 0 3.50166904699174
0

0101000
+2221 0 -2219 0 *
Ed
 1e-07 1 1 0
1  1817 0 0 3.5016671178273
0

0101000
+2219 0 -2244 0 *
Wi

0101100
+2242 0 +2240 0 +2238 0 +2236 0 +2234 0 +2232 0 +2230 0 +2228 0 +2226 0 +2224 0 
+2222 0 +2220 0 +2218 0 +2217 0 *
Fa
0  1e-07 249 0

0111000
+2216 0 *
Ve
1e-07
-32.932175 82.917511 0
0 0

0101101
*
Ve
1e-07
-32.97604 81.777008 0
0 0

0101101
*
Ed
 1e-07 1 1 0
1  1818 0 0 1.14134623635163
0

0101000
+2214 0 -2213 0 *
Ve
1e-07
-33.019905 80.636505 0
0 0

0101101
*
Ed
 1e-07 1 1 0
1  1819 0 0 1.14134623635161
0

0101000
+2213 0 -2211 0 *
Ve
1e-07
-32.712845 80.636505 0
0 0

0101101
*
Ed
 1e-07 1 1 0
1  1820 0 0 0.30706
0

0101000
+2211 0 -2209 0 *
Ve
1e-07
-32.712845 82.233208 0
0 0

0101101
*
Ed
 1e-07 1 1 0
1  1821 0 0 1.59670300000001
0

0101000
+2209 0 -2207 0 *
Ve
1e-07
-32.712845 83.829918 0
0 0

0101101
*
Ed
 1e-07 1 1 0
1  1822 0 0 1.59671
0

0101000
+2207 0 -2205 0 *
Ve
1e-07
-32.712845 85.42662 0
0 0

0101101
*
Ed
 1e-07 1 1 0
1  1823 0 0 1.59670199999999
0

0101000
+2205 0 -2203 0 *
Ve
1e-07
-32.712845 87.023331 0
0 0

0101101
*
Ed
 1e-07 1 1 0
1  1824 0 0 1.596711
0

0101000
+2203 0 -2201 0 *
Ve
1e-07
-32.712845 88.620033 0
0 0

0101101
*
Ed
 1e-07 1 1 0
1  1825 0 0 1.59670200000001
0

0101000
+2201 0 -2199 0 *
Ve
1e-07
-32.75671 87.47953 0
0 0

0101101
*
Ed
 1e-07 1 1 0
1  1826 0 0 1.14134623635163
0

0101000
+2199 0 -2197 0 *
Ve
1e-07
-32.800575 86.339027 0
0 0

0101101
*
Ed
 1e-07 1 1 0
1  1827 0 0 1.14134623635161
0

0101000
+2197 0 -2195 0 *
Ve
1e-07
-32.84444 85.198524 0
0 0

0101101
*
Ed
 1e-07 1 1 0
1  1828 0 0 1.14134623635161
0

0101000
+2195 0 -2193 0 *
Ve
1e-07
-32.888306 84.058014 0
0 0

0101101
*
Ed
 1e-07 1 1 0
1  1829 0 0 1.14135326961288
0

0101000
+2193 0 -2191 0 *
Ed
 1e-07 1 1 0
1  1830 0 0 1.14134639008935
0

0101000
+2191 0 -2214 0 *
Wi

0101100
+2212 0 +2210 0 +2208 0 +2206 0 +2204 0 +2202 0 +2200 0 +2198 0 +2196 0 +2194 0 
+2192 0 +2190 0 +2189 0 *
Fa
0  1e-07 250 0

0111000
+2188 0 *
Ve
1e-07
-41.61755 84.597565 0
0 0

0101101
*
Ve
1e-07
-41.61755 80.575096 0
0 0

0101101
*
Ed
 1e-07 1 1 0
1  1831 0 0 4.022469
0

0101000
+2186 0 -2185 0 *
Ve
1e-07
-34.862255 80.575096 0
0 0

0101101
*
Ed
 1e-07 1 1 0
1  1832 0 0 6.755295
0

0101000
+2185 0 -2183 0 *
Ve
1e-07
-37.114021 83.256737 0
0 0

0101101
*
Ed
 1e-07 1 1 0
1  1833 0 0 3.50166368625501
0

0101000
+2183 0 -2181 0 *
Ve
1e-07
-39.365784 85.938385 0
0 0

0101101
*
Ed
 1e-07 1 1 0
1  1834 0 0 3.5016671178273
0

0101000
+2181 0 -2179 0 *
Ve
1e-07
-41.61755 88.620033 0
0 0

0101101
*
Ed
 1e-07 1 1 0
1  1835 0 0 3.50166904699174
0

0101000
+2179 0 -2177 0 *
Ed
 1e-07 1 1 0
1  1836 0 0 4.022468
0

0101000
+2177 0 -2186 0 *
Wi

0101100
+2184 0 +2182 0 +2180 0 +2178 0 +2176 0 +2175 0 *
Fa
0  1e-07 251 0

0111000
+2174 0 *
Ve
1e-07
-33.941078 80.268036 0
0 0

0101101
*
Ve
1e-07
-33.019905 80.268036 0
0 0

0101101
*
Ed
 1e-07 1 1 0
1  1837 0 0 0.921172999999996
0

0101000
+2172 0 -2171 0 *
Ve
1e-07
-33.019905 80.636505 0
0 0

0101101
*
Ed
 1e-07 1 1 0
1  1838 0 0 0.368469000000005
0

0101000
+2171 0 -2169 0 *
Ve
1e-07
-33.941078 80.605797 0
0 0

0101101
*
Ed
 1e-07 1 1 0
1  1839 0 0 0.921684695106191
0

0101000
+2169 0 -2167 0 *
Ve
1e-07
-34.862255 80.575096 0
0 0

0101101
*
Ed
 1e-07 1 1 0
1  1840 0 0 0.921688459692319
0

0101000
+2167 0 -2165 0 *
Ve
1e-07
-34.862255 80.268036 0
0 0

0101101
*
Ed
 1e-07 1 1 0
1  1841 0 0 0.307060000000007
0

0101000
+2165 0 -2163 0 *
Ed
 1e-07 1 1 0
1  1842 0 0 0.921177
0

0101000
+2163 0 -2172 0 *
Wi

0101100
+2170 0 +2168 0 +2166 0 +2164 0 +2162 0 +2161 0 *
Fa
0  1e-07 252 0

0111000
+2160 0 *
Ve
1e-07
-34.063904 63.656158 0
0 0

0101101
*
Ve
1e-07
-32.037315 64.792274 0
0 0

0101101
*
Ed
 1e-07 1 1 0
1  1843 0 0 2.32332144577048
0

0101000
+2158 0 -2157 0 *
Ve
1e-07
-32.037315 65.406395 0
0 0

0101101
*
Ed
 1e-07 1 1 0
1  1844 0 0 0.614120999999997
0

0101000
+2157 0 -2155 0 *
Ve
1e-07
-36.090492 65.406395 0
0 0

0101101
*
Ed
 1e-07 1 1 0
1  1845 0 0 4.053177
0

0101000
+2155 0 -2153 0 *
Ve
1e-07
-36.090492 62.520042 0
0 0

0101101
*
Ed
 1e-07 1 1 0
1  1846 0 0 2.88635300000001
0

0101000
+2153 0 -2151 0 *
Ed
 1e-07 1 1 0
1  1847 0 0 2.32332057348959
0

0101000
+2151 0 -2158 0 *
Wi

0101100
+2156 0 +2154 0 +2152 0 +2150 0 +2149 0 *
Fa
0  1e-07 253 0

0111000
+2148 0 *
Ve
1e-07
-33.941078 61.601414 0
0 0

0101101
*
Ve
1e-07
-31.79167 60.682785 0
0 0

0101101
*
Ed
 1e-07 1 1 0
1  1848 0 0 2.33748454328686
0

0101000
+2146 0 -2145 0 *
Ve
1e-07
-31.79167 64.792274 0
0 0

0101101
*
Ed
 1e-07 1 1 0
1  1849 0 0 4.109489
0

0101000
+2145 0 -2143 0 *
Ve
1e-07
-32.037315 64.792274 0
0 0

0101101
*
Ed
 1e-07 1 1 0
1  1850 0 0 0.245645
0

0101000
+2143 0 -2141 0 *
Ve
1e-07
-34.063904 63.656158 0
0 0

0101101
*
Ed
 1e-07 1 1 0
1  1851 0 0 2.32332144577048
0

0101000
+2141 0 -2139 0 *
Ve
1e-07
-36.090492 62.520042 0
0 0

0101101
*
Ed
 1e-07 1 1 0
1  1852 0 0 2.32332057348959
0

0101000
+2139 0 -2137 0 *
Ed
 1e-07 1 1 0
1  1853 0 0 2.33748966752369
0

0101000
+2137 0 -2146 0 *
Wi

0101100
+2144 0 +2142 0 +2140 0 +2138 0 +2136 0 +2135 0 *
Fa
0  1e-07 254 0

0111000
+2134 0 *
Ve
1e-07
-35.885784 79.264977 0
0 0

0101101
*
Ve
1e-07
-38.751667 78.261917 0
0 0

0101101
*
Ed
 1e-07 1 1 0
1  1854 0 0 3.03634891494522
0

0101000
+2132 0 -2131 0 *
Ve
1e-07
-41.61755 77.258858 0
0 0

0101101
*
Ed
 1e-07 1 1 0
1  1855 0 0 3.03634858459466
0

0101000
+2131 0 -2129 0 *
Ve
1e-07
-37.912373 78.261917 0
0 0

0101101
*
Ed
 1e-07 1 1 0
1  1856 0 0 3.83854972076825
0

0101000
+2129 0 -2127 0 *
Ve
1e-07
-34.207199 79.264977 0
0 0

0101101
*
Ed
 1e-07 1 1 0
1  1857 0 0 3.83854708631743
0

0101000
+2127 0 -2125 0 *
Ve
1e-07
-30.502022 80.268036 0
0 0

0101101
*
Ed
 1e-07 1 1 0
1  1858 0 0 3.83854972076825
0

0101000
+2125 0 -2123 0 *
Ve
1e-07
-31.361786 80.268036 0
0 0

0101101
*
Ed
 1e-07 1 1 0
1  1859 0 0 0.859763999999998
0

0101000
+2123 0 -2121 0 *
Ve
1e-07
-32.22155 80.268036 0
0 0

0101101
*
Ed
 1e-07 1 1 0
1  1860 0 0 0.859764000000002
0

0101000
+2121 0 -2119 0 *
Ve
1e-07
-32.620728 80.268036 0
0 0

0101101
*
Ed
 1e-07 1 1 0
1  1861 0 0 0.399177999999999
0

0101000
+2119 0 -2117 0 *
Ve
1e-07
-33.019905 80.268036 0
0 0

0101101
*
Ed
 1e-07 1 1 0
1  1862 0 0 0.399177000000002
0

0101000
+2117 0 -2115 0 *
Ed
 1e-07 1 1 0
1  1863 0 0 3.0363448091615
0

0101000
+2115 0 -2132 0 *
Wi

0101100
+2130 0 +2128 0 +2126 0 +2124 0 +2122 0 +2120 0 +2118 0 +2116 0 +2114 0 +2113 0 
*
Fa
0  1e-07 255 0

0111000
+2112 0 *
Ve
1e-07
-38.239902 80.268036 0
0 0

0101101
*
Ve
1e-07
-41.61755 80.268036 0
0 0

0101101
*
Ed
 1e-07 1 1 0
1  1864 0 0 3.377648
0

0101000
+2110 0 -2109 0 *
Ve
1e-07
-41.61755 78.763451 0
0 0

0101101
*
Ed
 1e-07 1 1 0
1  1865 0 0 1.50458499999999
0

0101000
+2109 0 -2107 0 *
Ve
1e-07
-41.61755 77.258858 0
0 0

0101101
*
Ed
 1e-07 1 1 0
1  1866 0 0 1.504593
0

0101000
+2107 0 -2105 0 *
Ve
1e-07
-38.751667 78.261917 0
0 0

0101101
*
Ed
 1e-07 1 1 0
1  1867 0 0 3.03634858459466
0

0101000
+2105 0 -2103 0 *
Ve
1e-07
-35.885784 79.264977 0
0 0

0101101
*
Ed
 1e-07 1 1 0
1  1868 0 0 3.03634891494522
0

0101000
+2103 0 -2101 0 *
Ve
1e-07
-33.019905 80.268036 0
0 0

0101101
*
Ed
 1e-07 1 1 0
1  1869 0 0 3.0363448091615
0

0101000
+2101 0 -2099 0 *
Ve
1e-07
-33.941078 80.268036 0
0 0

0101101
*
Ed
 1e-07 1 1 0
1  1870 0 0 0.921172999999996
0

0101000
+2099 0 -2097 0 *
Ve
1e-07
-34.862255 80.268036 0
0 0

0101101
*
Ed
 1e-07 1 1 0
1  1871 0 0 0.921177
0

0101000
+2097 0 -2095 0 *
Ed
 1e-07 1 1 0
1  1872 0 0 3.377647
0

0101000
+2095 0 -2110 0 *
Wi

0101100
+2108 0 +2106 0 +2104 0 +2102 0 +2100 0 +2098 0 +2096 0 +2094 0 +2093 0 *
Fa
0  1e-07 256 0

0111000
+2092 0 *
Ve
1e-07
-40.235783 60.740482 0
0 0

0101101
*
Ve
1e-07
-36.397549 62.520042 0
0 0

0101101
*
Ed
 1e-07 1 1 0
1  1873 0 0 4.23070609146464
0

0101000
+2090 0 -2089 0 *
Ve
1e-07
-36.397549 67.371567 0
0 0

0101101
*
Ed
 1e-07 1 1 0
1  1874 0 0 4.851525
0

0101000
+2089 0 -2087 0 *
Ve
1e-07
-40.235783 67.371567 0
0 0

0101101
*
Ed
 1e-07 1 1 0
1  1875 0 0 3.838234
0

0101000
+2087 0 -2085 0 *
Ve
1e-07
-44.074017 67.371567 0
0 0

0101101
*
Ed
 1e-07 1 1 0
1  1876 0 0 3.838234
0

0101000
+2085 0 -2083 0 *
Ve
1e-07
-44.074017 58.960922 0
0 0

0101101
*
Ed
 1e-07 1 1 0
1  1877 0 0 8.410645
0

0101000
+2083 0 -2081 0 *
Ed
 1e-07 1 1 0
1  1878 0 0 4.23070609146464
0

0101000
+2081 0 -2090 0 *
Wi

0101100
+2088 0 +2086 0 +2084 0 +2082 0 +2080 0 +2079 0 *
Fa
0  1e-07 257 0

0111000
+2078 0 *
Ve
1e-07
-21.106026 62.919216 0
0 0

0101101
*
Ve
1e-07
-21.167437 64.60804 0
0 0

0101101
*
Ed
 1e-07 1 1 0
1  1879 0 0 1.68994018056765
0

0101000
+2076 0 -2075 0 *
Ve
1e-07
-21.658731 64.60804 0
0 0

0101101
*
Ed
 1e-07 1 1 0
1  1880 0 0 0.491294
0

0101000
+2075 0 -2073 0 *
Ve
1e-07
-21.658731 61.230396 0
0 0

0101101
*
Ed
 1e-07 1 1 0
1  1881 0 0 3.377644
0

0101000
+2073 0 -2071 0 *
Ve
1e-07
-21.044613 61.230396 0
0 0

0101101
*
Ed
 1e-07 1 1 0
1  1882 0 0 0.614118000000001
0

0101000
+2071 0 -2069 0 *
Ed
 1e-07 1 1 0
1  1883 0 0 1.68993625588926
0

0101000
+2069 0 -2076 0 *
Wi

0101100
+2074 0 +2072 0 +2070 0 +2068 0 +2067 0 *
Fa
0  1e-07 258 0

0111000
+2066 0 *
Ve
1e-07
-17.912615 60.861923 0
0 0

0101101
*
Ve
1e-07
-18.956614 60.984749 0
0 0

0101101
*
Ed
 1e-07 1 1 0
1  1884 0 0 1.05119938083933
0

0101000
+2064 0 -2063 0 *
Ve
1e-07
-20.000614 61.107571 0
0 0

0101101
*
Ed
 1e-07 1 1 0
1  1885 0 0 1.0511999066229
0

0101000
+2063 0 -2061 0 *
Ve
1e-07
-21.044613 61.230396 0
0 0

0101101
*
Ed
 1e-07 1 1 0
1  1886 0 0 1.05119926399613
0

0101000
+2061 0 -2059 0 *
Ve
1e-07
-21.044613 60.923336 0
0 0

0101101
*
Ed
 1e-07 1 1 0
1  1887 0 0 0.30706
0

0101000
+2059 0 -2057 0 *
Ve
1e-07
-20.000614 60.800514 0
0 0

0101101
*
Ed
 1e-07 1 1 0
1  1888 0 0 1.05119891347214
0

0101000
+2057 0 -2055 0 *
Ve
1e-07
-18.956614 60.677689 0
0 0

0101101
*
Ed
 1e-07 1 1 0
1  1889 0 0 1.05120025714656
0

0101000
+2055 0 -2053 0 *
Ve
1e-07
-17.912615 60.554867 0
0 0

0101101
*
Ed
 1e-07 1 1 0
1  1890 0 0 1.05119891347214
0

0101000
+2053 0 -2051 0 *
Ed
 1e-07 1 1 0
1  1891 0 0 0.307055999999996
0

0101000
+2051 0 -2064 0 *
Wi

0101100
+2062 0 +2060 0 +2058 0 +2056 0 +2054 0 +2052 0 +2050 0 +2049 0 *
Fa
0  1e-07 259 0

0111000
+2048 0 *
Ve
1e-07
-21.167437 64.822983 0
0 0

0101101
*
Ve
1e-07
-21.167437 64.60804 0
0 0

0101101
*
Ed
 1e-07 1 1 0
1  1892 0 0 0.214942999999991
0

0101000
+2046 0 -2045 0 *
Ve
1e-07
-21.106026 62.919216 0
0 0

0101101
*
Ed
 1e-07 1 1 0
1  1893 0 0 1.68994018056765
0

0101000
+2045 0 -2043 0 *
Ve
1e-07
-21.044613 61.230396 0
0 0

0101101
*
Ed
 1e-07 1 1 0
1  1894 0 0 1.68993625588926
0

0101000
+2043 0 -2041 0 *
Ve
1e-07
-20.000614 61.107571 0
0 0

0101101
*
Ed
 1e-07 1 1 0
1  1895 0 0 1.05119926399613
0

0101000
+2041 0 -2039 0 *
Ve
1e-07
-18.956614 60.984749 0
0 0

0101101
*
Ed
 1e-07 1 1 0
1  1896 0 0 1.0511999066229
0

0101000
+2039 0 -2037 0 *
Ve
1e-07
-17.912615 60.861923 0
0 0

0101101
*
Ed
 1e-07 1 1 0
1  1897 0 0 1.05119938083933
0

0101000
+2037 0 -2035 0 *
Ve
1e-07
-18.997555 62.253925 0
0 0

0101101
*
Ed
 1e-07 1 1 0
1  1898 0 0 1.76486950554539
0

0101000
+2035 0 -2033 0 *
Ve
1e-07
-20.082497 63.645924 0
0 0

0101101
*
Ed
 1e-07 1 1 0
1  1899 0 0 1.76486836884936
0

0101000
+2033 0 -2031 0 *
Ve
1e-07
-21.167437 65.037926 0
0 0

0101101
*
Ed
 1e-07 1 1 0
1  1900 0 0 1.76486950554538
0

0101000
+2031 0 -2029 0 *
Ed
 1e-07 1 1 0
1  1901 0 0 0.214943000000005
0

0101000
+2029 0 -2046 0 *
Wi

0101100
+2044 0 +2042 0 +2040 0 +2038 0 +2036 0 +2034 0 +2032 0 +2030 0 +2028 0 +2027 0 
*
Fa
0  1e-07 260 0

0111000
+2026 0 *
Ve
1e-07
-24.667906 61.070026 0
0 0

0101101
*
Ve
1e-07
-25.83473 60.989845 0
0 0

0101101
*
Ed
 1e-07 1 1 0
1  1902 0 0 1.16957566652911
0

0101000
+2024 0 -2023 0 *
Ve
1e-07
-25.83473 60.682785 0
0 0

0101101
*
Ed
 1e-07 1 1 0
1  1903 0 0 0.30706
0

0101000
+2023 0 -2021 0 *
Ve
1e-07
-24.667906 60.76297 0
0 0

0101101
*
Ed
 1e-07 1 1 0
1  1904 0 0 1.16957594075845
0

0101000
+2021 0 -2019 0 *
Ve
1e-07
-23.501083 60.843151 0
0 0

0101101
*
Ed
 1e-07 1 1 0
1  1905 0 0 1.16957466888181
0

0101000
+2019 0 -2017 0 *
Ve
1e-07
-22.334261 60.923336 0
0 0

0101101
*
Ed
 1e-07 1 1 0
1  1906 0 0 1.16957394546433
0

0101000
+2017 0 -2015 0 *
Ve
1e-07
-22.334261 61.230396 0
0 0

0101101
*
Ed
 1e-07 1 1 0
1  1907 0 0 0.30706
0

0101000
+2015 0 -2013 0 *
Ve
1e-07
-23.501083 61.150211 0
0 0

0101101
*
Ed
 1e-07 1 1 0
1  1908 0 0 1.16957394546433
0

0101000
+2013 0 -2011 0 *
Ed
 1e-07 1 1 0
1  1909 0 0 1.16957494311138
0

0101000
+2011 0 -2024 0 *
Wi

0101100
+2022 0 +2020 0 +2018 0 +2016 0 +2014 0 +2012 0 +2010 0 +2009 0 *
Fa
0  1e-07 261 0

0111000
+2008 0 *
Ve
1e-07
-21.96579 61.230396 0
0 0

0101101
*
Ve
1e-07
-21.96579 65.22216 0
0 0

0101101
*
Ed
 1e-07 1 1 0
1  1910 0 0 3.991764
0

0101000
+2006 0 -2005 0 *
Ve
1e-07
-22.150024 63.226276 0
0 0

0101101
*
Ed
 1e-07 1 1 0
1  1911 0 0 2.00436900500183
0

0101000
+2005 0 -2003 0 *
Ve
1e-07
-22.334261 61.230396 0
0 0

0101101
*
Ed
 1e-07 1 1 0
1  1912 0 0 2.00436529768628
0

0101000
+2003 0 -2001 0 *
Ed
 1e-07 1 1 0
1  1913 0 0 0.368471000000003
0

0101000
+2001 0 -2006 0 *
Wi

0101100
+2004 0 +2002 0 +2000 0 +1999 0 *
Fa
0  1e-07 262 0

0111000
+1998 0 *
Ve
1e-07
-31.361786 60.989845 0
0 0

0101101
*
Ve
1e-07
-25.83473 60.989845 0
0 0

0101101
*
Ed
 1e-07 1 1 0
1  1914 0 0 5.527056
0

0101000
+1996 0 -1995 0 *
Ve
1e-07
-28.598259 63.106003 0
0 0

0101101
*
Ed
 1e-07 1 1 0
1  1915 0 0 3.48069205974975
0

0101000
+1995 0 -1993 0 *
Ve
1e-07
-31.361786 65.22216 0
0 0

0101101
*
Ed
 1e-07 1 1 0
1  1916 0 0 3.48068986386004
0

0101000
+1993 0 -1991 0 *
Ed
 1e-07 1 1 0
1  1917 0 0 4.232315
0

0101000
+1991 0 -1996 0 *
Wi

0101100
+1994 0 +1992 0 +1990 0 +1989 0 *
Fa
0  1e-07 263 0

0111000
+1988 0 *
Ve
1e-07
-23.877792 57.341591 0
0 0

0101101
*
Ve
1e-07
-21.920855 57.280178 0
0 0

0101101
*
Ed
 1e-07 1 1 0
1  1918 0 0 1.95790040056638
0

0101000
+1986 0 -1985 0 *
Ve
1e-07
-21.482735 59.101757 0
0 0

0101101
*
Ed
 1e-07 1 1 0
1  1919 0 0 1.87352587055557
0

0101000
+1985 0 -1983 0 *
Ve
1e-07
-21.044613 60.923336 0
0 0

0101101
*
Ed
 1e-07 1 1 0
1  1920 0 0 1.87352633825228
0

0101000
+1983 0 -1981 0 *
Ve
1e-07
-22.334261 60.923336 0
0 0

0101101
*
Ed
 1e-07 1 1 0
1  1921 0 0 1.289648
0

0101000
+1981 0 -1979 0 *
Ve
1e-07
-24.084496 59.16317 0
0 0

0101101
*
Ed
 1e-07 1 1 0
1  1922 0 0 2.48223828485119
0

0101000
+1979 0 -1977 0 *
Ve
1e-07
-25.83473 57.403 0
0 0

0101101
*
Ed
 1e-07 1 1 0
1  1923 0 0 2.48224041616762
0

0101000
+1977 0 -1975 0 *
Ed
 1e-07 1 1 0
1  1924 0 0 1.95790127461142
0

0101000
+1975 0 -1986 0 *
Wi

0101100
+1984 0 +1982 0 +1980 0 +1978 0 +1976 0 +1974 0 +1973 0 *
Fa
0  1e-07 264 0

0111000
+1972 0 *
Ve
1e-07
-19.525795 50.064297 0
0 0

0101101
*
Ve
1e-07
-21.613794 52.244415 0
0 0

0101101
*
Ed
 1e-07 1 1 0
1  1925 0 0 3.01871732991431
0

0101000
+1970 0 -1969 0 *
Ve
1e-07
-21.920855 52.244415 0
0 0

0101101
*
Ed
 1e-07 1 1 0
1  1926 0 0 0.307061000000001
0

0101000
+1969 0 -1967 0 *
Ve
1e-07
-21.920855 50.064297 0
0 0

0101101
*
Ed
 1e-07 1 1 0
1  1927 0 0 2.18011799999999
0

0101000
+1967 0 -1965 0 *
Ve
1e-07
-21.920855 47.884182 0
0 0

0101101
*
Ed
 1e-07 1 1 0
1  1928 0 0 2.180115
0

0101000
+1965 0 -1963 0 *
Ve
1e-07
-17.437796 47.884182 0
0 0

0101101
*
Ed
 1e-07 1 1 0
1  1929 0 0 4.483059
0

0101000
+1963 0 -1961 0 *
Ed
 1e-07 1 1 0
1  1930 0 0 3.01871516331468
0

0101000
+1961 0 -1970 0 *
Wi

0101100
+1968 0 +1966 0 +1964 0 +1962 0 +1960 0 +1959 0 *
Fa
0  1e-07 265 0

0111000
+1958 0 *
Ve
1e-07
-23.877792 50.106319 0
0 0

0101101
*
Ve
1e-07
-25.83473 47.968224 0
0 0

0101101
*
Ed
 1e-07 1 1 0
1  1931 0 0 2.89845761826338
0

0101000
+1956 0 -1955 0 *
Ve
1e-07
-23.877792 47.772671 0
0 0

0101101
*
Ed
 1e-07 1 1 0
1  1932 0 0 1.96668434469108
0

0101000
+1955 0 -1953 0 *
Ve
1e-07
-21.920855 47.577122 0
0 0

0101101
*
Ed
 1e-07 1 1 0
1  1933 0 0 1.9666829519193
0

0101000
+1953 0 -1951 0 *
Ve
1e-07
-21.920855 47.884182 0
0 0

0101101
*
Ed
 1e-07 1 1 0
1  1934 0 0 0.30706
0

0101000
+1951 0 -1949 0 *
Ve
1e-07
-21.920855 50.064297 0
0 0

0101101
*
Ed
 1e-07 1 1 0
1  1935 0 0 2.180115
0

0101000
+1949 0 -1947 0 *
Ve
1e-07
-21.920855 52.244415 0
0 0

0101101
*
Ed
 1e-07 1 1 0
1  1936 0 0 2.18011799999999
0

0101000
+1947 0 -1945 0 *
Ed
 1e-07 1 1 0
1  1937 0 0 2.89845768076489
0

0101000
+1945 0 -1956 0 *
Wi

0101100
+1954 0 +1952 0 +1950 0 +1948 0 +1946 0 +1944 0 +1943 0 *
Fa
0  1e-07 266 0

0111000
+1942 0 *
Ve
1e-07
-23.877792 50.106319 0
0 0

0101101
*
Ve
1e-07
-21.920855 52.244415 0
0 0

0101101
*
Ed
 1e-07 1 1 0
1  1938 0 0 2.89845768076489
0

0101000
+1940 0 -1939 0 *
Ve
1e-07
-21.920855 57.280178 0
0 0

0101101
*
Ed
 1e-07 1 1 0
1  1939 0 0 5.035763
0

0101000
+1939 0 -1937 0 *
Ve
1e-07
-23.877792 57.341591 0
0 0

0101101
*
Ed
 1e-07 1 1 0
1  1940 0 0 1.95790040056638
0

0101000
+1937 0 -1935 0 *
Ve
1e-07
-25.83473 57.403 0
0 0

0101101
*
Ed
 1e-07 1 1 0
1  1941 0 0 1.95790127461142
0

0101000
+1935 0 -1933 0 *
Ve
1e-07
-25.83473 47.968224 0
0 0

0101101
*
Ed
 1e-07 1 1 0
1  1942 0 0 9.434776
0

0101000
+1933 0 -1931 0 *
Ed
 1e-07 1 1 0
1  1943 0 0 2.89845761826338
0

0101000
+1931 0 -1940 0 *
Wi

0101100
+1938 0 +1936 0 +1934 0 +1932 0 +1930 0 +1929 0 *
Fa
0  1e-07 267 0

0111000
+1928 0 *
Ve
1e-07
-24.667906 60.76297 0
0 0

0101101
*
Ve
1e-07
-25.83473 60.682785 0
0 0

0101101
*
Ed
 1e-07 1 1 0
1  1944 0 0 1.16957594075845
0

0101000
+1926 0 -1925 0 *
Ve
1e-07
-25.83473 57.403 0
0 0

0101101
*
Ed
 1e-07 1 1 0
1  1945 0 0 3.279785
0

0101000
+1925 0 -1923 0 *
Ve
1e-07
-24.084496 59.16317 0
0 0

0101101
*
Ed
 1e-07 1 1 0
1  1946 0 0 2.48224041616762
0

0101000
+1923 0 -1921 0 *
Ve
1e-07
-22.334261 60.923336 0
0 0

0101101
*
Ed
 1e-07 1 1 0
1  1947 0 0 2.48223828485119
0

0101000
+1921 0 -1919 0 *
Ve
1e-07
-23.501083 60.843151 0
0 0

0101101
*
Ed
 1e-07 1 1 0
1  1948 0 0 1.16957394546433
0

0101000
+1919 0 -1917 0 *
Ed
 1e-07 1 1 0
1  1949 0 0 1.16957466888181
0

0101000
+1917 0 -1926 0 *
Wi

0101100
+1924 0 +1922 0 +1920 0 +1918 0 +1916 0 +1915 0 *
Fa
0  1e-07 268 0

0111000
+1914 0 *
Ve
1e-07
-20.421009 44.431599 0
0 0

0101101
*
Ve
1e-07
-21.920855 47.577122 0
0 0

0101101
*
Ed
 1e-07 1 1 0
1  1950 0 0 3.48480314612533
0

0101000
+1912 0 -1911 0 *
Ve
1e-07
-23.877792 47.772671 0
0 0

0101101
*
Ed
 1e-07 1 1 0
1  1951 0 0 1.9666829519193
0

0101000
+1911 0 -1909 0 *
Ve
1e-07
-25.83473 47.968224 0
0 0

0101101
*
Ed
 1e-07 1 1 0
1  1952 0 0 1.96668434469108
0

0101000
+1909 0 -1907 0 *
Ve
1e-07
-24.644148 44.692333 0
0 0

0101101
*
Ed
 1e-07 1 1 0
1  1953 0 0 3.48553401111006
0

0101000
+1907 0 -1905 0 *
Ve
1e-07
-23.453566 41.416443 0
0 0

0101101
*
Ed
 1e-07 1 1 0
1  1954 0 0 3.48553307125667
0

0101000
+1905 0 -1903 0 *
Ve
1e-07
-22.262985 38.140556 0
0 0

0101101
*
Ed
 1e-07 1 1 0
1  1955 0 0 3.48552991011841
0

0101000
+1903 0 -1901 0 *
Ve
1e-07
-17.42132 38.140556 0
0 0

0101101
*
Ed
 1e-07 1 1 0
1  1956 0 0 4.841665
0

0101000
+1901 0 -1899 0 *
Ve
1e-07
-18.921165 41.286079 0
0 0

0101101
*
Ed
 1e-07 1 1 0
1  1957 0 0 3.48480271572926
0

0101000
+1899 0 -1897 0 *
Ed
 1e-07 1 1 0
1  1958 0 0 3.48479957741274
0

0101000
+1897 0 -1912 0 *
Wi

0101100
+1910 0 +1908 0 +1906 0 +1904 0 +1902 0 +1900 0 +1898 0 +1896 0 +1895 0 *
Fa
0  1e-07 269 0

0111000
+1894 0 *
Ve
1e-07
-36.643196 60.954041 0
0 0

0101101
*
Ve
1e-07
-36.888844 59.388042 0
0 0

0101101
*
Ed
 1e-07 1 1 0
1  1959 0 0 1.58514851288609
0

0101000
+1892 0 -1891 0 *
Ve
1e-07
-36.274727 59.388042 0
0 0

0101101
*
Ed
 1e-07 1 1 0
1  1960 0 0 0.614117
0

0101000
+1891 0 -1889 0 *
Ve
1e-07
-36.18261 60.954041 0
0 0

0101101
*
Ed
 1e-07 1 1 0
1  1961 0 0 1.56870596661388
0

0101000
+1889 0 -1887 0 *
Ve
1e-07
-36.090492 62.520042 0
0 0

0101101
*
Ed
 1e-07 1 1 0
1  1962 0 0 1.56870802188457
0

0101000
+1887 0 -1885 0 *
Ve
1e-07
-36.397549 62.520042 0
0 0

0101101
*
Ed
 1e-07 1 1 0
1  1963 0 0 0.307057
0

0101000
+1885 0 -1883 0 *
Ed
 1e-07 1 1 0
1  1964 0 0 1.58515033375702
0

0101000
+1883 0 -1892 0 *
Wi

0101100
+1890 0 +1888 0 +1886 0 +1884 0 +1882 0 +1881 0 *
Fa
0  1e-07 270 0

0111000
+1880 0 *
Ve
1e-07
-36.18261 60.954041 0
0 0

0101101
*
Ve
1e-07
-36.274727 59.388042 0
0 0

0101101
*
Ed
 1e-07 1 1 0
1  1965 0 0 1.56870596661388
0

0101000
+1878 0 -1877 0 *
Ve
1e-07
-34.345318 58.395523 0
0 0

0101101
*
Ed
 1e-07 1 1 0
1  1966 0 0 2.16972649304976
0

0101000
+1877 0 -1875 0 *
Ve
1e-07
-32.415909 57.403 0
0 0

0101101
*
Ed
 1e-07 1 1 0
1  1967 0 0 2.16972832281141
0

0101000
+1875 0 -1873 0 *
Ve
1e-07
-31.79167 60.682785 0
0 0

0101101
*
Ed
 1e-07 1 1 0
1  1968 0 0 3.33866200375929
0

0101000
+1873 0 -1871 0 *
Ve
1e-07
-33.941078 61.601414 0
0 0

0101101
*
Ed
 1e-07 1 1 0
1  1969 0 0 2.33748454328686
0

0101000
+1871 0 -1869 0 *
Ve
1e-07
-36.090492 62.520042 0
0 0

0101101
*
Ed
 1e-07 1 1 0
1  1970 0 0 2.33748966752369
0

0101000
+1869 0 -1867 0 *
Ed
 1e-07 1 1 0
1  1971 0 0 1.56870802188457
0

0101000
+1867 0 -1878 0 *
Wi

0101100
+1876 0 +1874 0 +1872 0 +1870 0 +1868 0 +1866 0 +1865 0 *
Fa
0  1e-07 271 0

0111000
+1864 0 *
Ve
1e-07
-36.888844 58.960922 0
0 0

0101101
*
Ve
1e-07
-36.888844 59.388042 0
0 0

0101101
*
Ed
 1e-07 1 1 0
1  1972 0 0 0.427120000000002
0

0101000
+1862 0 -1861 0 *
Ve
1e-07
-40.48143 59.174484 0
0 0

0101101
*
Ed
 1e-07 1 1 0
1  1973 0 0 3.59892778293203
0

0101000
+1861 0 -1859 0 *
Ve
1e-07
-44.074017 58.960922 0
0 0

0101101
*
Ed
 1e-07 1 1 0
1  1974 0 0 3.5989290185294
0

0101000
+1859 0 -1857 0 *
Ed
 1e-07 1 1 0
1  1975 0 0 7.185173
0

0101000
+1857 0 -1862 0 *
Wi

0101100
+1860 0 +1858 0 +1856 0 +1855 0 *
Fa
0  1e-07 272 0

0111000
+1854 0 *
Ve
1e-07
-40.235783 60.740482 0
0 0

0101101
*
Ve
1e-07
-44.074017 58.960922 0
0 0

0101101
*
Ed
 1e-07 1 1 0
1  1976 0 0 4.23070609146464
0

0101000
+1852 0 -1851 0 *
Ve
1e-07
-40.48143 59.174484 0
0 0

0101101
*
Ed
 1e-07 1 1 0
1  1977 0 0 3.5989290185294
0

0101000
+1851 0 -1849 0 *
Ve
1e-07
-36.888844 59.388042 0
0 0

0101101
*
Ed
 1e-07 1 1 0
1  1978 0 0 3.59892778293203
0

0101000
+1849 0 -1847 0 *
Ve
1e-07
-36.643196 60.954041 0
0 0

0101101
*
Ed
 1e-07 1 1 0
1  1979 0 0 1.58514851288609
0

0101000
+1847 0 -1845 0 *
Ve
1e-07
-36.397549 62.520042 0
0 0

0101101
*
Ed
 1e-07 1 1 0
1  1980 0 0 1.58515033375702
0

0101000
+1845 0 -1843 0 *
Ed
 1e-07 1 1 0
1  1981 0 0 4.23070609146464
0

0101000
+1843 0 -1852 0 *
Wi

0101100
+1850 0 +1848 0 +1846 0 +1844 0 +1842 0 +1841 0 *
Fa
0  1e-07 273 0

0111000
+1840 0 *
Ve
1e-07
-36.888844 58.653866 0
0 0

0101101
*
Ve
1e-07
-44.074017 58.653866 0
0 0

0101101
*
Ed
 1e-07 1 1 0
1  1982 0 0 7.185173
0

0101000
+1838 0 -1837 0 *
Ve
1e-07
-40.48143 58.498955 0
0 0

0101101
*
Ed
 1e-07 1 1 0
1  1983 0 0 3.59592530101641
0

0101000
+1837 0 -1835 0 *
Ve
1e-07
-36.888844 58.344044 0
0 0

0101101
*
Ed
 1e-07 1 1 0
1  1984 0 0 3.59592430194478
0

0101000
+1835 0 -1833 0 *
Ed
 1e-07 1 1 0
1  1985 0 0 0.309822000000004
0

0101000
+1833 0 -1838 0 *
Wi

0101100
+1836 0 +1834 0 +1832 0 +1831 0 *
Fa
0  1e-07 274 0

0111000
+1830 0 *
Ve
1e-07
-40.3279 52.144218 0
0 0

0101101
*
Ve
1e-07
-36.581783 55.030571 0
0 0

0101101
*
Ed
 1e-07 1 1 0
1  1986 0 0 4.72910416657299
0

0101000
+1828 0 -1827 0 *
Ve
1e-07
-36.735313 56.687309 0
0 0

0101101
*
Ed
 1e-07 1 1 0
1  1987 0 0 1.66383660902866
0

0101000
+1827 0 -1825 0 *
Ve
1e-07
-36.888844 58.344044 0
0 0

0101101
*
Ed
 1e-07 1 1 0
1  1988 0 0 1.66383371410306
0

0101000
+1825 0 -1823 0 *
Ve
1e-07
-40.48143 58.498955 0
0 0

0101101
*
Ed
 1e-07 1 1 0
1  1989 0 0 3.59592430194478
0

0101000
+1823 0 -1821 0 *
Ve
1e-07
-44.074017 58.653866 0
0 0

0101101
*
Ed
 1e-07 1 1 0
1  1990 0 0 3.59592530101641
0

0101000
+1821 0 -1819 0 *
Ve
1e-07
-44.074017 53.955868 0
0 0

0101101
*
Ed
 1e-07 1 1 0
1  1991 0 0 4.697998
0

0101000
+1819 0 -1817 0 *
Ve
1e-07
-44.074017 49.25787 0
0 0

0101101
*
Ed
 1e-07 1 1 0
1  1992 0 0 4.69799800000001
0

0101000
+1817 0 -1815 0 *
Ed
 1e-07 1 1 0
1  1993 0 0 4.72910111488357
0

0101000
+1815 0 -1828 0 *
Wi

0101100
+1826 0 +1824 0 +1822 0 +1820 0 +1818 0 +1816 0 +1814 0 +1813 0 *
Fa
0  1e-07 275 0

0111000
+1812 0 *
Ve
1e-07
-34.345318 58.395523 0
0 0

0101101
*
Ve
1e-07
-36.274727 59.388042 0
0 0

0101101
*
Ed
 1e-07 1 1 0
1  1994 0 0 2.16972649304976
0

0101000
+1810 0 -1809 0 *
Ve
1e-07
-36.274727 58.344044 0
0 0

0101101
*
Ed
 1e-07 1 1 0
1  1995 0 0 1.043998
0

0101000
+1809 0 -1807 0 *
Ve
1e-07
-36.274727 56.687309 0
0 0

0101101
*
Ed
 1e-07 1 1 0
1  1996 0 0 1.656735
0

0101000
+1807 0 -1805 0 *
Ve
1e-07
-36.274727 55.030571 0
0 0

0101101
*
Ed
 1e-07 1 1 0
1  1997 0 0 1.656738
0

0101000
+1805 0 -1803 0 *
Ve
1e-07
-34.345318 56.216785 0
0 0

0101101
*
Ed
 1e-07 1 1 0
1  1998 0 0 2.26488912379326
0

0101000
+1803 0 -1801 0 *
Ve
1e-07
-32.415909 57.403 0
0 0

0101101
*
Ed
 1e-07 1 1 0
1  1999 0 0 2.26488964753385
0

0101000
+1801 0 -1799 0 *
Ed
 1e-07 1 1 0
1  2000 0 0 2.16972832281141
0

0101000
+1799 0 -1810 0 *
Wi

0101100
+1808 0 +1806 0 +1804 0 +1802 0 +1800 0 +1798 0 +1797 0 *
Fa
0  1e-07 276 0

0111000
+1796 0 *
Ve
1e-07
-34.345318 56.216785 0
0 0

0101101
*
Ve
1e-07
-36.274727 55.030571 0
0 0

0101101
*
Ed
 1e-07 1 1 0
1  2001 0 0 2.26488912379326
0

0101000
+1794 0 -1793 0 *
Ve
1e-07
-36.274727 47.968224 0
0 0

0101101
*
Ed
 1e-07 1 1 0
1  2002 0 0 7.062347
0

0101000
+1793 0 -1791 0 *
Ve
1e-07
-32.415909 47.968224 0
0 0

0101101
*
Ed
 1e-07 1 1 0
1  2003 0 0 3.858818
0

0101000
+1791 0 -1789 0 *
Ve
1e-07
-32.415909 57.403 0
0 0

0101101
*
Ed
 1e-07 1 1 0
1  2004 0 0 9.434776
0

0101000
+1789 0 -1787 0 *
Ed
 1e-07 1 1 0
1  2005 0 0 2.26488964753385
0

0101000
+1787 0 -1794 0 *
Wi

0101100
+1792 0 +1790 0 +1788 0 +1786 0 +1785 0 *
Fa
0  1e-07 277 0

0111000
+1784 0 *
Ve
1e-07
-36.495808 40.156647 0
0 0

0101101
*
Ve
1e-07
-36.397549 38.203754 0
0 0

0101101
*
Ed
 1e-07 1 1 0
1  2006 0 0 1.95536336790122
0

0101000
+1782 0 -1781 0 *
Ve
1e-07
-34.406731 43.085987 0
0 0

0101101
*
Ed
 1e-07 1 1 0
1  2007 0 0 5.27252836648728
0

0101000
+1781 0 -1779 0 *
Ve
1e-07
-32.415909 47.968224 0
0 0

0101101
*
Ed
 1e-07 1 1 0
1  2008 0 0 5.27253358072312
0

0101000
+1779 0 -1777 0 *
Ve
1e-07
-36.274727 47.968224 0
0 0

0101101
*
Ed
 1e-07 1 1 0
1  2009 0 0 3.858818
0

0101000
+1777 0 -1775 0 *
Ve
1e-07
-36.888844 47.968224 0
0 0

0101101
*
Ed
 1e-07 1 1 0
1  2010 0 0 0.614117
0

0101000
+1775 0 -1773 0 *
Ve
1e-07
-36.790585 46.015327 0
0 0

0101101
*
Ed
 1e-07 1 1 0
1  2011 0 0 1.95536736284771
0

0101000
+1773 0 -1771 0 *
Ve
1e-07
-36.692326 44.062435 0
0 0

0101101
*
Ed
 1e-07 1 1 0
1  2012 0 0 1.9553623691646
0

0101000
+1771 0 -1769 0 *
Ve
1e-07
-36.594067 42.109543 0
0 0

0101101
*
Ed
 1e-07 1 1 0
1  2013 0 0 1.9553623691646
0

0101000
+1769 0 -1767 0 *
Ed
 1e-07 1 1 0
1  2014 0 0 1.95536636411109
0

0101000
+1767 0 -1782 0 *
Wi

0101100
+1780 0 +1778 0 +1776 0 +1774 0 +1772 0 +1770 0 +1768 0 +1766 0 +1765 0 *
Fa
0  1e-07 278 0

0111000
+1764 0 *
Ve
1e-07
-36.735313 56.687309 0
0 0

0101101
*
Ve
1e-07
-36.581783 55.030571 0
0 0

0101101
*
Ed
 1e-07 1 1 0
1  2015 0 0 1.66383660902866
0

0101000
+1762 0 -1761 0 *
Ve
1e-07
-36.274727 55.030571 0
0 0

0101101
*
Ed
 1e-07 1 1 0
1  2016 0 0 0.307056000000003
0

0101000
+1761 0 -1759 0 *
Ve
1e-07
-36.274727 56.687309 0
0 0

0101101
*
Ed
 1e-07 1 1 0
1  2017 0 0 1.656738
0

0101000
+1759 0 -1757 0 *
Ve
1e-07
-36.274727 58.344044 0
0 0

0101101
*
Ed
 1e-07 1 1 0
1  2018 0 0 1.656735
0

0101000
+1757 0 -1755 0 *
Ve
1e-07
-36.888844 58.344044 0
0 0

0101101
*
Ed
 1e-07 1 1 0
1  2019 0 0 0.614117
0

0101000
+1755 0 -1753 0 *
Ed
 1e-07 1 1 0
1  2020 0 0 1.66383371410306
0

0101000
+1753 0 -1762 0 *
Wi

0101100
+1760 0 +1758 0 +1756 0 +1754 0 +1752 0 +1751 0 *
Fa
0  1e-07 279 0

0111000
+1750 0 *
Ve
1e-07
-40.3279 49.25787 0
0 0

0101101
*
Ve
1e-07
-36.581783 49.25787 0
0 0

0101101
*
Ed
 1e-07 1 1 0
1  2021 0 0 3.746117
0

0101000
+1748 0 -1747 0 *
Ve
1e-07
-36.581783 55.030571 0
0 0

0101101
*
Ed
 1e-07 1 1 0
1  2022 0 0 5.772701
0

0101000
+1747 0 -1745 0 *
Ve
1e-07
-40.3279 52.144218 0
0 0

0101101
*
Ed
 1e-07 1 1 0
1  2023 0 0 4.72910416657299
0

0101000
+1745 0 -1743 0 *
Ve
1e-07
-44.074017 49.25787 0
0 0

0101101
*
Ed
 1e-07 1 1 0
1  2024 0 0 4.72910111488357
0

0101000
+1743 0 -1741 0 *
Ed
 1e-07 1 1 0
1  2025 0 0 3.746117
0

0101000
+1741 0 -1748 0 *
Wi

0101100
+1746 0 +1744 0 +1742 0 +1740 0 +1739 0 *
Fa
0  1e-07 280 0

0111000
+1738 0 *
Ve
1e-07
-36.919548 45.527103 0
0 0

0101101
*
Ve
1e-07
-36.888844 47.968224 0
0 0

0101101
*
Ed
 1e-07 1 1 0
1  2026 0 0 2.44131408717867
0

0101000
+1736 0 -1735 0 *
Ve
1e-07
-36.888844 48.766575 0
0 0

0101101
*
Ed
 1e-07 1 1 0
1  2027 0 0 0.798351000000004
0

0101000
+1735 0 -1733 0 *
Ve
1e-07
-40.020844 48.766575 0
0 0

0101101
*
Ed
 1e-07 1 1 0
1  2028 0 0 3.132
0

0101000
+1733 0 -1731 0 *
Ve
1e-07
-38.516254 43.485165 0
0 0

0101101
*
Ed
 1e-07 1 1 0
1  2029 0 0 5.49154647218796
0

0101000
+1731 0 -1729 0 *
Ve
1e-07
-37.011669 38.203754 0
0 0

0101101
*
Ed
 1e-07 1 1 0
1  2030 0 0 5.49154606401021
0

0101000
+1729 0 -1727 0 *
Ve
1e-07
-36.980961 40.644871 0
0 0

0101101
*
Ed
 1e-07 1 1 0
1  2031 0 0 2.44131013780572
0

0101000
+1727 0 -1725 0 *
Ve
1e-07
-36.950256 43.085987 0
0 0

0101101
*
Ed
 1e-07 1 1 0
1  2032 0 0 2.44130910015119
0

0101000
+1725 0 -1723 0 *
Ed
 1e-07 1 1 0
1  2033 0 0 2.44130913788483
0

0101000
+1723 0 -1736 0 *
Wi

0101100
+1734 0 +1732 0 +1730 0 +1728 0 +1726 0 +1724 0 +1722 0 +1721 0 *
Fa
0  1e-07 281 0

0111000
+1720 0 *
Ve
1e-07
-27.480024 47.968224 0
0 0

0101101
*
Ve
1e-07
-29.125319 47.968224 0
0 0

0101101
*
Ed
 1e-07 1 1 0
1  2034 0 0 1.645295
0

0101000
+1718 0 -1717 0 *
Ve
1e-07
-30.770615 47.968224 0
0 0

0101101
*
Ed
 1e-07 1 1 0
1  2035 0 0 1.645296
0

0101000
+1717 0 -1715 0 *
Ve
1e-07
-32.415909 47.968224 0
0 0

0101101
*
Ed
 1e-07 1 1 0
1  2036 0 0 1.645294
0

0101000
+1715 0 -1713 0 *
Ve
1e-07
-29.250608 42.625401 0
0 0

0101101
*
Ed
 1e-07 1 1 0
1  2037 0 0 6.21006344814045
0

0101000
+1713 0 -1711 0 *
Ve
1e-07
-26.08531 37.282578 0
0 0

0101101
*
Ed
 1e-07 1 1 0
1  2038 0 0 6.21006191902568
0

0101000
+1711 0 -1709 0 *
Ve
1e-07
-24.174147 37.711567 0
0 0

0101101
*
Ed
 1e-07 1 1 0
1  2039 0 0 1.95871783947816
0

0101000
+1709 0 -1707 0 *
Ve
1e-07
-22.262985 38.140556 0
0 0

0101101
*
Ed
 1e-07 1 1 0
1  2040 0 0 1.95871686375673
0

0101000
+1707 0 -1705 0 *
Ve
1e-07
-23.453566 41.416443 0
0 0

0101101
*
Ed
 1e-07 1 1 0
1  2041 0 0 3.48552991011841
0

0101000
+1705 0 -1703 0 *
Ve
1e-07
-24.644148 44.692333 0
0 0

0101101
*
Ed
 1e-07 1 1 0
1  2042 0 0 3.48553307125667
0

0101000
+1703 0 -1701 0 *
Ve
1e-07
-25.83473 47.968224 0
0 0

0101101
*
Ed
 1e-07 1 1 0
1  2043 0 0 3.48553401111006
0

0101000
+1701 0 -1699 0 *
Ed
 1e-07 1 1 0
1  2044 0 0 1.645294
0

0101000
+1699 0 -1718 0 *
Wi

0101100
+1716 0 +1714 0 +1712 0 +1710 0 +1708 0 +1706 0 +1704 0 +1702 0 +1700 0 +1698 0 
+1697 0 *
Fa
0  1e-07 282 0

0111000
+1696 0 *
Ve
1e-07
-14.415451 42.858837 0
0 0

0101101
*
Ve
1e-07
-17.130737 47.577122 0
0 0

0101101
*
Ed
 1e-07 1 1 0
1  2045 0 0 5.44380302757374
0

0101000
+1694 0 -1693 0 *
Ve
1e-07
-21.920855 47.577122 0
0 0

0101101
*
Ed
 1e-07 1 1 0
1  2046 0 0 4.790118
0

0101000
+1693 0 -1691 0 *
Ve
1e-07
-20.421009 44.431599 0
0 0

0101101
*
Ed
 1e-07 1 1 0
1  2047 0 0 3.48480314612533
0

0101000
+1691 0 -1689 0 *
Ve
1e-07
-18.921165 41.286079 0
0 0

0101101
*
Ed
 1e-07 1 1 0
1  2048 0 0 3.48479957741274
0

0101000
+1689 0 -1687 0 *
Ve
1e-07
-17.42132 38.140556 0
0 0

0101101
*
Ed
 1e-07 1 1 0
1  2049 0 0 3.48480271572926
0

0101000
+1687 0 -1685 0 *
Ve
1e-07
-11.700165 38.140556 0
0 0

0101101
*
Ed
 1e-07 1 1 0
1  2050 0 0 5.721155
0

0101000
+1685 0 -1683 0 *
Ed
 1e-07 1 1 0
1  2051 0 0 5.44379956067057
0

0101000
+1683 0 -1694 0 *
Wi

0101100
+1692 0 +1690 0 +1688 0 +1686 0 +1684 0 +1682 0 +1681 0 *
Fa
0  1e-07 283 0

0111000
+1680 0 *
Ve
1e-07
8.74452 40.735615 0
0 0

0101101
*
Ve
1e-07
9.614741 37.770145 0
0 0

0101101
*
Ed
 1e-07 1 1 0
1  2052 0 0 3.09051725601735
0

0101000
+1678 0 -1677 0 *
Ve
1e-07
9.88938 40.735615 0
0 0

0101101
*
Ed
 1e-07 1 1 0
1  2053 0 0 2.97816032161148
0

0101000
+1677 0 -1675 0 *
Ve
1e-07
10.164018 43.701084 0
0 0

0101101
*
Ed
 1e-07 1 1 0
1  2054 0 0 2.97815923365508
0

0101000
+1675 0 -1673 0 *
Ve
1e-07
10.438656 46.666553 0
0 0

0101101
*
Ed
 1e-07 1 1 0
1  2055 0 0 2.97815923365508
0

0101000
+1673 0 -1671 0 *
Ve
1e-07
9.427602 46.666553 0
0 0

0101101
*
Ed
 1e-07 1 1 0
1  2056 0 0 1.011054
0

0101000
+1671 0 -1669 0 *
Ve
1e-07
7.710313 46.666553 0
0 0

0101101
*
Ed
 1e-07 1 1 0
1  2057 0 0 1.717289
0

0101000
+1669 0 -1667 0 *
Ve
1e-07
7.004078 46.666553 0
0 0

0101101
*
Ed
 1e-07 1 1 0
1  2058 0 0 0.706235
0

0101000
+1667 0 -1665 0 *
Ve
1e-07
7.874299 43.701084 0
0 0

0101101
*
Ed
 1e-07 1 1 0
1  2059 0 0 3.09051629647895
0

0101000
+1665 0 -1663 0 *
Ed
 1e-07 1 1 0
1  2060 0 0 3.09051629647895
0

0101000
+1663 0 -1678 0 *
Wi

0101100
+1676 0 +1674 0 +1672 0 +1670 0 +1668 0 +1666 0 +1664 0 +1662 0 +1661 0 *
Fa
0  1e-07 284 0

0111000
+1660 0 *
Ve
1e-07
10.167447 37.463089 0
0 0

0101101
*
Ve
1e-07
10.167447 36.848969 0
0 0

0101101
*
Ed
 1e-07 1 1 0
1  2061 0 0 0.61412
0

0101000
+1658 0 -1657 0 *
Ve
1e-07
13.023093 37.156029 0
0 0

0101101
*
Ed
 1e-07 1 1 0
1  2062 0 0 2.87210722657007
0

0101000
+1657 0 -1655 0 *
Ve
1e-07
15.878739 37.463089 0
0 0

0101101
*
Ed
 1e-07 1 1 0
1  2063 0 0 2.87210722657007
0

0101000
+1655 0 -1653 0 *
Ed
 1e-07 1 1 0
1  2064 0 0 5.711292
0

0101000
+1653 0 -1658 0 *
Wi

0101100
+1656 0 +1654 0 +1652 0 +1651 0 *
Fa
0  1e-07 285 0

0111000
+1650 0 *
Ve
1e-07
10.689446 34.914501 0
0 0

0101101
*
Ve
1e-07
10.167447 36.848969 0
0 0

0101101
*
Ed
 1e-07 1 1 0
1  2065 0 0 2.00365900268109
0

0101000
+1648 0 -1647 0 *
Ve
1e-07
9.860388 36.848969 0
0 0

0101101
*
Ed
 1e-07 1 1 0
1  2066 0 0 0.307058999999999
0

0101000
+1647 0 -1645 0 *
Ve
1e-07
9.860388 32.98003 0
0 0

0101101
*
Ed
 1e-07 1 1 0
1  2067 0 0 3.868939
0

0101000
+1645 0 -1643 0 *
Ve
1e-07
11.211447 32.98003 0
0 0

0101101
*
Ed
 1e-07 1 1 0
1  2068 0 0 1.351059
0

0101000
+1643 0 -1641 0 *
Ed
 1e-07 1 1 0
1  2069 0 0 2.0036624201302
0

0101000
+1641 0 -1648 0 *
Wi

0101100
+1646 0 +1644 0 +1642 0 +1640 0 +1639 0 *
Fa
0  1e-07 286 0

0111000
+1638 0 *
Ve
1e-07
-5.866049 36.789497 0
0 0

0101101
*
Ve
1e-07
-0.705786 35.396851 0
0 0

0101101
*
Ed
 1e-07 1 1 0
1  2070 0 0 5.34488326443946
0

0101000
+1636 0 -1635 0 *
Ve
1e-07
4.454478 34.004204 0
0 0

0101101
*
Ed
 1e-07 1 1 0
1  2071 0 0 5.34488449045487
0

0101000
+1635 0 -1633 0 *
Ve
1e-07
9.614741 32.611561 0
0 0

0101101
*
Ed
 1e-07 1 1 0
1  2072 0 0 5.34488248276966
0

0101000
+1633 0 -1631 0 *
Ve
1e-07
9.614741 37.770145 0
0 0

0101101
*
Ed
 1e-07 1 1 0
1  2073 0 0 5.158584
0

0101000
+1631 0 -1629 0 *
Ve
1e-07
1.874346 37.955353 0
0 0

0101101
*
Ed
 1e-07 1 1 0
1  2074 0 0 7.74261046154906
0

0101000
+1629 0 -1627 0 *
Ve
1e-07
-5.866049 38.140556 0
0 0

0101101
*
Ed
 1e-07 1 1 0
1  2075 0 0 7.7426103419476
0

0101000
+1627 0 -1625 0 *
Ed
 1e-07 1 1 0
1  2076 0 0 1.351059
0

0101000
+1625 0 -1636 0 *
Wi

0101100
+1634 0 +1632 0 +1630 0 +1628 0 +1626 0 +1624 0 +1623 0 *
Fa
0  1e-07 287 0

0111000
+1622 0 *
Ve
1e-07
-2.962161 42.403553 0
0 0

0101101
*
Ve
1e-07
-5.866049 38.140556 0
0 0

0101101
*
Ed
 1e-07 1 1 0
1  2077 0 0 5.15807221145197
0

0101000
+1620 0 -1619 0 *
Ve
1e-07
1.874346 37.955353 0
0 0

0101101
*
Ed
 1e-07 1 1 0
1  2078 0 0 7.7426103419476
0

0101000
+1619 0 -1617 0 *
Ve
1e-07
9.614741 37.770145 0
0 0

0101101
*
Ed
 1e-07 1 1 0
1  2079 0 0 7.74261046154906
0

0101000
+1617 0 -1615 0 *
Ve
1e-07
5.668705 42.218349 0
0 0

0101101
*
Ed
 1e-07 1 1 0
1  2080 0 0 5.94623569486714
0

0101000
+1615 0 -1613 0 *
Ve
1e-07
1.722668 46.666553 0
0 0

0101101
*
Ed
 1e-07 1 1 0
1  2081 0 0 5.94623635848635
0

0101000
+1613 0 -1611 0 *
Ve
1e-07
-0.058273 46.666553 0
0 0

0101101
*
Ed
 1e-07 1 1 0
1  2082 0 0 1.780941
0

0101000
+1611 0 -1609 0 *
Ed
 1e-07 1 1 0
1  2083 0 0 5.15807469086519
0

0101000
+1609 0 -1620 0 *
Wi

0101100
+1618 0 +1616 0 +1614 0 +1612 0 +1610 0 +1608 0 +1607 0 *
Fa
0  1e-07 288 0

0111000
+1606 0 *
Ve
1e-07
2.490315 46.666553 0
0 0

0101101
*
Ve
1e-07
1.722668 46.666553 0
0 0

0101101
*
Ed
 1e-07 1 1 0
1  2084 0 0 0.767647
0

0101000
+1604 0 -1603 0 *
Ve
1e-07
5.668705 42.218349 0
0 0

0101101
*
Ed
 1e-07 1 1 0
1  2085 0 0 5.94623635848635
0

0101000
+1603 0 -1601 0 *
Ve
1e-07
9.614741 37.770145 0
0 0

0101101
*
Ed
 1e-07 1 1 0
1  2086 0 0 5.94623569486714
0

0101000
+1601 0 -1599 0 *
Ve
1e-07
8.74452 40.735615 0
0 0

0101101
*
Ed
 1e-07 1 1 0
1  2087 0 0 3.09051725601735
0

0101000
+1599 0 -1597 0 *
Ve
1e-07
7.874299 43.701084 0
0 0

0101101
*
Ed
 1e-07 1 1 0
1  2088 0 0 3.09051629647895
0

0101000
+1597 0 -1595 0 *
Ve
1e-07
7.004078 46.666553 0
0 0

0101101
*
Ed
 1e-07 1 1 0
1  2089 0 0 3.09051629647895
0

0101000
+1595 0 -1593 0 *
Ve
1e-07
5.13102 46.666553 0
0 0

0101101
*
Ed
 1e-07 1 1 0
1  2090 0 0 1.873058
0

0101000
+1593 0 -1591 0 *
Ed
 1e-07 1 1 0
1  2091 0 0 2.640705
0

0101000
+1591 0 -1604 0 *
Wi

0101100
+1602 0 +1600 0 +1598 0 +1596 0 +1594 0 +1592 0 +1590 0 +1589 0 *
Fa
0  1e-07 289 0

0111000
+1588 0 *
Ve
1e-07
10.696705 29.927315 0
0 0

0101101
*
Ve
1e-07
11.211447 32.611561 0
0 0

0101101
*
Ed
 1e-07 1 1 0
1  2092 0 0 2.73315493799382
0

0101000
+1586 0 -1585 0 *
Ve
1e-07
9.614741 32.611561 0
0 0

0101101
*
Ed
 1e-07 1 1 0
1  2093 0 0 1.596706
0

0101000
+1585 0 -1583 0 *
Ve
1e-07
9.898352 29.927315 0
0 0

0101101
*
Ed
 1e-07 1 1 0
1  2094 0 0 2.6991872457903
0

0101000
+1583 0 -1581 0 *
Ve
1e-07
10.181963 27.243069 0
0 0

0101101
*
Ed
 1e-07 1 1 0
1  2095 0 0 2.6991872457903
0

0101000
+1581 0 -1579 0 *
Ed
 1e-07 1 1 0
1  2096 0 0 2.73315493799382
0

0101000
+1579 0 -1586 0 *
Wi

0101100
+1584 0 +1582 0 +1580 0 +1578 0 +1577 0 *
Fa
0  1e-07 290 0

0111000
+1576 0 *
Ve
1e-07
11.211447 32.611561 0
0 0

0101101
*
Ve
1e-07
12.869563 32.611561 0
0 0

0101101
*
Ed
 1e-07 1 1 0
1  2097 0 0 1.658116
0

0101000
+1574 0 -1573 0 *
Ve
1e-07
14.52768 32.611561 0
0 0

0101101
*
Ed
 1e-07 1 1 0
1  2098 0 0 1.658117
0

0101000
+1573 0 -1571 0 *
Ve
1e-07
12.869563 32.795795 0
0 0

0101101
*
Ed
 1e-07 1 1 0
1  2099 0 0 1.66832075826113
0

0101000
+1571 0 -1569 0 *
Ve
1e-07
11.211447 32.98003 0
0 0

0101101
*
Ed
 1e-07 1 1 0
1  2100 0 0 1.66831987480849
0

0101000
+1569 0 -1567 0 *
Ed
 1e-07 1 1 0
1  2101 0 0 0.368468999999997
0

0101000
+1567 0 -1574 0 *
Wi

0101100
+1572 0 +1570 0 +1568 0 +1566 0 +1565 0 *
Fa
0  1e-07 291 0

0111000
+1564 0 *
Ve
1e-07
-0.705786 35.396851 0
0 0

0101101
*
Ve
1e-07
-5.866049 36.789497 0
0 0

0101101
*
Ed
 1e-07 1 1 0
1  2102 0 0 5.34488326443946
0

0101000
+1562 0 -1561 0 *
Ve
1e-07
-5.866049 35.602055 0
0 0

0101101
*
Ed
 1e-07 1 1 0
1  2103 0 0 1.187442
0

0101000
+1561 0 -1559 0 *
Ve
1e-07
-5.866049 34.414616 0
0 0

0101101
*
Ed
 1e-07 1 1 0
1  2104 0 0 1.187439
0

0101000
+1559 0 -1557 0 *
Ve
1e-07
-5.866049 33.227173 0
0 0

0101101
*
Ed
 1e-07 1 1 0
1  2105 0 0 1.187443
0

0101000
+1557 0 -1555 0 *
Ve
1e-07
-0.705786 33.021969 0
0 0

0101101
*
Ed
 1e-07 1 1 0
1  2106 0 0 5.16434147890948
0

0101000
+1555 0 -1553 0 *
Ve
1e-07
4.454478 32.816765 0
0 0

0101101
*
Ed
 1e-07 1 1 0
1  2107 0 0 5.16434247811975
0

0101000
+1553 0 -1551 0 *
Ve
1e-07
9.614741 32.611561 0
0 0

0101101
*
Ed
 1e-07 1 1 0
1  2108 0 0 5.16434147890948
0

0101000
+1551 0 -1549 0 *
Ve
1e-07
4.454478 34.004204 0
0 0

0101101
*
Ed
 1e-07 1 1 0
1  2109 0 0 5.34488248276966
0

0101000
+1549 0 -1547 0 *
Ed
 1e-07 1 1 0
1  2110 0 0 5.34488449045487
0

0101000
+1547 0 -1562 0 *
Wi

0101100
+1560 0 +1558 0 +1556 0 +1554 0 +1552 0 +1550 0 +1548 0 +1546 0 +1545 0 *
Fa
0  1e-07 292 0

0111000
+1544 0 *
Ve
1e-07
-0.705786 33.021969 0
0 0

0101101
*
Ve
1e-07
-5.866049 33.227173 0
0 0

0101101
*
Ed
 1e-07 1 1 0
1  2111 0 0 5.16434147890948
0

0101000
+1542 0 -1541 0 *
Ve
1e-07
-5.866049 23.708353 0
0 0

0101101
*
Ed
 1e-07 1 1 0
1  2112 0 0 9.51882
0

0101000
+1541 0 -1539 0 *
Ve
1e-07
-0.516712 24.886591 0
0 0

0101101
*
Ed
 1e-07 1 1 0
1  2113 0 0 5.47755886542655
0

0101000
+1539 0 -1537 0 *
Ve
1e-07
4.832625 26.064831 0
0 0

0101101
*
Ed
 1e-07 1 1 0
1  2114 0 0 5.47755929563241
0

0101000
+1537 0 -1535 0 *
Ve
1e-07
10.181963 27.243069 0
0 0

0101101
*
Ed
 1e-07 1 1 0
1  2115 0 0 5.47755984201797
0

0101000
+1535 0 -1533 0 *
Ve
1e-07
9.898352 29.927315 0
0 0

0101101
*
Ed
 1e-07 1 1 0
1  2116 0 0 2.6991872457903
0

0101000
+1533 0 -1531 0 *
Ve
1e-07
9.614741 32.611561 0
0 0

0101101
*
Ed
 1e-07 1 1 0
1  2117 0 0 2.6991872457903
0

0101000
+1531 0 -1529 0 *
Ve
1e-07
4.454478 32.816765 0
0 0

0101101
*
Ed
 1e-07 1 1 0
1  2118 0 0 5.16434147890948
0

0101000
+1529 0 -1527 0 *
Ed
 1e-07 1 1 0
1  2119 0 0 5.16434247811975
0

0101000
+1527 0 -1542 0 *
Wi

0101100
+1540 0 +1538 0 +1536 0 +1534 0 +1532 0 +1530 0 +1528 0 +1526 0 +1525 0 *
Fa
0  1e-07 293 0

0111000
+1524 0 *
Ve
1e-07
-6.173108 34.414616 0
0 0

0101101
*
Ve
1e-07
-6.173108 33.227173 0
0 0

0101101
*
Ed
 1e-07 1 1 0
1  2120 0 0 1.187443
0

0101000
+1522 0 -1521 0 *
Ve
1e-07
-5.866049 33.227173 0
0 0

0101101
*
Ed
 1e-07 1 1 0
1  2121 0 0 0.307059
0

0101000
+1521 0 -1519 0 *
Ve
1e-07
-5.866049 34.414616 0
0 0

0101101
*
Ed
 1e-07 1 1 0
1  2122 0 0 1.187443
0

0101000
+1519 0 -1517 0 *
Ve
1e-07
-5.866049 35.602055 0
0 0

0101101
*
Ed
 1e-07 1 1 0
1  2123 0 0 1.187439
0

0101000
+1517 0 -1515 0 *
Ve
1e-07
-5.866049 36.789497 0
0 0

0101101
*
Ed
 1e-07 1 1 0
1  2124 0 0 1.187442
0

0101000
+1515 0 -1513 0 *
Ve
1e-07
-6.173108 36.789497 0
0 0

0101101
*
Ed
 1e-07 1 1 0
1  2125 0 0 0.307059
0

0101000
+1513 0 -1511 0 *
Ve
1e-07
-6.173108 35.602055 0
0 0

0101101
*
Ed
 1e-07 1 1 0
1  2126 0 0 1.187442
0

0101000
+1511 0 -1509 0 *
Ed
 1e-07 1 1 0
1  2127 0 0 1.187439
0

0101000
+1509 0 -1522 0 *
Wi

0101100
+1520 0 +1518 0 +1516 0 +1514 0 +1512 0 +1510 0 +1508 0 +1507 0 *
Fa
0  1e-07 294 0

0111000
+1506 0 *
Ve
1e-07
10.181963 20.334248 0
0 0

0101101
*
Ve
1e-07
10.181963 23.788658 0
0 0

0101101
*
Ed
 1e-07 1 1 0
1  2128 0 0 3.45441
0

0101000
+1504 0 -1503 0 *
Ve
1e-07
10.181963 27.243069 0
0 0

0101101
*
Ed
 1e-07 1 1 0
1  2129 0 0 3.454411
0

0101000
+1503 0 -1501 0 *
Ve
1e-07
4.832625 26.064831 0
0 0

0101101
*
Ed
 1e-07 1 1 0
1  2130 0 0 5.47755984201797
0

0101000
+1501 0 -1499 0 *
Ve
1e-07
-0.516712 24.886591 0
0 0

0101101
*
Ed
 1e-07 1 1 0
1  2131 0 0 5.47755929563241
0

0101000
+1499 0 -1497 0 *
Ve
1e-07
-5.866049 23.708353 0
0 0

0101101
*
Ed
 1e-07 1 1 0
1  2132 0 0 5.47755886542655
0

0101000
+1497 0 -1495 0 *
Ve
1e-07
-6.02451 21.80459 0
0 0

0101101
*
Ed
 1e-07 1 1 0
1  2133 0 0 1.91034642112105
0

0101000
+1495 0 -1493 0 *
Ve
1e-07
-6.182971 19.900826 0
0 0

0101101
*
Ed
 1e-07 1 1 0
1  2134 0 0 1.91034741767486
0

0101000
+1493 0 -1491 0 *
Ve
1e-07
1.999495 16.663126 0
0 0

0101101
*
Ed
 1e-07 1 1 0
1  2135 0 0 8.79974153774734
0

0101000
+1491 0 -1489 0 *
Ve
1e-07
10.181963 13.425426 0
0 0

0101101
*
Ed
 1e-07 1 1 0
1  2136 0 0 8.79974339745336
0

0101000
+1489 0 -1487 0 *
Ve
1e-07
10.181963 16.879837 0
0 0

0101101
*
Ed
 1e-07 1 1 0
1  2137 0 0 3.454411
0

0101000
+1487 0 -1485 0 *
Ed
 1e-07 1 1 0
1  2138 0 0 3.454411
0

0101000
+1485 0 -1504 0 *
Wi

0101100
+1502 0 +1500 0 +1498 0 +1496 0 +1494 0 +1492 0 +1490 0 +1488 0 +1486 0 +1484 0 
+1483 0 *
Fa
0  1e-07 295 0

0111000
+1482 0 *
Ve
1e-07
-8.783107 35.530334 0
0 0

0101101
*
Ve
1e-07
-6.173108 33.227173 0
0 0

0101101
*
Ed
 1e-07 1 1 0
1  2139 0 0 3.48089720789368
0

0101000
+1480 0 -1479 0 *
Ve
1e-07
-6.173108 34.414616 0
0 0

0101101
*
Ed
 1e-07 1 1 0
1  2140 0 0 1.187443
0

0101000
+1479 0 -1477 0 *
Ve
1e-07
-6.173108 37.311497 0
0 0

0101101
*
Ed
 1e-07 1 1 0
1  2141 0 0 2.896881
0

0101000
+1477 0 -1475 0 *
Ve
1e-07
-6.173108 37.833496 0
0 0

0101101
*
Ed
 1e-07 1 1 0
1  2142 0 0 0.521998999999994
0

0101000
+1475 0 -1473 0 *
Ve
1e-07
-11.393106 37.833496 0
0 0

0101101
*
Ed
 1e-07 1 1 0
1  2143 0 0 5.219998
0

0101000
+1473 0 -1471 0 *
Ed
 1e-07 1 1 0
1  2144 0 0 3.48089786955104
0

0101000
+1471 0 -1480 0 *
Wi

0101100
+1478 0 +1476 0 +1474 0 +1472 0 +1470 0 +1469 0 *
Fa
0  1e-07 296 0

0111000
+1468 0 *
Ve
1e-07
-6.173108 28.314234 0
0 0

0101101
*
Ve
1e-07
-6.173108 33.227173 0
0 0

0101101
*
Ed
 1e-07 1 1 0
1  2145 0 0 4.912939
0

0101000
+1466 0 -1465 0 *
Ve
1e-07
-8.783107 35.530334 0
0 0

0101101
*
Ed
 1e-07 1 1 0
1  2146 0 0 3.48089720789368
0

0101000
+1465 0 -1463 0 *
Ve
1e-07
-11.393106 37.833496 0
0 0

0101101
*
Ed
 1e-07 1 1 0
1  2147 0 0 3.48089786955104
0

0101000
+1463 0 -1461 0 *
Ve
1e-07
-11.393106 28.314234 0
0 0

0101101
*
Ed
 1e-07 1 1 0
1  2148 0 0 9.519262
0

0101000
+1461 0 -1459 0 *
Ve
1e-07
-8.783107 28.314234 0
0 0

0101101
*
Ed
 1e-07 1 1 0
1  2149 0 0 2.609999
0

0101000
+1459 0 -1457 0 *
Ed
 1e-07 1 1 0
1  2150 0 0 2.609999
0

0101000
+1457 0 -1466 0 *
Wi

0101100
+1464 0 +1462 0 +1460 0 +1458 0 +1456 0 +1455 0 *
Fa
0  1e-07 297 0

0111000
+1454 0 *
Ve
1e-07
-6.173108 25.013353 0
0 0

0101101
*
Ve
1e-07
-6.173108 26.011293 0
0 0

0101101
*
Ed
 1e-07 1 1 0
1  2151 0 0 0.99794
0

0101000
+1452 0 -1451 0 *
Ve
1e-07
-6.173108 27.009235 0
0 0

0101101
*
Ed
 1e-07 1 1 0
1  2152 0 0 0.997942000000002
0

0101000
+1451 0 -1449 0 *
Ve
1e-07
-6.173108 28.007175 0
0 0

0101101
*
Ed
 1e-07 1 1 0
1  2153 0 0 0.99794
0

0101000
+1449 0 -1447 0 *
Ve
1e-07
-14.064517 28.007175 0
0 0

0101101
*
Ed
 1e-07 1 1 0
1  2154 0 0 7.891409
0

0101000
+1447 0 -1445 0 *
Ve
1e-07
-21.955925 28.007175 0
0 0

0101101
*
Ed
 1e-07 1 1 0
1  2155 0 0 7.891408
0

0101000
+1445 0 -1443 0 *
Ve
1e-07
-20.052162 26.011293 0
0 0

0101101
*
Ed
 1e-07 1 1 0
1  2156 0 0 2.75823467422426
0

0101000
+1443 0 -1441 0 *
Ve
1e-07
-18.148397 24.015411 0
0 0

0101101
*
Ed
 1e-07 1 1 0
1  2157 0 0 2.75823605464597
0

0101000
+1441 0 -1439 0 *
Ve
1e-07
-12.160752 24.015411 0
0 0

0101101
*
Ed
 1e-07 1 1 0
1  2158 0 0 5.987645
0

0101000
+1439 0 -1437 0 *
Ve
1e-07
-6.173108 24.015411 0
0 0

0101101
*
Ed
 1e-07 1 1 0
1  2159 0 0 5.987644
0

0101000
+1437 0 -1435 0 *
Ed
 1e-07 1 1 0
1  2160 0 0 0.997941999999998
0

0101000
+1435 0 -1452 0 *
Wi

0101100
+1450 0 +1448 0 +1446 0 +1444 0 +1442 0 +1440 0 +1438 0 +1436 0 +1434 0 +1433 0 
*
Fa
0  1e-07 298 0

0111000
+1432 0 *
Ve
1e-07
-6.02451 21.80459 0
0 0

0101101
*
Ve
1e-07
-5.866049 23.708353 0
0 0

0101101
*
Ed
 1e-07 1 1 0
1  2161 0 0 1.91034642112105
0

0101000
+1430 0 -1429 0 *
Ve
1e-07
-8.223454 22.439178 0
0 0

0101101
*
Ed
 1e-07 1 1 0
1  2162 0 0 2.67734262182672
0

0101000
+1429 0 -1427 0 *
Ve
1e-07
-10.580858 21.170002 0
0 0

0101101
*
Ed
 1e-07 1 1 0
1  2163 0 0 2.67734221536807
0

0101000
+1427 0 -1425 0 *
Ve
1e-07
-12.938264 19.900826 0
0 0

0101101
*
Ed
 1e-07 1 1 0
1  2164 0 0 2.67734397637136
0

0101000
+1425 0 -1423 0 *
Ve
1e-07
-11.853323 19.900826 0
0 0

0101101
*
Ed
 1e-07 1 1 0
1  2165 0 0 1.084941
0

0101000
+1423 0 -1421 0 *
Ve
1e-07
-10.768382 19.900826 0
0 0

0101101
*
Ed
 1e-07 1 1 0
1  2166 0 0 1.084941
0

0101000
+1421 0 -1419 0 *
Ve
1e-07
-7.933207 19.900826 0
0 0

0101101
*
Ed
 1e-07 1 1 0
1  2167 0 0 2.835175
0

0101000
+1419 0 -1417 0 *
Ve
1e-07
-6.182971 19.900826 0
0 0

0101101
*
Ed
 1e-07 1 1 0
1  2168 0 0 1.750236
0

0101000
+1417 0 -1415 0 *
Ed
 1e-07 1 1 0
1  2169 0 0 1.91034741767486
0

0101000
+1415 0 -1430 0 *
Wi

0101100
+1428 0 +1426 0 +1424 0 +1422 0 +1420 0 +1418 0 +1416 0 +1414 0 +1413 0 *
Fa
0  1e-07 299 0

0111000
+1412 0 *
Ve
1e-07
-9.683441 19.900826 0
0 0

0101101
*
Ve
1e-07
-10.768382 19.900826 0
0 0

0101101
*
Ed
 1e-07 1 1 0
1  2170 0 0 1.084941
0

0101000
+1410 0 -1409 0 *
Ve
1e-07
-11.853323 19.900826 0
0 0

0101101
*
Ed
 1e-07 1 1 0
1  2171 0 0 1.084941
0

0101000
+1409 0 -1407 0 *
Ve
1e-07
-12.938264 19.900826 0
0 0

0101101
*
Ed
 1e-07 1 1 0
1  2172 0 0 1.084941
0

0101000
+1407 0 -1405 0 *
Ve
1e-07
-12.938264 19.593767 0
0 0

0101101
*
Ed
 1e-07 1 1 0
1  2173 0 0 0.307058999999999
0

0101000
+1405 0 -1403 0 *
Ve
1e-07
-11.853323 19.593767 0
0 0

0101101
*
Ed
 1e-07 1 1 0
1  2174 0 0 1.084941
0

0101000
+1403 0 -1401 0 *
Ve
1e-07
-10.768382 19.593767 0
0 0

0101101
*
Ed
 1e-07 1 1 0
1  2175 0 0 1.084941
0

0101000
+1401 0 -1399 0 *
Ve
1e-07
-9.683441 19.593767 0
0 0

0101101
*
Ed
 1e-07 1 1 0
1  2176 0 0 1.084941
0

0101000
+1399 0 -1397 0 *
Ed
 1e-07 1 1 0
1  2177 0 0 0.307058999999999
0

0101000
+1397 0 -1410 0 *
Wi

0101100
+1408 0 +1406 0 +1404 0 +1402 0 +1400 0 +1398 0 +1396 0 +1395 0 *
Fa
0  1e-07 300 0

0111000
+1394 0 *
Ve
1e-07
-15.763204 19.440237 0
0 0

0101101
*
Ve
1e-07
-14.105086 19.593767 0
0 0

0101101
*
Ed
 1e-07 1 1 0
1  2178 0 0 1.66521072625179
0

0101000
+1392 0 -1391 0 *
Ve
1e-07
-14.105086 19.900826 0
0 0

0101101
*
Ed
 1e-07 1 1 0
1  2179 0 0 0.307058999999999
0

0101000
+1391 0 -1389 0 *
Ve
1e-07
-15.763204 19.900826 0
0 0

0101101
*
Ed
 1e-07 1 1 0
1  2180 0 0 1.658118
0

0101000
+1389 0 -1387 0 *
Ve
1e-07
-17.42132 19.900826 0
0 0

0101101
*
Ed
 1e-07 1 1 0
1  2181 0 0 1.658116
0

0101000
+1387 0 -1385 0 *
Ve
1e-07
-17.42132 19.286709 0
0 0

0101101
*
Ed
 1e-07 1 1 0
1  2182 0 0 0.614117
0

0101000
+1385 0 -1383 0 *
Ed
 1e-07 1 1 0
1  2183 0 0 1.6652085503744
0

0101000
+1383 0 -1392 0 *
Wi

0101100
+1390 0 +1388 0 +1386 0 +1384 0 +1382 0 +1381 0 *
Fa
0  1e-07 301 0

0111000
+1380 0 *
Ve
1e-07
-12.938264 19.900826 0
0 0

0101101
*
Ve
1e-07
-10.580858 21.170002 0
0 0

0101101
*
Ed
 1e-07 1 1 0
1  2184 0 0 2.67734397637136
0

0101000
+1378 0 -1377 0 *
Ve
1e-07
-8.223454 22.439178 0
0 0

0101101
*
Ed
 1e-07 1 1 0
1  2185 0 0 2.67734221536807
0

0101000
+1377 0 -1375 0 *
Ve
1e-07
-5.866049 23.708353 0
0 0

0101101
*
Ed
 1e-07 1 1 0
1  2186 0 0 2.67734262182672
0

0101000
+1375 0 -1373 0 *
Ve
1e-07
-18.148397 23.708353 0
0 0

0101101
*
Ed
 1e-07 1 1 0
1  2187 0 0 12.282348
0

0101000
+1373 0 -1371 0 *
Ve
1e-07
-16.126741 21.80459 0
0 0

0101101
*
Ed
 1e-07 1 1 0
1  2188 0 0 2.77694194078756
0

0101000
+1371 0 -1369 0 *
Ve
1e-07
-14.105086 19.900826 0
0 0

0101101
*
Ed
 1e-07 1 1 0
1  2189 0 0 2.77694189833367
0

0101000
+1369 0 -1367 0 *
Ed
 1e-07 1 1 0
1  2190 0 0 1.166822
0

0101000
+1367 0 -1378 0 *
Wi

0101100
+1376 0 +1374 0 +1372 0 +1370 0 +1368 0 +1366 0 +1365 0 *
Fa
0  1e-07 302 0

0111000
+1364 0 *
Ve
1e-07
-10.768382 19.593767 0
0 0

0101101
*
Ve
1e-07
-11.853323 19.593767 0
0 0

0101101
*
Ed
 1e-07 1 1 0
1  2191 0 0 1.084941
0

0101000
+1362 0 -1361 0 *
Ve
1e-07
-13.306734 19.593767 0
0 0

0101101
*
Ed
 1e-07 1 1 0
1  2192 0 0 1.453411
0

0101000
+1361 0 -1359 0 *
Ve
1e-07
-13.306734 11.855886 0
0 0

0101101
*
Ed
 1e-07 1 1 0
1  2193 0 0 7.737881
0

0101000
+1359 0 -1357 0 *
Ve
1e-07
-11.495088 15.724827 0
0 0

0101101
*
Ed
 1e-07 1 1 0
1  2194 0 0 4.27209148904807
0

0101000
+1357 0 -1355 0 *
Ve
1e-07
-9.683441 19.593767 0
0 0

0101101
*
Ed
 1e-07 1 1 0
1  2195 0 0 4.27209100748205
0

0101000
+1355 0 -1353 0 *
Ed
 1e-07 1 1 0
1  2196 0 0 1.084941
0

0101000
+1353 0 -1362 0 *
Wi

0101100
+1360 0 +1358 0 +1356 0 +1354 0 +1352 0 +1351 0 *
Fa
0  1e-07 303 0

0111000
+1350 0 *
Ve
1e-07
-17.42132 19.900826 0
0 0

0101101
*
Ve
1e-07
-15.763204 19.900826 0
0 0

0101101
*
Ed
 1e-07 1 1 0
1  2197 0 0 1.658116
0

0101000
+1348 0 -1347 0 *
Ve
1e-07
-14.105086 19.900826 0
0 0

0101101
*
Ed
 1e-07 1 1 0
1  2198 0 0 1.658118
0

0101000
+1347 0 -1345 0 *
Ve
1e-07
-16.126741 21.80459 0
0 0

0101101
*
Ed
 1e-07 1 1 0
1  2199 0 0 2.77694189833367
0

0101000
+1345 0 -1343 0 *
Ve
1e-07
-18.148397 23.708353 0
0 0

0101101
*
Ed
 1e-07 1 1 0
1  2200 0 0 2.77694194078756
0

0101000
+1343 0 -1341 0 *
Ve
1e-07
-19.473682 21.80459 0
0 0

0101101
*
Ed
 1e-07 1 1 0
1  2201 0 0 2.31963227503714
0

0101000
+1341 0 -1339 0 *
Ve
1e-07
-20.798967 19.900826 0
0 0

0101101
*
Ed
 1e-07 1 1 0
1  2202 0 0 2.3196330957548
0

0101000
+1339 0 -1337 0 *
Ed
 1e-07 1 1 0
1  2203 0 0 3.377647
0

0101000
+1337 0 -1348 0 *
Wi

0101100
+1346 0 +1344 0 +1342 0 +1340 0 +1338 0 +1336 0 +1335 0 *
Fa
0  1e-07 304 0

0111000
+1334 0 *
Ve
1e-07
-15.578969 15.571298 0
0 0

0101101
*
Ve
1e-07
-13.736616 11.855886 0
0 0

0101101
*
Ed
 1e-07 1 1 0
1  2204 0 0 4.14711356323323
0

0101000
+1332 0 -1331 0 *
Ve
1e-07
-13.736616 19.593767 0
0 0

0101101
*
Ed
 1e-07 1 1 0
1  2205 0 0 7.737881
0

0101000
+1331 0 -1329 0 *
Ve
1e-07
-14.105086 19.593767 0
0 0

0101101
*
Ed
 1e-07 1 1 0
1  2206 0 0 0.36847
0

0101000
+1329 0 -1327 0 *
Ve
1e-07
-15.763204 19.440237 0
0 0

0101101
*
Ed
 1e-07 1 1 0
1  2207 0 0 1.66521072625179
0

0101000
+1327 0 -1325 0 *
Ve
1e-07
-17.42132 19.286709 0
0 0

0101101
*
Ed
 1e-07 1 1 0
1  2208 0 0 1.6652085503744
0

0101000
+1325 0 -1323 0 *
Ed
 1e-07 1 1 0
1  2209 0 0 4.14711177883138
0

0101000
+1323 0 -1332 0 *
Wi

0101100
+1330 0 +1328 0 +1326 0 +1324 0 +1322 0 +1321 0 *
Fa
0  1e-07 305 0

0111000
+1320 0 *
Ve
1e-07
-6.182971 15.602003 0
0 0

0101101
*
Ve
1e-07
-6.182971 13.452592 0
0 0

0101101
*
Ed
 1e-07 1 1 0
1  2210 0 0 2.149411
0

0101000
+1318 0 -1317 0 *
Ve
1e-07
-6.182971 11.303182 0
0 0

0101101
*
Ed
 1e-07 1 1 0
1  2211 0 0 2.14941
0

0101000
+1317 0 -1315 0 *
Ve
1e-07
-5.05682 10.854942 0
0 0

0101101
*
Ed
 1e-07 1 1 0
1  2212 0 0 1.21207886393625
0

0101000
+1315 0 -1313 0 *
Ve
1e-07
-3.930668 10.406702 0
0 0

0101101
*
Ed
 1e-07 1 1 0
1  2213 0 0 1.21207979304335
0

0101000
+1313 0 -1311 0 *
Ve
1e-07
-2.804516 9.958463 0
0 0

0101101
*
Ed
 1e-07 1 1 0
1  2214 0 0 1.21207942323306
0

0101000
+1311 0 -1309 0 *
Ve
1e-07
-1.678364 9.510223 0
0 0

0101101
*
Ed
 1e-07 1 1 0
1  2215 0 0 1.21207979304335
0

0101000
+1309 0 -1307 0 *
Ve
1e-07
-0.552212 9.061984 0
0 0

0101101
*
Ed
 1e-07 1 1 0
1  2216 0 0 1.21207942323306
0

0101000
+1307 0 -1305 0 *
Ve
1e-07
0.57394 8.613745 0
0 0

0101101
*
Ed
 1e-07 1 1 0
1  2217 0 0 1.21207942323307
0

0101000
+1305 0 -1303 0 *
Ve
1e-07
1.700092 8.165505 0
0 0

0101101
*
Ed
 1e-07 1 1 0
1  2218 0 0 1.21207979304335
0

0101000
+1303 0 -1301 0 *
Ve
1e-07
2.826244 7.717266 0
0 0

0101101
*
Ed
 1e-07 1 1 0
1  2219 0 0 1.21207942323306
0

0101000
+1301 0 -1299 0 *
Ve
1e-07
3.952396 7.269027 0
0 0

0101101
*
Ed
 1e-07 1 1 0
1  2220 0 0 1.21207942323306
0

0101000
+1299 0 -1297 0 *
Ve
1e-07
5.078548 6.820787 0
0 0

0101101
*
Ed
 1e-07 1 1 0
1  2221 0 0 1.21207979304335
0

0101000
+1297 0 -1295 0 *
Ve
1e-07
10.181963 13.425426 0
0 0

0101101
*
Ed
 1e-07 1 1 0
1  2222 0 0 8.34662213009227
0

0101000
+1295 0 -1293 0 *
Ve
1e-07
1.999495 16.663126 0
0 0

0101101
*
Ed
 1e-07 1 1 0
1  2223 0 0 8.79974339745336
0

0101000
+1293 0 -1291 0 *
Ve
1e-07
-6.182971 19.900826 0
0 0

0101101
*
Ed
 1e-07 1 1 0
1  2224 0 0 8.79974153774734
0

0101000
+1291 0 -1289 0 *
Ed
 1e-07 1 1 0
1  2225 0 0 4.298823
0

0101000
+1289 0 -1318 0 *
Wi

0101100
+1316 0 +1314 0 +1312 0 +1310 0 +1308 0 +1306 0 +1304 0 +1302 0 +1300 0 +1298 0 
+1296 0 +1294 0 +1292 0 +1290 0 +1288 0 +1287 0 *
Fa
0  1e-07 306 0

0111000
+1286 0 *
Ve
1e-07
12.263722 2.521966 0
0 0

0101101
*
Ve
1e-07
5.078548 6.513729 0
0 0

0101101
*
Ed
 1e-07 1 1 0
1  2226 0 0 8.21954361618971
0

0101000
+1284 0 -1283 0 *
Ve
1e-07
3.952396 6.992674 0
0 0

0101101
*
Ed
 1e-07 1 1 0
1  2227 0 0 1.22376739625184
0

0101000
+1283 0 -1281 0 *
Ve
1e-07
2.826244 7.471619 0
0 0

0101101
*
Ed
 1e-07 1 1 0
1  2228 0 0 1.22376739625184
0

0101000
+1281 0 -1279 0 *
Ve
1e-07
1.700092 7.950564 0
0 0

0101101
*
Ed
 1e-07 1 1 0
1  2229 0 0 1.22376739625184
0

0101000
+1279 0 -1277 0 *
Ve
1e-07
0.57394 8.42951 0
0 0

0101101
*
Ed
 1e-07 1 1 0
1  2230 0 0 1.22376778762149
0

0101000
+1277 0 -1275 0 *
Ve
1e-07
-0.552212 8.908455 0
0 0

0101101
*
Ed
 1e-07 1 1 0
1  2231 0 0 1.22376739625184
0

0101000
+1275 0 -1273 0 *
Ve
1e-07
-1.678364 9.387401 0
0 0

0101101
*
Ed
 1e-07 1 1 0
1  2232 0 0 1.22376778762149
0

0101000
+1273 0 -1271 0 *
Ve
1e-07
-2.804516 9.866345 0
0 0

0101101
*
Ed
 1e-07 1 1 0
1  2233 0 0 1.22376700488287
0

0101000
+1271 0 -1269 0 *
Ve
1e-07
-3.930668 10.345291 0
0 0

0101101
*
Ed
 1e-07 1 1 0
1  2234 0 0 1.22376778762149
0

0101000
+1269 0 -1267 0 *
Ve
1e-07
-5.05682 10.824236 0
0 0

0101101
*
Ed
 1e-07 1 1 0
1  2235 0 0 1.22376739625184
0

0101000
+1267 0 -1265 0 *
Ve
1e-07
-6.182971 11.303182 0
0 0

0101101
*
Ed
 1e-07 1 1 0
1  2236 0 0 1.22376686738815
0

0101000
+1265 0 -1263 0 *
Ve
1e-07
-0.613624 4.916692 0
0 0

0101101
*
Ed
 1e-07 1 1 0
1  2237 0 0 8.47377604887626
0

0101000
+1263 0 -1261 0 *
Ve
1e-07
4.955724 -1.469798 0
0 0

0101101
*
Ed
 1e-07 1 1 0
1  2238 0 0 8.4737767061213
0

0101000
+1261 0 -1259 0 *
Ve
1e-07
12.202311 -1.469798 0
0 0

0101101
*
Ed
 1e-07 1 1 0
1  2239 0 0 7.246587
0

0101000
+1259 0 -1257 0 *
Ve
1e-07
19.448896 -1.469798 0
0 0

0101101
*
Ed
 1e-07 1 1 0
1  2240 0 0 7.246585
0

0101000
+1257 0 -1255 0 *
Ed
 1e-07 1 1 0
1  2241 0 0 8.21954410183266
0

0101000
+1255 0 -1284 0 *
Wi

0101100
+1282 0 +1280 0 +1278 0 +1276 0 +1274 0 +1272 0 +1270 0 +1268 0 +1266 0 +1264 0 
+1262 0 +1260 0 +1258 0 +1256 0 +1254 0 +1253 0 *
Fa
0  1e-07 307 0

0111000
+1252 0 *
Ve
1e-07
-0.705741 -7.373991 0
0 0

0101101
*
Ve
1e-07
4.955724 -1.776857 0
0 0

0101101
*
Ed
 1e-07 1 1 0
1  2242 0 0 7.96116165896542
0

0101000
+1250 0 -1249 0 *
Ve
1e-07
4.955724 -1.469798 0
0 0

0101101
*
Ed
 1e-07 1 1 0
1  2243 0 0 0.307059
0

0101000
+1249 0 -1247 0 *
Ve
1e-07
-0.705741 -5.032011 0
0 0

0101101
*
Ed
 1e-07 1 1 0
1  2244 0 0 6.68891227357588
0

0101000
+1247 0 -1245 0 *
Ve
1e-07
-6.367207 -8.594224 0
0 0

0101101
*
Ed
 1e-07 1 1 0
1  2245 0 0 6.68891311997136
0

0101000
+1245 0 -1243 0 *
Ve
1e-07
-6.367207 -12.971127 0
0 0

0101101
*
Ed
 1e-07 1 1 0
1  2246 0 0 4.376903
0

0101000
+1243 0 -1241 0 *
Ed
 1e-07 1 1 0
1  2247 0 0 7.96116377621086
0

0101000
+1241 0 -1250 0 *
Wi

0101100
+1248 0 +1246 0 +1244 0 +1242 0 +1240 0 +1239 0 *
Fa
0  1e-07 308 0

0111000
+1238 0 *
Ve
1e-07
2.826244 7.471619 0
0 0

0101101
*
Ve
1e-07
3.952396 6.992674 0
0 0

0101101
*
Ed
 1e-07 1 1 0
1  2248 0 0 1.22376739625184
0

0101000
+1236 0 -1235 0 *
Ve
1e-07
5.078548 6.513729 0
0 0

0101101
*
Ed
 1e-07 1 1 0
1  2249 0 0 1.22376739625184
0

0101000
+1235 0 -1233 0 *
Ve
1e-07
5.078548 6.820787 0
0 0

0101101
*
Ed
 1e-07 1 1 0
1  2250 0 0 0.307058
0

0101000
+1233 0 -1231 0 *
Ve
1e-07
3.952396 7.269027 0
0 0

0101101
*
Ed
 1e-07 1 1 0
1  2251 0 0 1.21207979304335
0

0101000
+1231 0 -1229 0 *
Ve
1e-07
2.826244 7.717266 0
0 0

0101101
*
Ed
 1e-07 1 1 0
1  2252 0 0 1.21207942323306
0

0101000
+1229 0 -1227 0 *
Ve
1e-07
1.700092 8.165505 0
0 0

0101101
*
Ed
 1e-07 1 1 0
1  2253 0 0 1.21207942323306
0

0101000
+1227 0 -1225 0 *
Ve
1e-07
0.57394 8.613745 0
0 0

0101101
*
Ed
 1e-07 1 1 0
1  2254 0 0 1.21207979304335
0

0101000
+1225 0 -1223 0 *
Ve
1e-07
-0.552212 9.061984 0
0 0

0101101
*
Ed
 1e-07 1 1 0
1  2255 0 0 1.21207942323307
0

0101000
+1223 0 -1221 0 *
Ve
1e-07
-1.678364 9.510223 0
0 0

0101101
*
Ed
 1e-07 1 1 0
1  2256 0 0 1.21207942323306
0

0101000
+1221 0 -1219 0 *
Ve
1e-07
-2.804516 9.958463 0
0 0

0101101
*
Ed
 1e-07 1 1 0
1  2257 0 0 1.21207979304335
0

0101000
+1219 0 -1217 0 *
Ve
1e-07
-3.930668 10.406702 0
0 0

0101101
*
Ed
 1e-07 1 1 0
1  2258 0 0 1.21207942323306
0

0101000
+1217 0 -1215 0 *
Ve
1e-07
-5.05682 10.854942 0
0 0

0101101
*
Ed
 1e-07 1 1 0
1  2259 0 0 1.21207979304335
0

0101000
+1215 0 -1213 0 *
Ve
1e-07
-6.182971 11.303182 0
0 0

0101101
*
Ed
 1e-07 1 1 0
1  2260 0 0 1.21207886393625
0

0101000
+1213 0 -1211 0 *
Ve
1e-07
-5.05682 10.824236 0
0 0

0101101
*
Ed
 1e-07 1 1 0
1  2261 0 0 1.22376686738815
0

0101000
+1211 0 -1209 0 *
Ve
1e-07
-3.930668 10.345291 0
0 0

0101101
*
Ed
 1e-07 1 1 0
1  2262 0 0 1.22376739625184
0

0101000
+1209 0 -1207 0 *
Ve
1e-07
-2.804516 9.866345 0
0 0

0101101
*
Ed
 1e-07 1 1 0
1  2263 0 0 1.22376778762149
0

0101000
+1207 0 -1205 0 *
Ve
1e-07
-1.678364 9.387401 0
0 0

0101101
*
Ed
 1e-07 1 1 0
1  2264 0 0 1.22376700488287
0

0101000
+1205 0 -1203 0 *
Ve
1e-07
-0.552212 8.908455 0
0 0

0101101
*
Ed
 1e-07 1 1 0
1  2265 0 0 1.22376778762149
0

0101000
+1203 0 -1201 0 *
Ve
1e-07
0.57394 8.42951 0
0 0

0101101
*
Ed
 1e-07 1 1 0
1  2266 0 0 1.22376739625184
0

0101000
+1201 0 -1199 0 *
Ve
1e-07
1.700092 7.950564 0
0 0

0101101
*
Ed
 1e-07 1 1 0
1  2267 0 0 1.22376778762149
0

0101000
+1199 0 -1197 0 *
Ed
 1e-07 1 1 0
1  2268 0 0 1.22376739625184
0

0101000
+1197 0 -1236 0 *
Wi

0101100
+1234 0 +1232 0 +1230 0 +1228 0 +1226 0 +1224 0 +1222 0 +1220 0 +1218 0 +1216 0 
+1214 0 +1212 0 +1210 0 +1208 0 +1206 0 +1204 0 +1202 0 +1200 0 +1198 0 +1196 0 
+1195 0 *
Fa
0  1e-07 309 0

0111000
+1194 0 *
Ve
1e-07
-0.705741 -5.032011 0
0 0

0101101
*
Ve
1e-07
4.955724 -1.469798 0
0 0

0101101
*
Ed
 1e-07 1 1 0
1  2269 0 0 6.68891227357588
0

0101000
+1192 0 -1191 0 *
Ve
1e-07
-0.613624 4.916692 0
0 0

0101101
*
Ed
 1e-07 1 1 0
1  2270 0 0 8.4737767061213
0

0101000
+1191 0 -1189 0 *
Ve
1e-07
-6.182971 11.303182 0
0 0

0101101
*
Ed
 1e-07 1 1 0
1  2271 0 0 8.47377604887626
0

0101000
+1189 0 -1187 0 *
Ve
1e-07
-9.959794 6.390242 0
0 0

0101101
*
Ed
 1e-07 1 1 0
1  2272 0 0 6.19688400867154
0

0101000
+1187 0 -1185 0 *
Ve
1e-07
-13.736616 1.477302 0
0 0

0101101
*
Ed
 1e-07 1 1 0
1  2273 0 0 6.19688339920028
0

0101000
+1185 0 -1183 0 *
Ve
1e-07
-10.051911 -3.558461 0
0 0

0101101
*
Ed
 1e-07 1 1 0
1  2274 0 0 6.23986858268618
0

0101000
+1183 0 -1181 0 *
Ve
1e-07
-6.367207 -8.594224 0
0 0

0101101
*
Ed
 1e-07 1 1 0
1  2275 0 0 6.2398679921762
0

0101000
+1181 0 -1179 0 *
Ed
 1e-07 1 1 0
1  2276 0 0 6.68891311997136
0

0101000
+1179 0 -1192 0 *
Wi

0101100
+1190 0 +1188 0 +1186 0 +1184 0 +1182 0 +1180 0 +1178 0 +1177 0 *
Fa
0  1e-07 310 0

0111000
+1176 0 *
Ve
1e-07
0.118818 -27.537386 0
0 0

0101101
*
Ve
1e-07
0.142438 -28.675865 0
0 0

0101101
*
Ed
 1e-07 1 1 0
1  2277 0 0 1.13872399546203
0

0101000
+1174 0 -1173 0 *
Ve
1e-07
0.142438 -27.031395 0
0 0

0101101
*
Ed
 1e-07 1 1 0
1  2278 0 0 1.64447
0

0101000
+1173 0 -1171 0 *
Ve
1e-07
0.142438 -25.386925 0
0 0

0101101
*
Ed
 1e-07 1 1 0
1  2279 0 0 1.64447
0

0101000
+1171 0 -1169 0 *
Ve
1e-07
0.142438 -23.742455 0
0 0

0101101
*
Ed
 1e-07 1 1 0
1  2280 0 0 1.64447
0

0101000
+1169 0 -1167 0 *
Ve
1e-07
0.142438 -22.097984 0
0 0

0101101
*
Ed
 1e-07 1 1 0
1  2281 0 0 1.644471
0

0101000
+1167 0 -1165 0 *
Ve
1e-07
0.142438 -20.453514 0
0 0

0101101
*
Ed
 1e-07 1 1 0
1  2282 0 0 1.64447
0

0101000
+1165 0 -1163 0 *
Ve
1e-07
0.142438 -18.809044 0
0 0

0101101
*
Ed
 1e-07 1 1 0
1  2283 0 0 1.64447
0

0101000
+1163 0 -1161 0 *
Ve
1e-07
0.142438 -17.164574 0
0 0

0101101
*
Ed
 1e-07 1 1 0
1  2284 0 0 1.64447
0

0101000
+1161 0 -1159 0 *
Ve
1e-07
0.142438 -15.520104 0
0 0

0101101
*
Ed
 1e-07 1 1 0
1  2285 0 0 1.64447
0

0101000
+1159 0 -1157 0 *
Ve
1e-07
0.142438 -13.875634 0
0 0

0101101
*
Ed
 1e-07 1 1 0
1  2286 0 0 1.64447
0

0101000
+1157 0 -1155 0 *
Ve
1e-07
-0.164621 -13.875634 0
0 0

0101101
*
Ed
 1e-07 1 1 0
1  2287 0 0 0.307059
0

0101000
+1155 0 -1153 0 *
Ve
1e-07
-0.141001 -15.014113 0
0 0

0101101
*
Ed
 1e-07 1 1 0
1  2288 0 0 1.13872399546203
0

0101000
+1153 0 -1151 0 *
Ve
1e-07
-0.117381 -16.152592 0
0 0

0101101
*
Ed
 1e-07 1 1 0
1  2289 0 0 1.13872399546202
0

0101000
+1151 0 -1149 0 *
Ve
1e-07
-0.093761 -17.291071 0
0 0

0101101
*
Ed
 1e-07 1 1 0
1  2290 0 0 1.13872399546203
0

0101000
+1149 0 -1147 0 *
Ve
1e-07
-0.070141 -18.42955 0
0 0

0101101
*
Ed
 1e-07 1 1 0
1  2291 0 0 1.13872399546203
0

0101000
+1147 0 -1145 0 *
Ve
1e-07
-0.046521 -19.568029 0
0 0

0101101
*
Ed
 1e-07 1 1 0
1  2292 0 0 1.13872399546203
0

0101000
+1145 0 -1143 0 *
Ve
1e-07
-0.022901 -20.706509 0
0 0

0101101
*
Ed
 1e-07 1 1 0
1  2293 0 0 1.13872499524688
0

0101000
+1143 0 -1141 0 *
Ve
1e-07
0.000719 -21.844988 0
0 0

0101101
*
Ed
 1e-07 1 1 0
1  2294 0 0 1.13872399546203
0

0101000
+1141 0 -1139 0 *
Ve
1e-07
0.024339 -22.983467 0
0 0

0101101
*
Ed
 1e-07 1 1 0
1  2295 0 0 1.13872399546203
0

0101000
+1139 0 -1137 0 *
Ve
1e-07
0.047958 -24.121948 0
0 0

0101101
*
Ed
 1e-07 1 1 0
1  2296 0 0 1.13872597428969
0

0101000
+1137 0 -1135 0 *
Ve
1e-07
0.071578 -25.260427 0
0 0

0101101
*
Ed
 1e-07 1 1 0
1  2297 0 0 1.13872399546203
0

0101000
+1135 0 -1133 0 *
Ve
1e-07
0.095198 -26.398907 0
0 0

0101101
*
Ed
 1e-07 1 1 0
1  2298 0 0 1.13872499524688
0

0101000
+1133 0 -1131 0 *
Ed
 1e-07 1 1 0
1  2299 0 0 1.13872399546203
0

0101000
+1131 0 -1174 0 *
Wi

0101100
+1172 0 +1170 0 +1168 0 +1166 0 +1164 0 +1162 0 +1160 0 +1158 0 +1156 0 +1154 0 
+1152 0 +1150 0 +1148 0 +1146 0 +1144 0 +1142 0 +1140 0 +1138 0 +1136 0 +1134 0 
+1132 0 +1130 0 +1129 0 *
Fa
0  1e-07 311 0

0111000
+1128 0 *
Ve
1e-07
-3.235208 -44.458683 0
0 0

0101101
*
Ve
1e-07
0.142438 -44.458683 0
0 0

0101101
*
Ed
 1e-07 1 1 0
1  2300 0 0 3.377646
0

0101000
+1126 0 -1125 0 *
Ve
1e-07
0.142438 -29.105747 0
0 0

0101101
*
Ed
 1e-07 1 1 0
1  2301 0 0 15.352936
0

0101000
+1125 0 -1123 0 *
Ve
1e-07
-3.235208 -30.948099 0
0 0

0101101
*
Ed
 1e-07 1 1 0
1  2302 0 0 3.84743465093561
0

0101000
+1123 0 -1121 0 *
Ve
1e-07
-6.612854 -32.790451 0
0 0

0101101
*
Ed
 1e-07 1 1 0
1  2303 0 0 3.84743465093561
0

0101000
+1121 0 -1119 0 *
Ve
1e-07
-6.612854 -44.458683 0
0 0

0101101
*
Ed
 1e-07 1 1 0
1  2304 0 0 11.668232
0

0101000
+1119 0 -1117 0 *
Ed
 1e-07 1 1 0
1  2305 0 0 3.377646
0

0101000
+1117 0 -1126 0 *
Wi

0101100
+1124 0 +1122 0 +1120 0 +1118 0 +1116 0 +1115 0 *
Fa
0  1e-07 312 0

0111000
+1114 0 *
Ve
1e-07
-2.314032 -13.875634 0
0 0

0101101
*
Ve
1e-07
-0.164621 -13.875634 0
0 0

0101101
*
Ed
 1e-07 1 1 0
1  2306 0 0 2.149411
0

0101000
+1112 0 -1111 0 *
Ve
1e-07
-0.164621 -13.138693 0
0 0

0101101
*
Ed
 1e-07 1 1 0
1  2307 0 0 0.736941
0

0101000
+1111 0 -1109 0 *
Ve
1e-07
-3.388737 -13.138693 0
0 0

0101101
*
Ed
 1e-07 1 1 0
1  2308 0 0 3.224116
0

0101000
+1109 0 -1107 0 *
Ve
1e-07
-6.612854 -13.138693 0
0 0

0101101
*
Ed
 1e-07 1 1 0
1  2309 0 0 3.224117
0

0101000
+1107 0 -1105 0 *
Ve
1e-07
-6.612854 -13.875634 0
0 0

0101101
*
Ed
 1e-07 1 1 0
1  2310 0 0 0.736941
0

0101000
+1105 0 -1103 0 *
Ve
1e-07
-4.463443 -13.875634 0
0 0

0101101
*
Ed
 1e-07 1 1 0
1  2311 0 0 2.149411
0

0101000
+1103 0 -1101 0 *
Ed
 1e-07 1 1 0
1  2312 0 0 2.149411
0

0101000
+1101 0 -1112 0 *
Wi

0101100
+1110 0 +1108 0 +1106 0 +1104 0 +1102 0 +1100 0 +1099 0 *
Fa
0  1e-07 313 0

0111000
+1098 0 *
Ve
1e-07
0.047958 -24.121948 0
0 0

0101101
*
Ve
1e-07
0.024339 -22.983467 0
0 0

0101101
*
Ed
 1e-07 1 1 0
1  2313 0 0 1.13872597428969
0

0101000
+1096 0 -1095 0 *
Ve
1e-07
0.000719 -21.844988 0
0 0

0101101
*
Ed
 1e-07 1 1 0
1  2314 0 0 1.13872399546203
0

0101000
+1095 0 -1093 0 *
Ve
1e-07
-0.022901 -20.706509 0
0 0

0101101
*
Ed
 1e-07 1 1 0
1  2315 0 0 1.13872399546203
0

0101000
+1093 0 -1091 0 *
Ve
1e-07
-0.046521 -19.568029 0
0 0

0101101
*
Ed
 1e-07 1 1 0
1  2316 0 0 1.13872499524688
0

0101000
+1091 0 -1089 0 *
Ve
1e-07
-0.070141 -18.42955 0
0 0

0101101
*
Ed
 1e-07 1 1 0
1  2317 0 0 1.13872399546203
0

0101000
+1089 0 -1087 0 *
Ve
1e-07
-0.093761 -17.291071 0
0 0

0101101
*
Ed
 1e-07 1 1 0
1  2318 0 0 1.13872399546203
0

0101000
+1087 0 -1085 0 *
Ve
1e-07
-0.117381 -16.152592 0
0 0

0101101
*
Ed
 1e-07 1 1 0
1  2319 0 0 1.13872399546203
0

0101000
+1085 0 -1083 0 *
Ve
1e-07
-0.141001 -15.014113 0
0 0

0101101
*
Ed
 1e-07 1 1 0
1  2320 0 0 1.13872399546202
0

0101000
+1083 0 -1081 0 *
Ve
1e-07
-0.164621 -13.875634 0
0 0

0101101
*
Ed
 1e-07 1 1 0
1  2321 0 0 1.13872399546203
0

0101000
+1081 0 -1079 0 *
Ve
1e-07
-3.388737 -15.595162 0
0 0

0101101
*
Ed
 1e-07 1 1 0
1  2322 0 0 3.65399788235297
0

0101000
+1079 0 -1077 0 *
Ve
1e-07
-6.612854 -17.314692 0
0 0

0101101
*
Ed
 1e-07 1 1 0
1  2323 0 0 3.65399970588245
0

0101000
+1077 0 -1075 0 *
Ve
1e-07
-6.612854 -22.995277 0
0 0

0101101
*
Ed
 1e-07 1 1 0
1  2324 0 0 5.680585
0

0101000
+1075 0 -1073 0 *
Ve
1e-07
-6.612854 -28.675865 0
0 0

0101101
*
Ed
 1e-07 1 1 0
1  2325 0 0 5.680588
0

0101000
+1073 0 -1071 0 *
Ve
1e-07
-3.235208 -28.675865 0
0 0

0101101
*
Ed
 1e-07 1 1 0
1  2326 0 0 3.377646
0

0101000
+1071 0 -1069 0 *
Ve
1e-07
-1.546385 -28.675865 0
0 0

0101101
*
Ed
 1e-07 1 1 0
1  2327 0 0 1.688823
0

0101000
+1069 0 -1067 0 *
Ve
1e-07
0.142438 -28.675865 0
0 0

0101101
*
Ed
 1e-07 1 1 0
1  2328 0 0 1.688823
0

0101000
+1067 0 -1065 0 *
Ve
1e-07
0.118818 -27.537386 0
0 0

0101101
*
Ed
 1e-07 1 1 0
1  2329 0 0 1.13872399546203
0

0101000
+1065 0 -1063 0 *
Ve
1e-07
0.095198 -26.398907 0
0 0

0101101
*
Ed
 1e-07 1 1 0
1  2330 0 0 1.13872399546203
0

0101000
+1063 0 -1061 0 *
Ve
1e-07
0.071578 -25.260427 0
0 0

0101101
*
Ed
 1e-07 1 1 0
1  2331 0 0 1.13872499524688
0

0101000
+1061 0 -1059 0 *
Ed
 1e-07 1 1 0
1  2332 0 0 1.13872399546203
0

0101000
+1059 0 -1096 0 *
Wi

0101100
+1094 0 +1092 0 +1090 0 +1088 0 +1086 0 +1084 0 +1082 0 +1080 0 +1078 0 +1076 0 
+1074 0 +1072 0 +1070 0 +1068 0 +1066 0 +1064 0 +1062 0 +1060 0 +1058 0 +1057 0 
*
Fa
0  1e-07 314 0

0111000
+1056 0 *
Ve
1e-07
-4.463443 -13.875634 0
0 0

0101101
*
Ve
1e-07
-6.612854 -13.875634 0
0 0

0101101
*
Ed
 1e-07 1 1 0
1  2333 0 0 2.149411
0

0101000
+1054 0 -1053 0 *
Ve
1e-07
-7.104148 -13.875634 0
0 0

0101101
*
Ed
 1e-07 1 1 0
1  2334 0 0 0.491294000000001
0

0101000
+1053 0 -1051 0 *
Ve
1e-07
-6.940383 -15.021987 0
0 0

0101101
*
Ed
 1e-07 1 1 0
1  2335 0 0 1.1579914403112
0

0101000
+1051 0 -1049 0 *
Ve
1e-07
-6.776618 -16.168339 0
0 0

0101101
*
Ed
 1e-07 1 1 0
1  2336 0 0 1.15799045036175
0

0101000
+1049 0 -1047 0 *
Ve
1e-07
-6.612854 -17.314692 0
0 0

0101101
*
Ed
 1e-07 1 1 0
1  2337 0 0 1.15799129889002
0

0101000
+1047 0 -1045 0 *
Ve
1e-07
-3.388737 -15.595162 0
0 0

0101101
*
Ed
 1e-07 1 1 0
1  2338 0 0 3.65399970588245
0

0101000
+1045 0 -1043 0 *
Ve
1e-07
-0.164621 -13.875634 0
0 0

0101101
*
Ed
 1e-07 1 1 0
1  2339 0 0 3.65399788235297
0

0101000
+1043 0 -1041 0 *
Ve
1e-07
-2.314032 -13.875634 0
0 0

0101101
*
Ed
 1e-07 1 1 0
1  2340 0 0 2.149411
0

0101000
+1041 0 -1039 0 *
Ed
 1e-07 1 1 0
1  2341 0 0 2.149411
0

0101000
+1039 0 -1054 0 *
Wi

0101100
+1052 0 +1050 0 +1048 0 +1046 0 +1044 0 +1042 0 +1040 0 +1038 0 +1037 0 *
Fa
0  1e-07 315 0

0111000
+1036 0 *
Ve
1e-07
-6.551442 12.285769 0
0 0

0101101
*
Ve
1e-07
-6.551442 19.593767 0
0 0

0101101
*
Ed
 1e-07 1 1 0
1  2342 0 0 7.307998
0

0101000
+1034 0 -1033 0 *
Ve
1e-07
-6.674265 15.939768 0
0 0

0101101
*
Ed
 1e-07 1 1 0
1  2343 0 0 3.65606266102347
0

0101000
+1033 0 -1031 0 *
Ve
1e-07
-6.797089 12.285769 0
0 0

0101101
*
Ed
 1e-07 1 1 0
1  2344 0 0 3.65606269461794
0

0101000
+1031 0 -1029 0 *
Ed
 1e-07 1 1 0
1  2345 0 0 0.245647
0

0101000
+1029 0 -1034 0 *
Wi

0101100
+1032 0 +1030 0 +1028 0 +1027 0 *
Fa
0  1e-07 316 0

0111000
+1026 0 *
Ve
1e-07
-9.683441 19.593767 0
0 0

0101101
*
Ve
1e-07
-11.495088 15.724827 0
0 0

0101101
*
Ed
 1e-07 1 1 0
1  2346 0 0 4.27209100748205
0

0101000
+1024 0 -1023 0 *
Ve
1e-07
-13.306734 11.855886 0
0 0

0101101
*
Ed
 1e-07 1 1 0
1  2347 0 0 4.27209148904807
0

0101000
+1023 0 -1021 0 *
Ve
1e-07
-10.051911 12.070828 0
0 0

0101101
*
Ed
 1e-07 1 1 0
1  2348 0 0 3.26191244896196
0

0101000
+1021 0 -1019 0 *
Ve
1e-07
-6.797089 12.285769 0
0 0

0101101
*
Ed
 1e-07 1 1 0
1  2349 0 0 3.26191138524102
0

0101000
+1019 0 -1017 0 *
Ve
1e-07
-6.674265 15.939768 0
0 0

0101101
*
Ed
 1e-07 1 1 0
1  2350 0 0 3.65606269461794
0

0101000
+1017 0 -1015 0 *
Ve
1e-07
-6.551442 19.593767 0
0 0

0101101
*
Ed
 1e-07 1 1 0
1  2351 0 0 3.65606266102347
0

0101000
+1015 0 -1013 0 *
Ed
 1e-07 1 1 0
1  2352 0 0 3.131999
0

0101000
+1013 0 -1024 0 *
Wi

0101100
+1022 0 +1020 0 +1018 0 +1016 0 +1014 0 +1012 0 +1011 0 *
Fa
0  1e-07 317 0

0111000
+1010 0 *
Ve
1e-07
-6.797089 11.855886 0
0 0

0101101
*
Ve
1e-07
-6.797089 12.285769 0
0 0

0101101
*
Ed
 1e-07 1 1 0
1  2353 0 0 0.429883
0

0101000
+1008 0 -1007 0 *
Ve
1e-07
-10.051911 12.070828 0
0 0

0101101
*
Ed
 1e-07 1 1 0
1  2354 0 0 3.26191138524102
0

0101000
+1007 0 -1005 0 *
Ve
1e-07
-13.306734 11.855886 0
0 0

0101101
*
Ed
 1e-07 1 1 0
1  2355 0 0 3.26191244896196
0

0101000
+1005 0 -1003 0 *
Ed
 1e-07 1 1 0
1  2356 0 0 6.509645
0

0101000
+1003 0 -1008 0 *
Wi

0101100
+1006 0 +1004 0 +1002 0 +1001 0 *
Fa
0  1e-07 318 0

0111000
+1000 0 *
Ve
1e-07
-18.772379 0.654385 0
0 0

0101101
*
Ve
1e-07
-20.307673 0.543844 0
0 0

0101101
*
Ed
 1e-07 1 1 0
1  2357 0 0 1.53926832589935
0

0101000
+998 0 -997 0 *
Ve
1e-07
-21.842966 0.433302 0
0 0

0101101
*
Ed
 1e-07 1 1 0
1  2358 0 0 1.53926740029567
0

0101000
+997 0 -995 0 *
Ve
1e-07
-20.092731 -1.501168 0
0 0

0101101
*
Ed
 1e-07 1 1 0
1  2359 0 0 2.60873470021867
0

0101000
+995 0 -993 0 *
Ve
1e-07
-18.342497 -3.435637 0
0 0

0101101
*
Ed
 1e-07 1 1 0
1  2360 0 0 2.60873328776956
0

0101000
+993 0 -991 0 *
Ve
1e-07
-14.166498 -3.435637 0
0 0

0101101
*
Ed
 1e-07 1 1 0
1  2361 0 0 4.175999
0

0101000
+991 0 -989 0 *
Ve
1e-07
-14.166498 0.986008 0
0 0

0101101
*
Ed
 1e-07 1 1 0
1  2362 0 0 4.421645
0

0101000
+989 0 -987 0 *
Ve
1e-07
-15.701792 0.875467 0
0 0

0101101
*
Ed
 1e-07 1 1 0
1  2363 0 0 1.53926832589935
0

0101000
+987 0 -985 0 *
Ve
1e-07
-17.237085 0.764926 0
0 0

0101101
*
Ed
 1e-07 1 1 0
1  2364 0 0 1.53926732848131
0

0101000
+985 0 -983 0 *
Ed
 1e-07 1 1 0
1  2365 0 0 1.53926832589935
0

0101000
+983 0 -998 0 *
Wi

0101100
+996 0 +994 0 +992 0 +990 0 +988 0 +986 0 +984 0 +982 0 +981 0 *
Fa
0  1e-07 319 0

0111000
+980 0 *
Ve
1e-07
-18.342497 -3.742696 0
0 0

0101101
*
Ve
1e-07
-12.723323 -10.528694 0
0 0

0101101
*
Ed
 1e-07 1 1 0
1  2366 0 0 8.8104985839781
0

0101000
+978 0 -977 0 *
Ve
1e-07
-7.104148 -17.314692 0
0 0

0101101
*
Ed
 1e-07 1 1 0
1  2367 0 0 8.81049922175974
0

0101000
+977 0 -975 0 *
Ve
1e-07
-7.104148 -16.168339 0
0 0

0101101
*
Ed
 1e-07 1 1 0
1  2368 0 0 1.146353
0

0101000
+975 0 -973 0 *
Ve
1e-07
-7.104148 -15.021987 0
0 0

0101101
*
Ed
 1e-07 1 1 0
1  2369 0 0 1.146352
0

0101000
+973 0 -971 0 *
Ve
1e-07
-7.104148 -13.875634 0
0 0

0101101
*
Ed
 1e-07 1 1 0
1  2370 0 0 1.146353
0

0101000
+971 0 -969 0 *
Ve
1e-07
-10.420382 -8.809165 0
0 0

0101101
*
Ed
 1e-07 1 1 0
1  2371 0 0 6.05528827313093
0

0101000
+969 0 -967 0 *
Ve
1e-07
-13.736616 -3.742696 0
0 0

0101101
*
Ed
 1e-07 1 1 0
1  2372 0 0 6.05528827313093
0

0101000
+967 0 -965 0 *
Ve
1e-07
-16.039557 -3.742696 0
0 0

0101101
*
Ed
 1e-07 1 1 0
1  2373 0 0 2.302941
0

0101000
+965 0 -963 0 *
Ed
 1e-07 1 1 0
1  2374 0 0 2.30294
0

0101000
+963 0 -978 0 *
Wi

0101100
+976 0 +974 0 +972 0 +970 0 +968 0 +966 0 +964 0 +962 0 +961 0 *
Fa
0  1e-07 320 0

0111000
+960 0 *
Ve
1e-07
-15.578969 15.571298 0
0 0

0101101
*
Ve
1e-07
-17.42132 19.286709 0
0 0

0101101
*
Ed
 1e-07 1 1 0
1  2375 0 0 4.14711177883138
0

0101000
+958 0 -957 0 *
Ve
1e-07
-17.789791 19.286709 0
0 0

0101101
*
Ed
 1e-07 1 1 0
1  2376 0 0 0.368471
0

0101000
+957 0 -955 0 *
Ve
1e-07
-19.079437 15.571298 0
0 0

0101101
*
Ed
 1e-07 1 1 0
1  2377 0 0 3.9328699068539
0

0101000
+955 0 -953 0 *
Ve
1e-07
-20.369085 11.855886 0
0 0

0101101
*
Ed
 1e-07 1 1 0
1  2378 0 0 3.93287150739101
0

0101000
+953 0 -951 0 *
Ve
1e-07
-13.736616 11.855886 0
0 0

0101101
*
Ed
 1e-07 1 1 0
1  2379 0 0 6.632469
0

0101000
+951 0 -949 0 *
Ed
 1e-07 1 1 0
1  2380 0 0 4.14711356323323
0

0101000
+949 0 -958 0 *
Wi

0101100
+956 0 +954 0 +952 0 +950 0 +948 0 +947 0 *
Fa
0  1e-07 321 0

0111000
+946 0 *
Ve
1e-07
-10.420382 -6.16846 0
0 0

0101101
*
Ve
1e-07
-7.104148 -8.594224 0
0 0

0101101
*
Ed
 1e-07 1 1 0
1  2381 0 0 4.10873933542297
0

0101000
+944 0 -943 0 *
Ve
1e-07
-6.367207 -8.594224 0
0 0

0101101
*
Ed
 1e-07 1 1 0
1  2382 0 0 0.736941000000001
0

0101000
+943 0 -941 0 *
Ve
1e-07
-10.051911 -3.558461 0
0 0

0101101
*
Ed
 1e-07 1 1 0
1  2383 0 0 6.2398679921762
0

0101000
+941 0 -939 0 *
Ve
1e-07
-13.736616 1.477302 0
0 0

0101101
*
Ed
 1e-07 1 1 0
1  2384 0 0 6.23986858268618
0

0101000
+939 0 -937 0 *
Ve
1e-07
-13.736616 -3.742696 0
0 0

0101101
*
Ed
 1e-07 1 1 0
1  2385 0 0 5.219998
0

0101000
+937 0 -935 0 *
Ed
 1e-07 1 1 0
1  2386 0 0 4.10873933542297
0

0101000
+935 0 -944 0 *
Wi

0101100
+942 0 +940 0 +938 0 +936 0 +934 0 +933 0 *
Fa
0  1e-07 322 0

0111000
+932 0 *
Ve
1e-07
-6.612854 -32.790451 0
0 0

0101101
*
Ve
1e-07
-6.612854 -31.725981 0
0 0

0101101
*
Ed
 1e-07 1 1 0
1  2387 0 0 1.06447
0

0101000
+930 0 -929 0 *
Ve
1e-07
-6.612854 -30.66151 0
0 0

0101101
*
Ed
 1e-07 1 1 0
1  2388 0 0 1.064471
0

0101000
+929 0 -927 0 *
Ve
1e-07
-6.612854 -29.59704 0
0 0

0101101
*
Ed
 1e-07 1 1 0
1  2389 0 0 1.06447
0

0101000
+927 0 -925 0 *
Ve
1e-07
-7.104148 -29.59704 0
0 0

0101101
*
Ed
 1e-07 1 1 0
1  2390 0 0 0.491294000000001
0

0101000
+925 0 -923 0 *
Ve
1e-07
-7.104148 -30.66151 0
0 0

0101101
*
Ed
 1e-07 1 1 0
1  2391 0 0 1.06447
0

0101000
+923 0 -921 0 *
Ve
1e-07
-7.104148 -31.725981 0
0 0

0101101
*
Ed
 1e-07 1 1 0
1  2392 0 0 1.064471
0

0101000
+921 0 -919 0 *
Ve
1e-07
-7.104148 -32.790451 0
0 0

0101101
*
Ed
 1e-07 1 1 0
1  2393 0 0 1.06447
0

0101000
+919 0 -917 0 *
Ed
 1e-07 1 1 0
1  2394 0 0 0.491294000000001
0

0101000
+917 0 -930 0 *
Wi

0101100
+928 0 +926 0 +924 0 +922 0 +920 0 +918 0 +916 0 +915 0 *
Fa
0  1e-07 323 0

0111000
+914 0 *
Ve
1e-07
-6.612854 -29.105747 0
0 0

0101101
*
Ve
1e-07
-6.612854 -29.351393 0
0 0

0101101
*
Ed
 1e-07 1 1 0
1  2395 0 0 0.245646000000001
0

0101000
+912 0 -911 0 *
Ve
1e-07
-6.612854 -31.725981 0
0 0

0101101
*
Ed
 1e-07 1 1 0
1  2396 0 0 2.374588
0

0101000
+911 0 -909 0 *
Ve
1e-07
-6.612854 -32.790451 0
0 0

0101101
*
Ed
 1e-07 1 1 0
1  2397 0 0 1.06447
0

0101000
+909 0 -907 0 *
Ve
1e-07
-3.235208 -30.948099 0
0 0

0101101
*
Ed
 1e-07 1 1 0
1  2398 0 0 3.84743465093561
0

0101000
+907 0 -905 0 *
Ve
1e-07
0.142438 -29.105747 0
0 0

0101101
*
Ed
 1e-07 1 1 0
1  2399 0 0 3.84743465093561
0

0101000
+905 0 -903 0 *
Ed
 1e-07 1 1 0
1  2400 0 0 6.755292
0

0101000
+903 0 -912 0 *
Wi

0101100
+910 0 +908 0 +906 0 +904 0 +902 0 +901 0 *
Fa
0  1e-07 324 0

0111000
+900 0 *
Ve
1e-07
-7.104148 -16.168339 0
0 0

0101101
*
Ve
1e-07
-7.104148 -17.314692 0
0 0

0101101
*
Ed
 1e-07 1 1 0
1  2401 0 0 1.146353
0

0101000
+898 0 -897 0 *
Ve
1e-07
-6.612854 -17.314692 0
0 0

0101101
*
Ed
 1e-07 1 1 0
1  2402 0 0 0.491294000000001
0

0101000
+897 0 -895 0 *
Ve
1e-07
-6.776618 -16.168339 0
0 0

0101101
*
Ed
 1e-07 1 1 0
1  2403 0 0 1.15799129889002
0

0101000
+895 0 -893 0 *
Ve
1e-07
-6.940383 -15.021987 0
0 0

0101101
*
Ed
 1e-07 1 1 0
1  2404 0 0 1.15799045036175
0

0101000
+893 0 -891 0 *
Ve
1e-07
-7.104148 -13.875634 0
0 0

0101101
*
Ed
 1e-07 1 1 0
1  2405 0 0 1.1579914403112
0

0101000
+891 0 -889 0 *
Ve
1e-07
-7.104148 -15.021987 0
0 0

0101101
*
Ed
 1e-07 1 1 0
1  2406 0 0 1.146353
0

0101000
+889 0 -887 0 *
Ed
 1e-07 1 1 0
1  2407 0 0 1.146352
0

0101000
+887 0 -898 0 *
Wi

0101100
+896 0 +894 0 +892 0 +890 0 +888 0 +886 0 +885 0 *
Fa
0  1e-07 325 0

0111000
+884 0 *
Ve
1e-07
-7.104148 -40.835388 0
0 0

0101101
*
Ve
1e-07
-7.104148 -36.81292 0
0 0

0101101
*
Ed
 1e-07 1 1 0
1  2408 0 0 4.022468
0

0101000
+882 0 -881 0 *
Ve
1e-07
-7.104148 -31.725981 0
0 0

0101101
*
Ed
 1e-07 1 1 0
1  2409 0 0 5.086939
0

0101000
+881 0 -879 0 *
Ve
1e-07
-7.104148 -30.66151 0
0 0

0101101
*
Ed
 1e-07 1 1 0
1  2410 0 0 1.064471
0

0101000
+879 0 -877 0 *
Ve
1e-07
-7.104148 -29.59704 0
0 0

0101101
*
Ed
 1e-07 1 1 0
1  2411 0 0 1.06447
0

0101000
+877 0 -875 0 *
Ve
1e-07
-18.710968 -39.238686 0
0 0

0101101
*
Ed
 1e-07 1 1 0
1  2412 0 0 15.0890559049172
0

0101000
+875 0 -873 0 *
Ve
1e-07
-30.317787 -48.880329 0
0 0

0101101
*
Ed
 1e-07 1 1 0
1  2413 0 0 15.089053218748
0

0101000
+873 0 -871 0 *
Ve
1e-07
-7.104148 -48.880329 0
0 0

0101101
*
Ed
 1e-07 1 1 0
1  2414 0 0 23.213639
0

0101000
+871 0 -869 0 *
Ed
 1e-07 1 1 0
1  2415 0 0 8.044941
0

0101000
+869 0 -882 0 *
Wi

0101100
+880 0 +878 0 +876 0 +874 0 +872 0 +870 0 +868 0 +867 0 *
Fa
0  1e-07 326 0

0111000
+866 0 *
Ve
1e-07
-16.83791 -16.608456 0
0 0

0101101
*
Ve
1e-07
-7.104148 -29.59704 0
0 0

0101101
*
Ed
 1e-07 1 1 0
1  2416 0 0 16.2311255616393
0

0101000
+864 0 -863 0 *
Ve
1e-07
-7.104148 -17.314692 0
0 0

0101101
*
Ed
 1e-07 1 1 0
1  2417 0 0 12.282348
0

0101000
+863 0 -861 0 *
Ve
1e-07
-16.83791 -10.467282 0
0 0

0101101
*
Ed
 1e-07 1 1 0
1  2418 0 0 11.9009724972686
0

0101000
+861 0 -859 0 *
Ve
1e-07
-26.571671 -3.619873 0
0 0

0101101
*
Ed
 1e-07 1 1 0
1  2419 0 0 11.9009711040067
0

0101000
+859 0 -857 0 *
Ed
 1e-07 1 1 0
1  2420 0 0 16.231124161715
0

0101000
+857 0 -864 0 *
Wi

0101100
+862 0 +860 0 +858 0 +856 0 +855 0 *
Fa
0  1e-07 327 0

0111000
+854 0 *
Ve
1e-07
-7.104148 -8.594224 0
0 0

0101101
*
Ve
1e-07
-10.420382 -6.16846 0
0 0

0101101
*
Ed
 1e-07 1 1 0
1  2421 0 0 4.10873933542297
0

0101000
+852 0 -851 0 *
Ve
1e-07
-13.736616 -3.742696 0
0 0

0101101
*
Ed
 1e-07 1 1 0
1  2422 0 0 4.10873933542297
0

0101000
+851 0 -849 0 *
Ve
1e-07
-10.420382 -8.809165 0
0 0

0101101
*
Ed
 1e-07 1 1 0
1  2423 0 0 6.05528827313093
0

0101000
+849 0 -847 0 *
Ve
1e-07
-7.104148 -13.875634 0
0 0

0101101
*
Ed
 1e-07 1 1 0
1  2424 0 0 6.05528827313093
0

0101000
+847 0 -845 0 *
Ed
 1e-07 1 1 0
1  2425 0 0 5.28141
0

0101000
+845 0 -852 0 *
Wi

0101100
+850 0 +848 0 +846 0 +844 0 +843 0 *
Fa
0  1e-07 328 0

0111000
+842 0 *
Ve
1e-07
-19.137562 37.628792 0
0 0

0101101
*
Ve
1e-07
-17.72838 37.833496 0
0 0

0101101
*
Ed
 1e-07 1 1 0
1  2426 0 0 1.42397248454456
0

0101000
+840 0 -839 0 *
Ve
1e-07
-19.842154 37.833496 0
0 0

0101101
*
Ed
 1e-07 1 1 0
1  2427 0 0 2.113774
0

0101000
+839 0 -837 0 *
Ve
1e-07
-21.955925 37.833496 0
0 0

0101101
*
Ed
 1e-07 1 1 0
1  2428 0 0 2.113771
0

0101000
+837 0 -835 0 *
Ve
1e-07
-21.955925 37.219379 0
0 0

0101101
*
Ed
 1e-07 1 1 0
1  2429 0 0 0.614116999999993
0

0101000
+835 0 -833 0 *
Ve
1e-07
-20.546743 37.424084 0
0 0

0101101
*
Ed
 1e-07 1 1 0
1  2430 0 0 1.42397262830049
0

0101000
+833 0 -831 0 *
Ed
 1e-07 1 1 0
1  2431 0 0 1.42397206995959
0

0101000
+831 0 -840 0 *
Wi

0101100
+838 0 +836 0 +834 0 +832 0 +830 0 +829 0 *
Fa
0  1e-07 329 0

0111000
+828 0 *
Ve
1e-07
-19.137562 37.628792 0
0 0

0101101
*
Ve
1e-07
-20.546743 37.424084 0
0 0

0101101
*
Ed
 1e-07 1 1 0
1  2432 0 0 1.42397206995959
0

0101000
+826 0 -825 0 *
Ve
1e-07
-21.955925 37.219379 0
0 0

0101101
*
Ed
 1e-07 1 1 0
1  2433 0 0 1.42397262830049
0

0101000
+825 0 -823 0 *
Ve
1e-07
-22.109455 35.223278 0
0 0

0101101
*
Ed
 1e-07 1 1 0
1  2434 0 0 2.00199666910338
0

0101000
+823 0 -821 0 *
Ve
1e-07
-22.262985 33.227173 0
0 0

0101101
*
Ed
 1e-07 1 1 0
1  2435 0 0 2.00200065732382
0

0101000
+821 0 -819 0 *
Ve
1e-07
-22.109455 33.227173 0
0 0

0101101
*
Ed
 1e-07 1 1 0
1  2436 0 0 0.15353
0

0101000
+819 0 -817 0 *
Ve
1e-07
-21.955925 33.227173 0
0 0

0101101
*
Ed
 1e-07 1 1 0
1  2437 0 0 0.15353
0

0101000
+817 0 -815 0 *
Ve
1e-07
-20.546743 34.762615 0
0 0

0101101
*
Ed
 1e-07 1 1 0
1  2438 0 0 2.084076784691
0

0101000
+815 0 -813 0 *
Ve
1e-07
-19.137562 36.298058 0
0 0

0101101
*
Ed
 1e-07 1 1 0
1  2439 0 0 2.08407684527467
0

0101000
+813 0 -811 0 *
Ve
1e-07
-17.72838 37.833496 0
0 0

0101101
*
Ed
 1e-07 1 1 0
1  2440 0 0 2.08407383769577
0

0101000
+811 0 -809 0 *
Ed
 1e-07 1 1 0
1  2441 0 0 1.42397248454456
0

0101000
+809 0 -826 0 *
Wi

0101100
+824 0 +822 0 +820 0 +818 0 +816 0 +814 0 +812 0 +810 0 +808 0 +807 0 
*
Fa
0  1e-07 330 0

0111000
+806 0 *
Ve
1e-07
-22.262985 37.219379 0
0 0

0101101
*
Ve
1e-07
-22.262985 35.223278 0
0 0

0101101
*
Ed
 1e-07 1 1 0
1  2442 0 0 1.996101
0

0101000
+804 0 -803 0 *
Ve
1e-07
-22.262985 33.227173 0
0 0

0101101
*
Ed
 1e-07 1 1 0
1  2443 0 0 1.996105
0

0101000
+803 0 -801 0 *
Ve
1e-07
-22.109455 35.223278 0
0 0

0101101
*
Ed
 1e-07 1 1 0
1  2444 0 0 2.00200065732382
0

0101000
+801 0 -799 0 *
Ve
1e-07
-21.955925 37.219379 0
0 0

0101101
*
Ed
 1e-07 1 1 0
1  2445 0 0 2.00199666910338
0

0101000
+799 0 -797 0 *
Ed
 1e-07 1 1 0
1  2446 0 0 0.30706
0

0101000
+797 0 -804 0 *
Wi

0101100
+802 0 +800 0 +798 0 +796 0 +795 0 *
Fa
0  1e-07 331 0

0111000
+794 0 *
Ve
1e-07
-20.546743 34.762615 0
0 0

0101101
*
Ve
1e-07
-21.955925 33.227173 0
0 0

0101101
*
Ed
 1e-07 1 1 0
1  2447 0 0 2.084076784691
0

0101000
+792 0 -791 0 *
Ve
1e-07
-21.955925 28.314234 0
0 0

0101101
*
Ed
 1e-07 1 1 0
1  2448 0 0 4.912939
0

0101000
+791 0 -789 0 *
Ve
1e-07
-19.842154 28.314234 0
0 0

0101101
*
Ed
 1e-07 1 1 0
1  2449 0 0 2.113771
0

0101000
+789 0 -787 0 *
Ve
1e-07
-17.72838 28.314234 0
0 0

0101101
*
Ed
 1e-07 1 1 0
1  2450 0 0 2.113774
0

0101000
+787 0 -785 0 *
Ve
1e-07
-17.72838 37.833496 0
0 0

0101101
*
Ed
 1e-07 1 1 0
1  2451 0 0 9.519262
0

0101000
+785 0 -783 0 *
Ve
1e-07
-19.137562 36.298058 0
0 0

0101101
*
Ed
 1e-07 1 1 0
1  2452 0 0 2.08407383769577
0

0101000
+783 0 -781 0 *
Ed
 1e-07 1 1 0
1  2453 0 0 2.08407684527467
0

0101000
+781 0 -792 0 *
Wi

0101100
+790 0 +788 0 +786 0 +784 0 +782 0 +780 0 +779 0 *
Fa
0  1e-07 332 0

0111000
+778 0 *
Ve
1e-07
-29.250608 42.625401 0
0 0

0101101
*
Ve
1e-07
-32.415909 47.968224 0
0 0

0101101
*
Ed
 1e-07 1 1 0
1  2454 0 0 6.21006344814045
0

0101000
+776 0 -775 0 *
Ve
1e-07
-32.380142 42.625401 0
0 0

0101101
*
Ed
 1e-07 1 1 0
1  2455 0 0 5.34294271798024
0

0101000
+775 0 -773 0 *
Ve
1e-07
-32.344376 37.282578 0
0 0

0101101
*
Ed
 1e-07 1 1 0
1  2456 0 0 5.34294271128607
0

0101000
+773 0 -771 0 *
Ve
1e-07
-26.08531 37.282578 0
0 0

0101101
*
Ed
 1e-07 1 1 0
1  2457 0 0 6.259066
0

0101000
+771 0 -769 0 *
Ed
 1e-07 1 1 0
1  2458 0 0 6.21006191902568
0

0101000
+769 0 -776 0 *
Wi

0101100
+774 0 +772 0 +770 0 +768 0 +767 0 *
Fa
0  1e-07 333 0

0111000
+766 0 *
Ve
1e-07
-24.174147 37.25098 0
0 0

0101101
*
Ve
1e-07
-26.08531 37.282578 0
0 0

0101101
*
Ed
 1e-07 1 1 0
1  2459 0 0 1.91142419315363
0

0101000
+764 0 -763 0 *
Ve
1e-07
-26.08531 23.914242 0
0 0

0101101
*
Ed
 1e-07 1 1 0
1  2460 0 0 13.368336
0

0101000
+763 0 -761 0 *
Ve
1e-07
-24.174147 28.570709 0
0 0

0101101
*
Ed
 1e-07 1 1 0
1  2461 0 0 5.03341126222147
0

0101000
+761 0 -759 0 *
Ve
1e-07
-22.262985 33.227173 0
0 0

0101101
*
Ed
 1e-07 1 1 0
1  2462 0 0 5.03340810719139
0

0101000
+759 0 -757 0 *
Ve
1e-07
-22.262985 35.223278 0
0 0

0101101
*
Ed
 1e-07 1 1 0
1  2463 0 0 1.996105
0

0101000
+757 0 -755 0 *
Ve
1e-07
-22.262985 37.219379 0
0 0

0101101
*
Ed
 1e-07 1 1 0
1  2464 0 0 1.996101
0

0101000
+755 0 -753 0 *
Ed
 1e-07 1 1 0
1  2465 0 0 1.91142324288604
0

0101000
+753 0 -764 0 *
Wi

0101100
+762 0 +760 0 +758 0 +756 0 +754 0 +752 0 +751 0 *
Fa
0  1e-07 334 0

0111000
+750 0 *
Ve
1e-07
-24.174147 37.711567 0
0 0

0101101
*
Ve
1e-07
-26.08531 37.282578 0
0 0

0101101
*
Ed
 1e-07 1 1 0
1  2466 0 0 1.95871783947816
0

0101000
+748 0 -747 0 *
Ve
1e-07
-24.174147 37.25098 0
0 0

0101101
*
Ed
 1e-07 1 1 0
1  2467 0 0 1.91142419315363
0

0101000
+747 0 -745 0 *
Ve
1e-07
-22.262985 37.219379 0
0 0

0101101
*
Ed
 1e-07 1 1 0
1  2468 0 0 1.91142324288604
0

0101000
+745 0 -743 0 *
Ve
1e-07
-22.262985 38.140556 0
0 0

0101101
*
Ed
 1e-07 1 1 0
1  2469 0 0 0.921176999999993
0

0101000
+743 0 -741 0 *
Ed
 1e-07 1 1 0
1  2470 0 0 1.95871686375673
0

0101000
+741 0 -748 0 *
Wi

0101100
+746 0 +744 0 +742 0 +740 0 +739 0 *
Fa
0  1e-07 335 0

0111000
+738 0 *
Ve
1e-07
-34.406731 43.085987 0
0 0

0101101
*
Ve
1e-07
-36.397549 38.203754 0
0 0

0101101
*
Ed
 1e-07 1 1 0
1  2471 0 0 5.27252836648728
0

0101000
+736 0 -735 0 *
Ve
1e-07
-36.397549 32.36964 0
0 0

0101101
*
Ed
 1e-07 1 1 0
1  2472 0 0 5.83411400000001
0

0101000
+735 0 -733 0 *
Ve
1e-07
-34.370964 34.826107 0
0 0

0101101
*
Ed
 1e-07 1 1 0
1  2473 0 0 3.18453715385988
0

0101000
+733 0 -731 0 *
Ve
1e-07
-32.344376 37.282578 0
0 0

0101101
*
Ed
 1e-07 1 1 0
1  2474 0 0 3.18454214850189
0

0101000
+731 0 -729 0 *
Ve
1e-07
-32.380142 42.625401 0
0 0

0101101
*
Ed
 1e-07 1 1 0
1  2475 0 0 5.34294271128607
0

0101000
+729 0 -727 0 *
Ve
1e-07
-32.415909 47.968224 0
0 0

0101101
*
Ed
 1e-07 1 1 0
1  2476 0 0 5.34294271798024
0

0101000
+727 0 -725 0 *
Ed
 1e-07 1 1 0
1  2477 0 0 5.27253358072312
0

0101000
+725 0 -736 0 *
Wi

0101100
+734 0 +732 0 +730 0 +728 0 +726 0 +724 0 +723 0 *
Fa
0  1e-07 336 0

0111000
+722 0 *
Ve
1e-07
-36.438492 30.32258 0
0 0

0101101
*
Ve
1e-07
-36.458961 29.299051 0
0 0

0101101
*
Ed
 1e-07 1 1 0
1  2478 0 0 1.02373365374105
0

0101000
+720 0 -719 0 *
Ve
1e-07
-34.401669 26.606647 0
0 0

0101101
*
Ed
 1e-07 1 1 0
1  2479 0 0 3.38843469355394
0

0101000
+719 0 -717 0 *
Ve
1e-07
-32.344376 23.914242 0
0 0

0101101
*
Ed
 1e-07 1 1 0
1  2480 0 0 3.38843609529145
0

0101000
+717 0 -715 0 *
Ve
1e-07
-32.344376 30.59841 0
0 0

0101101
*
Ed
 1e-07 1 1 0
1  2481 0 0 6.684168
0

0101000
+715 0 -713 0 *
Ve
1e-07
-32.344376 37.282578 0
0 0

0101101
*
Ed
 1e-07 1 1 0
1  2482 0 0 6.684168
0

0101000
+713 0 -711 0 *
Ve
1e-07
-34.370964 34.826107 0
0 0

0101101
*
Ed
 1e-07 1 1 0
1  2483 0 0 3.18454214850189
0

0101000
+711 0 -709 0 *
Ve
1e-07
-36.397549 32.36964 0
0 0

0101101
*
Ed
 1e-07 1 1 0
1  2484 0 0 3.18453715385988
0

0101000
+709 0 -707 0 *
Ve
1e-07
-36.418022 31.346109 0
0 0

0101101
*
Ed
 1e-07 1 1 0
1  2485 0 0 1.02373573332672
0

0101000
+707 0 -705 0 *
Ed
 1e-07 1 1 0
1  2486 0 0 1.023733673736
0

0101000
+705 0 -720 0 *
Wi

0101100
+718 0 +716 0 +714 0 +712 0 +710 0 +708 0 +706 0 +704 0 +703 0 *
Fa
0  1e-07 337 0

0111000
+702 0 *
Ve
1e-07
-20.195456 24.015411 0
0 0

0101101
*
Ve
1e-07
-19.171926 24.015411 0
0 0

0101101
*
Ed
 1e-07 1 1 0
1  2487 0 0 1.02353
0

0101000
+700 0 -699 0 *
Ve
1e-07
-18.148397 24.015411 0
0 0

0101101
*
Ed
 1e-07 1 1 0
1  2488 0 0 1.023529
0

0101000
+699 0 -697 0 *
Ve
1e-07
-20.052162 26.011293 0
0 0

0101101
*
Ed
 1e-07 1 1 0
1  2489 0 0 2.75823605464597
0

0101000
+697 0 -695 0 *
Ve
1e-07
-21.955925 28.007175 0
0 0

0101101
*
Ed
 1e-07 1 1 0
1  2490 0 0 2.75823467422426
0

0101000
+695 0 -693 0 *
Ve
1e-07
-21.955925 24.015411 0
0 0

0101101
*
Ed
 1e-07 1 1 0
1  2491 0 0 3.991764
0

0101000
+693 0 -691 0 *
Ve
1e-07
-21.587456 24.015411 0
0 0

0101101
*
Ed
 1e-07 1 1 0
1  2492 0 0 0.368469000000001
0

0101000
+691 0 -689 0 *
Ed
 1e-07 1 1 0
1  2493 0 0 1.392
0

0101000
+689 0 -700 0 *
Wi

0101100
+698 0 +696 0 +694 0 +692 0 +690 0 +688 0 +687 0 *
Fa
0  1e-07 338 0

0111000
+686 0 *
Ve
1e-07
-21.218985 23.708353 0
0 0

0101101
*
Ve
1e-07
-20.195456 23.708353 0
0 0

0101101
*
Ed
 1e-07 1 1 0
1  2494 0 0 1.023529
0

0101000
+684 0 -683 0 *
Ve
1e-07
-19.171926 23.708353 0
0 0

0101101
*
Ed
 1e-07 1 1 0
1  2495 0 0 1.02353
0

0101000
+683 0 -681 0 *
Ve
1e-07
-18.148397 23.708353 0
0 0

0101101
*
Ed
 1e-07 1 1 0
1  2496 0 0 1.023529
0

0101000
+681 0 -679 0 *
Ve
1e-07
-18.148397 24.015411 0
0 0

0101101
*
Ed
 1e-07 1 1 0
1  2497 0 0 0.307058000000001
0

0101000
+679 0 -677 0 *
Ve
1e-07
-19.171926 24.015411 0
0 0

0101101
*
Ed
 1e-07 1 1 0
1  2498 0 0 1.023529
0

0101000
+677 0 -675 0 *
Ve
1e-07
-20.195456 24.015411 0
0 0

0101101
*
Ed
 1e-07 1 1 0
1  2499 0 0 1.02353
0

0101000
+675 0 -673 0 *
Ve
1e-07
-21.218985 24.015411 0
0 0

0101101
*
Ed
 1e-07 1 1 0
1  2500 0 0 1.023529
0

0101000
+673 0 -671 0 *
Ed
 1e-07 1 1 0
1  2501 0 0 0.307058000000001
0

0101000
+671 0 -684 0 *
Wi

0101100
+682 0 +680 0 +678 0 +676 0 +674 0 +672 0 +670 0 +669 0 *
Fa
0  1e-07 339 0

0111000
+668 0 *
Ve
1e-07
-20.195456 23.708353 0
0 0

0101101
*
Ve
1e-07
-21.740984 23.708353 0
0 0

0101101
*
Ed
 1e-07 1 1 0
1  2502 0 0 1.545528
0

0101000
+666 0 -665 0 *
Ve
1e-07
-22.262985 23.708353 0
0 0

0101101
*
Ed
 1e-07 1 1 0
1  2503 0 0 0.522000999999999
0

0101000
+665 0 -663 0 *
Ve
1e-07
-21.530975 21.80459 0
0 0

0101101
*
Ed
 1e-07 1 1 0
1  2504 0 0 2.0396451162565
0

0101000
+663 0 -661 0 *
Ve
1e-07
-20.798967 19.900826 0
0 0

0101101
*
Ed
 1e-07 1 1 0
1  2505 0 0 2.03964533185552
0

0101000
+661 0 -659 0 *
Ve
1e-07
-19.473682 21.80459 0
0 0

0101101
*
Ed
 1e-07 1 1 0
1  2506 0 0 2.3196330957548
0

0101000
+659 0 -657 0 *
Ve
1e-07
-18.148397 23.708353 0
0 0

0101101
*
Ed
 1e-07 1 1 0
1  2507 0 0 2.31963227503714
0

0101000
+657 0 -655 0 *
Ve
1e-07
-19.171926 23.708353 0
0 0

0101101
*
Ed
 1e-07 1 1 0
1  2508 0 0 1.023529
0

0101000
+655 0 -653 0 *
Ed
 1e-07 1 1 0
1  2509 0 0 1.02353
0

0101000
+653 0 -666 0 *
Wi

0101100
+664 0 +662 0 +660 0 +658 0 +656 0 +654 0 +652 0 +651 0 *
Fa
0  1e-07 340 0

0111000
+650 0 *
Ve
1e-07
-25.558376 18.457649 0
0 0

0101101
*
Ve
1e-07
-20.798967 19.900826 0
0 0

0101101
*
Ed
 1e-07 1 1 0
1  2510 0 0 4.97340264633882
0

0101000
+648 0 -647 0 *
Ve
1e-07
-21.530975 21.80459 0
0 0

0101101
*
Ed
 1e-07 1 1 0
1  2511 0 0 2.03964533185552
0

0101000
+647 0 -645 0 *
Ve
1e-07
-22.262985 23.708353 0
0 0

0101101
*
Ed
 1e-07 1 1 0
1  2512 0 0 2.0396451162565
0

0101000
+645 0 -643 0 *
Ve
1e-07
-26.08531 23.914242 0
0 0

0101101
*
Ed
 1e-07 1 1 0
1  2513 0 0 3.82786607471395
0

0101000
+643 0 -641 0 *
Ve
1e-07
-28.201548 20.464357 0
0 0

0101101
*
Ed
 1e-07 1 1 0
1  2514 0 0 4.04724224452515
0

0101000
+641 0 -639 0 *
Ve
1e-07
-30.317787 17.014473 0
0 0

0101101
*
Ed
 1e-07 1 1 0
1  2515 0 0 4.04724191500545
0

0101000
+639 0 -637 0 *
Ed
 1e-07 1 1 0
1  2516 0 0 4.97340427010483
0

0101000
+637 0 -648 0 *
Wi

0101100
+646 0 +644 0 +642 0 +640 0 +638 0 +636 0 +635 0 *
Fa
0  1e-07 341 0

0111000
+634 0 *
Ve
1e-07
-22.262985 23.708353 0
0 0

0101101
*
Ve
1e-07
-22.262985 33.227173 0
0 0

0101101
*
Ed
 1e-07 1 1 0
1  2517 0 0 9.51882
0

0101000
+632 0 -631 0 *
Ve
1e-07
-24.174147 28.570709 0
0 0

0101101
*
Ed
 1e-07 1 1 0
1  2518 0 0 5.03340810719139
0

0101000
+631 0 -629 0 *
Ve
1e-07
-26.08531 23.914242 0
0 0

0101101
*
Ed
 1e-07 1 1 0
1  2519 0 0 5.03341126222147
0

0101000
+629 0 -627 0 *
Ed
 1e-07 1 1 0
1  2520 0 0 3.82786607471395
0

0101000
+627 0 -632 0 *
Wi

0101100
+630 0 +628 0 +626 0 +625 0 *
Fa
0  1e-07 342 0

0111000
+624 0 *
Ve
1e-07
-32.344376 23.914242 0
0 0

0101101
*
Ve
1e-07
-32.344376 20.464357 0
0 0

0101101
*
Ed
 1e-07 1 1 0
1  2521 0 0 3.449885
0

0101000
+622 0 -621 0 *
Ve
1e-07
-32.344376 17.014473 0
0 0

0101101
*
Ed
 1e-07 1 1 0
1  2522 0 0 3.449884
0

0101000
+621 0 -619 0 *
Ve
1e-07
-31.668846 17.014473 0
0 0

0101101
*
Ed
 1e-07 1 1 0
1  2523 0 0 0.675529999999998
0

0101000
+619 0 -617 0 *
Ve
1e-07
-30.993317 17.014473 0
0 0

0101101
*
Ed
 1e-07 1 1 0
1  2524 0 0 0.675528999999997
0

0101000
+617 0 -615 0 *
Ve
1e-07
-30.317787 17.014473 0
0 0

0101101
*
Ed
 1e-07 1 1 0
1  2525 0 0 0.675530000000002
0

0101000
+615 0 -613 0 *
Ve
1e-07
-28.201548 20.464357 0
0 0

0101101
*
Ed
 1e-07 1 1 0
1  2526 0 0 4.04724191500545
0

0101000
+613 0 -611 0 *
Ve
1e-07
-26.08531 23.914242 0
0 0

0101101
*
Ed
 1e-07 1 1 0
1  2527 0 0 4.04724224452515
0

0101000
+611 0 -609 0 *
Ve
1e-07
-29.214842 23.914242 0
0 0

0101101
*
Ed
 1e-07 1 1 0
1  2528 0 0 3.129532
0

0101000
+609 0 -607 0 *
Ed
 1e-07 1 1 0
1  2529 0 0 3.129534
0

0101000
+607 0 -622 0 *
Wi

0101100
+620 0 +618 0 +616 0 +614 0 +612 0 +610 0 +608 0 +606 0 +605 0 *
Fa
0  1e-07 343 0

0111000
+604 0 *
Ve
1e-07
-36.458961 29.299051 0
0 0

0101101
*
Ve
1e-07
-36.438492 30.32258 0
0 0

0101101
*
Ed
 1e-07 1 1 0
1  2530 0 0 1.02373365374105
0

0101000
+602 0 -601 0 *
Ve
1e-07
-36.418022 31.346109 0
0 0

0101101
*
Ed
 1e-07 1 1 0
1  2531 0 0 1.023733673736
0

0101000
+601 0 -599 0 *
Ve
1e-07
-36.397549 32.36964 0
0 0

0101101
*
Ed
 1e-07 1 1 0
1  2532 0 0 1.02373573332672
0

0101000
+599 0 -597 0 *
Ve
1e-07
-36.704609 32.36964 0
0 0

0101101
*
Ed
 1e-07 1 1 0
1  2533 0 0 0.30706
0

0101000
+597 0 -595 0 *
Ve
1e-07
-36.827431 31.346109 0
0 0

0101101
*
Ed
 1e-07 1 1 0
1  2534 0 0 1.03087387766157
0

0101000
+595 0 -593 0 *
Ve
1e-07
-36.950256 30.32258 0
0 0

0101101
*
Ed
 1e-07 1 1 0
1  2535 0 0 1.03087224934324
0

0101000
+593 0 -591 0 *
Ve
1e-07
-37.073078 29.299051 0
0 0

0101101
*
Ed
 1e-07 1 1 0
1  2536 0 0 1.03087189190752
0

0101000
+591 0 -589 0 *
Ed
 1e-07 1 1 0
1  2537 0 0 0.614117
0

0101000
+589 0 -602 0 *
Wi

0101100
+600 0 +598 0 +596 0 +594 0 +592 0 +590 0 +588 0 +587 0 *
Fa
0  1e-07 344 0

0111000
+586 0 *
Ve
1e-07
-34.401669 26.606647 0
0 0

0101101
*
Ve
1e-07
-36.458961 29.299051 0
0 0

0101101
*
Ed
 1e-07 1 1 0
1  2538 0 0 3.38843469355394
0

0101000
+584 0 -583 0 *
Ve
1e-07
-36.458961 27.702347 0
0 0

0101101
*
Ed
 1e-07 1 1 0
1  2539 0 0 1.596704
0

0101000
+583 0 -581 0 *
Ve
1e-07
-34.401669 25.808294 0
0 0

0101101
*
Ed
 1e-07 1 1 0
1  2540 0 0 2.79640611143536
0

0101000
+581 0 -579 0 *
Ve
1e-07
-32.344376 23.914242 0
0 0

0101101
*
Ed
 1e-07 1 1 0
1  2541 0 0 2.79640616981028
0

0101000
+579 0 -577 0 *
Ed
 1e-07 1 1 0
1  2542 0 0 3.38843609529145
0

0101000
+577 0 -584 0 *
Wi

0101100
+582 0 +580 0 +578 0 +576 0 +575 0 *
Fa
0  1e-07 345 0

0111000
+574 0 *
Ve
1e-07
-40.389313 34.611168 0
0 0

0101101
*
Ve
1e-07
-36.704609 32.36964 0
0 0

0101101
*
Ed
 1e-07 1 1 0
1  2543 0 0 4.31294462547342
0

0101000
+572 0 -571 0 *
Ve
1e-07
-36.704609 36.852695 0
0 0

0101101
*
Ed
 1e-07 1 1 0
1  2544 0 0 4.483055
0

0101000
+571 0 -569 0 *
Ve
1e-07
-44.074017 36.852695 0
0 0

0101101
*
Ed
 1e-07 1 1 0
1  2545 0 0 7.369408
0

0101000
+569 0 -567 0 *
Ed
 1e-07 1 1 0
1  2546 0 0 4.31294410575247
0

0101000
+567 0 -572 0 *
Wi

0101100
+570 0 +568 0 +566 0 +565 0 *
Fa
0  1e-07 346 0

0111000
+564 0 *
Ve
1e-07
-37.011669 37.282578 0
0 0

0101101
*
Ve
1e-07
-37.011669 38.203754 0
0 0

0101101
*
Ed
 1e-07 1 1 0
1  2547 0 0 0.921176000000003
0

0101000
+562 0 -561 0 *
Ve
1e-07
-38.516254 43.485165 0
0 0

0101101
*
Ed
 1e-07 1 1 0
1  2548 0 0 5.49154606401021
0

0101000
+561 0 -559 0 *
Ve
1e-07
-40.020844 48.766575 0
0 0

0101101
*
Ed
 1e-07 1 1 0
1  2549 0 0 5.49154647218796
0

0101000
+559 0 -557 0 *
Ve
1e-07
-40.020844 37.282578 0
0 0

0101101
*
Ed
 1e-07 1 1 0
1  2550 0 0 11.483997
0

0101000
+557 0 -555 0 *
Ed
 1e-07 1 1 0
1  2551 0 0 3.009175
0

0101000
+555 0 -562 0 *
Wi

0101100
+560 0 +558 0 +556 0 +554 0 +553 0 *
Fa
0  1e-07 347 0

0111000
+552 0 *
Ve
1e-07
-37.073078 28.621294 0
0 0

0101101
*
Ve
1e-07
-37.073078 28.869169 0
0 0

0101101
*
Ed
 1e-07 1 1 0
1  2552 0 0 0.247875000000001
0

0101000
+550 0 -549 0 *
Ve
1e-07
-37.073078 29.299051 0
0 0

0101101
*
Ed
 1e-07 1 1 0
1  2553 0 0 0.429881999999999
0

0101000
+549 0 -547 0 *
Ve
1e-07
-40.573547 28.960173 0
0 0

0101101
*
Ed
 1e-07 1 1 0
1  2554 0 0 3.51683401923448
0

0101000
+547 0 -545 0 *
Ve
1e-07
-44.074017 28.621294 0
0 0

0101101
*
Ed
 1e-07 1 1 0
1  2555 0 0 3.51683511094009
0

0101000
+545 0 -543 0 *
Ed
 1e-07 1 1 0
1  2556 0 0 7.000939
0

0101000
+543 0 -550 0 *
Wi

0101100
+548 0 +546 0 +544 0 +542 0 +541 0 *
Fa
0  1e-07 348 0

0111000
+540 0 *
Ve
1e-07
-44.074017 32.736996 0
0 0

0101101
*
Ve
1e-07
-44.074017 30.679144 0
0 0

0101101
*
Ed
 1e-07 1 1 0
1  2557 0 0 2.057852
0

0101000
+538 0 -537 0 *
Ve
1e-07
-44.074017 28.621294 0
0 0

0101101
*
Ed
 1e-07 1 1 0
1  2558 0 0 2.05785
0

0101000
+537 0 -535 0 *
Ve
1e-07
-40.573547 28.960173 0
0 0

0101101
*
Ed
 1e-07 1 1 0
1  2559 0 0 3.51683511094009
0

0101000
+535 0 -533 0 *
Ve
1e-07
-37.073078 29.299051 0
0 0

0101101
*
Ed
 1e-07 1 1 0
1  2560 0 0 3.51683401923448
0

0101000
+533 0 -531 0 *
Ve
1e-07
-36.950256 30.32258 0
0 0

0101101
*
Ed
 1e-07 1 1 0
1  2561 0 0 1.03087189190752
0

0101000
+531 0 -529 0 *
Ve
1e-07
-36.827431 31.346109 0
0 0

0101101
*
Ed
 1e-07 1 1 0
1  2562 0 0 1.03087224934324
0

0101000
+529 0 -527 0 *
Ve
1e-07
-36.704609 32.36964 0
0 0

0101101
*
Ed
 1e-07 1 1 0
1  2563 0 0 1.03087387766157
0

0101000
+527 0 -525 0 *
Ve
1e-07
-40.389313 34.611168 0
0 0

0101101
*
Ed
 1e-07 1 1 0
1  2564 0 0 4.31294462547342
0

0101000
+525 0 -523 0 *
Ve
1e-07
-44.074017 36.852695 0
0 0

0101101
*
Ed
 1e-07 1 1 0
1  2565 0 0 4.31294410575247
0

0101000
+523 0 -521 0 *
Ve
1e-07
-44.074017 34.794846 0
0 0

0101101
*
Ed
 1e-07 1 1 0
1  2566 0 0 2.057849
0

0101000
+521 0 -519 0 *
Ed
 1e-07 1 1 0
1  2567 0 0 2.05785
0

0101000
+519 0 -538 0 *
Wi

0101100
+536 0 +534 0 +532 0 +530 0 +528 0 +526 0 +524 0 +522 0 +520 0 +518 0 
+517 0 *
Fa
0  1e-07 349 0

0111000
+516 0 *
Ve
1e-07
-36.790585 46.015327 0
0 0

0101101
*
Ve
1e-07
-36.888844 47.968224 0
0 0

0101101
*
Ed
 1e-07 1 1 0
1  2568 0 0 1.95536736284771
0

0101000
+514 0 -513 0 *
Ve
1e-07
-36.919548 45.527103 0
0 0

0101101
*
Ed
 1e-07 1 1 0
1  2569 0 0 2.44131408717867
0

0101000
+513 0 -511 0 *
Ve
1e-07
-36.950256 43.085987 0
0 0

0101101
*
Ed
 1e-07 1 1 0
1  2570 0 0 2.44130913788483
0

0101000
+511 0 -509 0 *
Ve
1e-07
-36.980961 40.644871 0
0 0

0101101
*
Ed
 1e-07 1 1 0
1  2571 0 0 2.44130910015119
0

0101000
+509 0 -507 0 *
Ve
1e-07
-37.011669 38.203754 0
0 0

0101101
*
Ed
 1e-07 1 1 0
1  2572 0 0 2.44131013780572
0

0101000
+507 0 -505 0 *
Ve
1e-07
-36.397549 38.203754 0
0 0

0101101
*
Ed
 1e-07 1 1 0
1  2573 0 0 0.61412
0

0101000
+505 0 -503 0 *
Ve
1e-07
-36.495808 40.156647 0
0 0

0101101
*
Ed
 1e-07 1 1 0
1  2574 0 0 1.95536336790122
0

0101000
+503 0 -501 0 *
Ve
1e-07
-36.594067 42.109543 0
0 0

0101101
*
Ed
 1e-07 1 1 0
1  2575 0 0 1.95536636411109
0

0101000
+501 0 -499 0 *
Ve
1e-07
-36.692326 44.062435 0
0 0

0101101
*
Ed
 1e-07 1 1 0
1  2576 0 0 1.9553623691646
0

0101000
+499 0 -497 0 *
Ed
 1e-07 1 1 0
1  2577 0 0 1.9553623691646
0

0101000
+497 0 -514 0 *
Wi

0101100
+512 0 +510 0 +508 0 +506 0 +504 0 +502 0 +500 0 +498 0 +496 0 +495 0 
*
Fa
0  1e-07 350 0

0111000
+494 0 *
Ve
1e-07
-36.520374 26.104527 0
0 0

0101101
*
Ve
1e-07
-36.458961 27.702347 0
0 0

0101101
*
Ed
 1e-07 1 1 0
1  2578 0 0 1.59899978391774
0

0101000
+492 0 -491 0 *
Ve
1e-07
-37.073078 27.702347 0
0 0

0101101
*
Ed
 1e-07 1 1 0
1  2579 0 0 0.614117
0

0101000
+491 0 -489 0 *
Ve
1e-07
-36.980961 26.104527 0
0 0

0101101
*
Ed
 1e-07 1 1 0
1  2580 0 0 1.60047314694405
0

0101000
+489 0 -487 0 *
Ve
1e-07
-36.888844 24.506706 0
0 0

0101101
*
Ed
 1e-07 1 1 0
1  2581 0 0 1.60047414528633
0

0101000
+487 0 -485 0 *
Ve
1e-07
-36.581783 24.506706 0
0 0

0101101
*
Ed
 1e-07 1 1 0
1  2582 0 0 0.307060999999997
0

0101000
+485 0 -483 0 *
Ed
 1e-07 1 1 0
1  2583 0 0 1.59900062955647
0

0101000
+483 0 -492 0 *
Wi

0101100
+490 0 +488 0 +486 0 +484 0 +482 0 +481 0 *
Fa
0  1e-07 351 0

0111000
+480 0 *
Ve
1e-07
-36.970726 23.585529 0
0 0

0101101
*
Ve
1e-07
-37.052608 22.664354 0
0 0

0101101
*
Ed
 1e-07 1 1 0
1  2584 0 0 0.924807029898131
0

0101000
+478 0 -477 0 *
Ve
1e-07
-37.134491 21.743177 0
0 0

0101101
*
Ed
 1e-07 1 1 0
1  2585 0 0 0.924809110583368
0

0101000
+477 0 -475 0 *
Ve
1e-07
-36.888844 21.743177 0
0 0

0101101
*
Ed
 1e-07 1 1 0
1  2586 0 0 0.245646999999998
0

0101000
+475 0 -473 0 *
Ve
1e-07
-36.888844 23.124943 0
0 0

0101101
*
Ed
 1e-07 1 1 0
1  2587 0 0 1.381766
0

0101000
+473 0 -471 0 *
Ve
1e-07
-36.888844 24.506706 0
0 0

0101101
*
Ed
 1e-07 1 1 0
1  2588 0 0 1.381763
0

0101000
+471 0 -469 0 *
Ed
 1e-07 1 1 0
1  2589 0 0 0.92480902204347
0

0101000
+469 0 -478 0 *
Wi

0101100
+476 0 +474 0 +472 0 +470 0 +468 0 +467 0 *
Fa
0  1e-07 352 0

0111000
+466 0 *
Ve
1e-07
-38.685139 25.458588 0
0 0

0101101
*
Ve
1e-07
-36.888844 24.506706 0
0 0

0101101
*
Ed
 1e-07 1 1 0
1  2590 0 0 2.03291787068465
0

0101000
+464 0 -463 0 *
Ve
1e-07
-36.980961 26.104527 0
0 0

0101101
*
Ed
 1e-07 1 1 0
1  2591 0 0 1.60047414528633
0

0101000
+463 0 -461 0 *
Ve
1e-07
-37.073078 27.702347 0
0 0

0101101
*
Ed
 1e-07 1 1 0
1  2592 0 0 1.60047314694405
0

0101000
+461 0 -459 0 *
Ve
1e-07
-39.406727 27.906309 0
0 0

0101101
*
Ed
 1e-07 1 1 0
1  2593 0 0 2.34254522958362
0

0101000
+459 0 -457 0 *
Ve
1e-07
-41.740372 28.110271 0
0 0

0101101
*
Ed
 1e-07 1 1 0
1  2594 0 0 2.34254124477436
0

0101000
+457 0 -455 0 *
Ve
1e-07
-44.074017 28.314234 0
0 0

0101101
*
Ed
 1e-07 1 1 0
1  2595 0 0 2.34254133184326
0

0101000
+455 0 -453 0 *
Ve
1e-07
-42.277725 27.362352 0
0 0

0101101
*
Ed
 1e-07 1 1 0
1  2596 0 0 2.03291521987219
0

0101000
+453 0 -451 0 *
Ve
1e-07
-40.48143 26.410471 0
0 0

0101101
*
Ed
 1e-07 1 1 0
1  2597 0 0 2.03291740245047
0

0101000
+451 0 -449 0 *
Ed
 1e-07 1 1 0
1  2598 0 0 2.03291480450363
0

0101000
+449 0 -464 0 *
Wi

0101100
+462 0 +460 0 +458 0 +456 0 +454 0 +452 0 +450 0 +448 0 +447 0 *
Fa
0  1e-07 353 0

0111000
+446 0 *
Ve
1e-07
-34.463081 21.846123 0
0 0

0101101
*
Ve
1e-07
-32.344376 23.914242 0
0 0

0101101
*
Ed
 1e-07 1 1 0
1  2599 0 0 2.96074772231375
0

0101000
+444 0 -443 0 *
Ve
1e-07
-34.401669 25.808294 0
0 0

0101101
*
Ed
 1e-07 1 1 0
1  2600 0 0 2.79640616981028
0

0101000
+443 0 -441 0 *
Ve
1e-07
-36.458961 27.702347 0
0 0

0101101
*
Ed
 1e-07 1 1 0
1  2601 0 0 2.79640611143536
0

0101000
+441 0 -439 0 *
Ve
1e-07
-36.520374 26.104527 0
0 0

0101101
*
Ed
 1e-07 1 1 0
1  2602 0 0 1.59899978391774
0

0101000
+439 0 -437 0 *
Ve
1e-07
-36.581783 24.506706 0
0 0

0101101
*
Ed
 1e-07 1 1 0
1  2603 0 0 1.59900062955647
0

0101000
+437 0 -435 0 *
Ve
1e-07
-36.581783 19.778002 0
0 0

0101101
*
Ed
 1e-07 1 1 0
1  2604 0 0 4.728704
0

0101000
+435 0 -433 0 *
Ed
 1e-07 1 1 0
1  2605 0 0 2.96074697254679
0

0101000
+433 0 -444 0 *
Wi

0101100
+442 0 +440 0 +438 0 +436 0 +434 0 +432 0 +431 0 *
Fa
0  1e-07 354 0

0111000
+430 0 *
Ve
1e-07
-44.074017 24.230354 0
0 0

0101101
*
Ve
1e-07
-44.074017 22.188414 0
0 0

0101101
*
Ed
 1e-07 1 1 0
1  2606 0 0 2.04194
0

0101000
+428 0 -427 0 *
Ve
1e-07
-44.074017 20.146473 0
0 0

0101101
*
Ed
 1e-07 1 1 0
1  2607 0 0 2.041941
0

0101000
+427 0 -425 0 *
Ve
1e-07
-41.760841 20.678707 0
0 0

0101101
*
Ed
 1e-07 1 1 0
1  2608 0 0 2.37361669983424
0

0101000
+425 0 -423 0 *
Ve
1e-07
-39.447666 21.210943 0
0 0

0101101
*
Ed
 1e-07 1 1 0
1  2609 0 0 2.37361617375704
0

0101000
+423 0 -421 0 *
Ve
1e-07
-37.134491 21.743177 0
0 0

0101101
*
Ed
 1e-07 1 1 0
1  2610 0 0 2.3736157252978
0

0101000
+421 0 -419 0 *
Ve
1e-07
-37.052608 22.664354 0
0 0

0101101
*
Ed
 1e-07 1 1 0
1  2611 0 0 0.924809110583368
0

0101000
+419 0 -417 0 *
Ve
1e-07
-36.970726 23.585529 0
0 0

0101101
*
Ed
 1e-07 1 1 0
1  2612 0 0 0.924807029898131
0

0101000
+417 0 -415 0 *
Ve
1e-07
-36.888844 24.506706 0
0 0

0101101
*
Ed
 1e-07 1 1 0
1  2613 0 0 0.92480902204347
0

0101000
+415 0 -413 0 *
Ve
1e-07
-38.685139 25.458588 0
0 0

0101101
*
Ed
 1e-07 1 1 0
1  2614 0 0 2.03291787068465
0

0101000
+413 0 -411 0 *
Ve
1e-07
-40.48143 26.410471 0
0 0

0101101
*
Ed
 1e-07 1 1 0
1  2615 0 0 2.03291480450363
0

0101000
+411 0 -409 0 *
Ve
1e-07
-42.277725 27.362352 0
0 0

0101101
*
Ed
 1e-07 1 1 0
1  2616 0 0 2.03291740245047
0

0101000
+409 0 -407 0 *
Ve
1e-07
-44.074017 28.314234 0
0 0

0101101
*
Ed
 1e-07 1 1 0
1  2617 0 0 2.03291521987219
0

0101000
+407 0 -405 0 *
Ve
1e-07
-44.074017 26.272293 0
0 0

0101101
*
Ed
 1e-07 1 1 0
1  2618 0 0 2.041941
0

0101000
+405 0 -403 0 *
Ed
 1e-07 1 1 0
1  2619 0 0 2.041939
0

0101000
+403 0 -428 0 *
Wi

0101100
+426 0 +424 0 +422 0 +420 0 +418 0 +416 0 +414 0 +412 0 +410 0 +408 0 
+406 0 +404 0 +402 0 +401 0 *
Fa
0  1e-07 355 0

0111000
+400 0 *
Ve
1e-07
-41.740372 28.314234 0
0 0

0101101
*
Ve
1e-07
-44.074017 28.314234 0
0 0

0101101
*
Ed
 1e-07 1 1 0
1  2620 0 0 2.333645
0

0101000
+398 0 -397 0 *
Ve
1e-07
-41.740372 28.110271 0
0 0

0101101
*
Ed
 1e-07 1 1 0
1  2621 0 0 2.34254133184326
0

0101000
+397 0 -395 0 *
Ve
1e-07
-39.406727 27.906309 0
0 0

0101101
*
Ed
 1e-07 1 1 0
1  2622 0 0 2.34254124477436
0

0101000
+395 0 -393 0 *
Ve
1e-07
-37.073078 27.702347 0
0 0

0101101
*
Ed
 1e-07 1 1 0
1  2623 0 0 2.34254522958362
0

0101000
+393 0 -391 0 *
Ve
1e-07
-37.073078 28.314234 0
0 0

0101101
*
Ed
 1e-07 1 1 0
1  2624 0 0 0.611886999999999
0

0101000
+391 0 -389 0 *
Ve
1e-07
-39.406727 28.314234 0
0 0

0101101
*
Ed
 1e-07 1 1 0
1  2625 0 0 2.33364899999999
0

0101000
+389 0 -387 0 *
Ed
 1e-07 1 1 0
1  2626 0 0 2.333645
0

0101000
+387 0 -398 0 *
Wi

0101100
+396 0 +394 0 +392 0 +390 0 +388 0 +386 0 +385 0 *
Fa
0  1e-07 356 0

0111000
+384 0 *
Ve
1e-07
-19.079437 15.571298 0
0 0

0101101
*
Ve
1e-07
-17.789791 19.286709 0
0 0

0101101
*
Ed
 1e-07 1 1 0
1  2627 0 0 3.9328699068539
0

0101000
+382 0 -381 0 *
Ve
1e-07
-17.789791 19.593767 0
0 0

0101101
*
Ed
 1e-07 1 1 0
1  2628 0 0 0.307058000000001
0

0101000
+381 0 -379 0 *
Ve
1e-07
-20.369085 19.593767 0
0 0

0101101
*
Ed
 1e-07 1 1 0
1  2629 0 0 2.579294
0

0101000
+379 0 -377 0 *
Ve
1e-07
-20.369085 11.855886 0
0 0

0101101
*
Ed
 1e-07 1 1 0
1  2630 0 0 7.737881
0

0101000
+377 0 -375 0 *
Ed
 1e-07 1 1 0
1  2631 0 0 3.93287150739101
0

0101000
+375 0 -382 0 *
Wi

0101100
+380 0 +378 0 +376 0 +374 0 +373 0 *
Fa
0  1e-07 357 0

0111000
+372 0 *
Ve
1e-07
-21.842966 1.477302 0
0 0

0101101
*
Ve
1e-07
-13.736616 1.477302 0
0 0

0101101
*
Ed
 1e-07 1 1 0
1  2632 0 0 8.10635
0

0101000
+370 0 -369 0 *
Ve
1e-07
-9.959794 6.390242 0
0 0

0101101
*
Ed
 1e-07 1 1 0
1  2633 0 0 6.19688339920028
0

0101000
+369 0 -367 0 *
Ve
1e-07
-6.182971 11.303182 0
0 0

0101101
*
Ed
 1e-07 1 1 0
1  2634 0 0 6.19688400867154
0

0101000
+367 0 -365 0 *
Ve
1e-07
-21.842966 11.303182 0
0 0

0101101
*
Ed
 1e-07 1 1 0
1  2635 0 0 15.659995
0

0101000
+365 0 -363 0 *
Ed
 1e-07 1 1 0
1  2636 0 0 9.82588
0

0101000
+363 0 -370 0 *
Wi

0101100
+368 0 +366 0 +364 0 +362 0 +361 0 *
Fa
0  1e-07 358 0

0111000
+360 0 *
Ve
1e-07
-20.798967 14.373769 0
0 0

0101101
*
Ve
1e-07
-20.798967 15.540591 0
0 0

0101101
*
Ed
 1e-07 1 1 0
1  2637 0 0 1.166822
0

0101000
+358 0 -357 0 *
Ve
1e-07
-20.798967 16.707415 0
0 0

0101101
*
Ed
 1e-07 1 1 0
1  2638 0 0 1.166824
0

0101000
+357 0 -355 0 *
Ve
1e-07
-25.558376 16.707415 0
0 0

0101101
*
Ed
 1e-07 1 1 0
1  2639 0 0 4.759409
0

0101000
+355 0 -353 0 *
Ve
1e-07
-30.317787 16.707415 0
0 0

0101101
*
Ed
 1e-07 1 1 0
1  2640 0 0 4.759411
0

0101000
+353 0 -351 0 *
Ve
1e-07
-31.13661 15.15165 0
0 0

0101101
*
Ed
 1e-07 1 1 0
1  2641 0 0 1.75808868961552
0

0101000
+351 0 -349 0 *
Ve
1e-07
-31.955433 13.595886 0
0 0

0101101
*
Ed
 1e-07 1 1 0
1  2642 0 0 1.75808780469719
0

0101000
+349 0 -347 0 *
Ve
1e-07
-32.774258 12.040122 0
0 0

0101101
*
Ed
 1e-07 1 1 0
1  2643 0 0 1.75808873619081
0

0101000
+347 0 -345 0 *
Ve
1e-07
-26.786612 12.040122 0
0 0

0101101
*
Ed
 1e-07 1 1 0
1  2644 0 0 5.987646
0

0101000
+345 0 -343 0 *
Ve
1e-07
-20.798967 12.040122 0
0 0

0101101
*
Ed
 1e-07 1 1 0
1  2645 0 0 5.987645
0

0101000
+343 0 -341 0 *
Ve
1e-07
-20.798967 13.206945 0
0 0

0101101
*
Ed
 1e-07 1 1 0
1  2646 0 0 1.166823
0

0101000
+341 0 -339 0 *
Ed
 1e-07 1 1 0
1  2647 0 0 1.166824
0

0101000
+339 0 -358 0 *
Wi

0101100
+356 0 +354 0 +352 0 +350 0 +348 0 +346 0 +344 0 +342 0 +340 0 +338 0 
+337 0 *
Fa
0  1e-07 359 0

0111000
+336 0 *
Ve
1e-07
-25.558376 17.014473 0
0 0

0101101
*
Ve
1e-07
-20.798967 17.014473 0
0 0

0101101
*
Ed
 1e-07 1 1 0
1  2648 0 0 4.759409
0

0101000
+334 0 -333 0 *
Ve
1e-07
-20.798967 19.900826 0
0 0

0101101
*
Ed
 1e-07 1 1 0
1  2649 0 0 2.886353
0

0101000
+333 0 -331 0 *
Ve
1e-07
-25.558376 18.457649 0
0 0

0101101
*
Ed
 1e-07 1 1 0
1  2650 0 0 4.97340264633882
0

0101000
+331 0 -329 0 *
Ve
1e-07
-30.317787 17.014473 0
0 0

0101101
*
Ed
 1e-07 1 1 0
1  2651 0 0 4.97340427010483
0

0101000
+329 0 -327 0 *
Ed
 1e-07 1 1 0
1  2652 0 0 4.759411
0

0101000
+327 0 -334 0 *
Wi

0101100
+332 0 +330 0 +328 0 +326 0 +325 0 *
Fa
0  1e-07 360 0

0111000
+324 0 *
Ve
1e-07
-19.447908 -3.394696 0
0 0

0101101
*
Ve
1e-07
-18.342497 -3.435637 0
0 0

0101101
*
Ed
 1e-07 1 1 0
1  2653 0 0 1.1061689041019
0

0101000
+322 0 -321 0 *
Ve
1e-07
-20.092731 -1.501168 0
0 0

0101101
*
Ed
 1e-07 1 1 0
1  2654 0 0 2.60873328776956
0

0101000
+321 0 -319 0 *
Ve
1e-07
-21.842966 0.433302 0
0 0

0101101
*
Ed
 1e-07 1 1 0
1  2655 0 0 2.60873470021867
0

0101000
+319 0 -317 0 *
Ve
1e-07
-21.781555 -0.815403 0
0 0

0101101
*
Ed
 1e-07 1 1 0
1  2656 0 0 1.25021417682971
0

0101000
+317 0 -315 0 *
Ve
1e-07
-21.720142 -2.064108 0
0 0

0101101
*
Ed
 1e-07 1 1 0
1  2657 0 0 1.25021427507208
0

0101000
+315 0 -313 0 *
Ve
1e-07
-21.658731 -3.312814 0
0 0

0101101
*
Ed
 1e-07 1 1 0
1  2658 0 0 1.25021517562258
0

0101000
+313 0 -311 0 *
Ve
1e-07
-20.55332 -3.353755 0
0 0

0101101
*
Ed
 1e-07 1 1 0
1  2659 0 0 1.1061689041019
0

0101000
+311 0 -309 0 *
Ed
 1e-07 1 1 0
1  2660 0 0 1.10616990341674
0

0101000
+309 0 -322 0 *
Wi

0101100
+320 0 +318 0 +316 0 +314 0 +312 0 +310 0 +308 0 +307 0 *
Fa
0  1e-07 361 0

0111000
+306 0 *
Ve
1e-07
-21.658731 -3.619873 0
0 0

0101101
*
Ve
1e-07
-20.55332 -3.660814 0
0 0

0101101
*
Ed
 1e-07 1 1 0
1  2661 0 0 1.1061689041019
0

0101000
+304 0 -303 0 *
Ve
1e-07
-19.447908 -3.701755 0
0 0

0101101
*
Ed
 1e-07 1 1 0
1  2662 0 0 1.10616990341674
0

0101000
+303 0 -301 0 *
Ve
1e-07
-18.342497 -3.742696 0
0 0

0101101
*
Ed
 1e-07 1 1 0
1  2663 0 0 1.1061689041019
0

0101000
+301 0 -299 0 *
Ve
1e-07
-18.342497 -3.435637 0
0 0

0101101
*
Ed
 1e-07 1 1 0
1  2664 0 0 0.307059
0

0101000
+299 0 -297 0 *
Ve
1e-07
-19.447908 -3.394696 0
0 0

0101101
*
Ed
 1e-07 1 1 0
1  2665 0 0 1.1061689041019
0

0101000
+297 0 -295 0 *
Ve
1e-07
-20.55332 -3.353755 0
0 0

0101101
*
Ed
 1e-07 1 1 0
1  2666 0 0 1.10616990341674
0

0101000
+295 0 -293 0 *
Ve
1e-07
-21.658731 -3.312814 0
0 0

0101101
*
Ed
 1e-07 1 1 0
1  2667 0 0 1.1061689041019
0

0101000
+293 0 -291 0 *
Ed
 1e-07 1 1 0
1  2668 0 0 0.307059
0

0101000
+291 0 -304 0 *
Wi

0101100
+302 0 +300 0 +298 0 +296 0 +294 0 +292 0 +290 0 +289 0 *
Fa
0  1e-07 362 0

0111000
+288 0 *
Ve
1e-07
-7.104148 -17.314692 0
0 0

0101101
*
Ve
1e-07
-14.381439 -10.467282 0
0 0

0101101
*
Ed
 1e-07 1 1 0
1  2669 0 0 9.99229643309189
0

0101000
+286 0 -285 0 *
Ve
1e-07
-21.658731 -3.619873 0
0 0

0101101
*
Ed
 1e-07 1 1 0
1  2670 0 0 9.99229647611324
0

0101000
+285 0 -283 0 *
Ve
1e-07
-22.334261 -3.619873 0
0 0

0101101
*
Ed
 1e-07 1 1 0
1  2671 0 0 0.675530000000002
0

0101000
+283 0 -281 0 *
Ve
1e-07
-24.197083 -3.619873 0
0 0

0101101
*
Ed
 1e-07 1 1 0
1  2672 0 0 1.862822
0

0101000
+281 0 -279 0 *
Ve
1e-07
-25.384377 -3.619873 0
0 0

0101101
*
Ed
 1e-07 1 1 0
1  2673 0 0 1.187294
0

0101000
+279 0 -277 0 *
Ve
1e-07
-26.571671 -3.619873 0
0 0

0101101
*
Ed
 1e-07 1 1 0
1  2674 0 0 1.187294
0

0101000
+277 0 -275 0 *
Ve
1e-07
-16.83791 -10.467282 0
0 0

0101101
*
Ed
 1e-07 1 1 0
1  2675 0 0 11.9009711040067
0

0101000
+275 0 -273 0 *
Ed
 1e-07 1 1 0
1  2676 0 0 11.9009724972686
0

0101000
+273 0 -286 0 *
Wi

0101100
+284 0 +282 0 +280 0 +278 0 +276 0 +274 0 +272 0 +271 0 *
Fa
0  1e-07 363 0

0111000
+270 0 *
Ve
1e-07
-15.701792 0.875467 0
0 0

0101101
*
Ve
1e-07
-14.166498 0.986008 0
0 0

0101101
*
Ed
 1e-07 1 1 0
1  2677 0 0 1.53926832589935
0

0101000
+268 0 -267 0 *
Ve
1e-07
-16.725321 0.986008 0
0 0

0101101
*
Ed
 1e-07 1 1 0
1  2678 0 0 2.558823
0

0101000
+267 0 -265 0 *
Ve
1e-07
-19.284143 0.986008 0
0 0

0101101
*
Ed
 1e-07 1 1 0
1  2679 0 0 2.558822
0

0101000
+265 0 -263 0 *
Ve
1e-07
-21.842966 0.986008 0
0 0

0101101
*
Ed
 1e-07 1 1 0
1  2680 0 0 2.558823
0

0101000
+263 0 -261 0 *
Ve
1e-07
-21.842966 0.433302 0
0 0

0101101
*
Ed
 1e-07 1 1 0
1  2681 0 0 0.552706
0

0101000
+261 0 -259 0 *
Ve
1e-07
-20.307673 0.543844 0
0 0

0101101
*
Ed
 1e-07 1 1 0
1  2682 0 0 1.53926740029567
0

0101000
+259 0 -257 0 *
Ve
1e-07
-18.772379 0.654385 0
0 0

0101101
*
Ed
 1e-07 1 1 0
1  2683 0 0 1.53926832589935
0

0101000
+257 0 -255 0 *
Ve
1e-07
-17.237085 0.764926 0
0 0

0101101
*
Ed
 1e-07 1 1 0
1  2684 0 0 1.53926832589935
0

0101000
+255 0 -253 0 *
Ed
 1e-07 1 1 0
1  2685 0 0 1.53926732848131
0

0101000
+253 0 -268 0 *
Wi

0101100
+266 0 +264 0 +262 0 +260 0 +258 0 +256 0 +254 0 +252 0 +251 0 *
Fa
0  1e-07 364 0

0111000
+250 0 *
Ve
1e-07
-21.781555 -0.815403 0
0 0

0101101
*
Ve
1e-07
-21.842966 0.433302 0
0 0

0101101
*
Ed
 1e-07 1 1 0
1  2686 0 0 1.25021417682971
0

0101000
+248 0 -247 0 *
Ve
1e-07
-22.027203 0.433302 0
0 0

0101101
*
Ed
 1e-07 1 1 0
1  2687 0 0 0.184237
0

0101000
+247 0 -245 0 *
Ve
1e-07
-22.027203 -1.439756 0
0 0

0101101
*
Ed
 1e-07 1 1 0
1  2688 0 0 1.873058
0

0101000
+245 0 -243 0 *
Ve
1e-07
-22.027203 -3.312814 0
0 0

0101101
*
Ed
 1e-07 1 1 0
1  2689 0 0 1.873058
0

0101000
+243 0 -241 0 *
Ve
1e-07
-21.658731 -3.312814 0
0 0

0101101
*
Ed
 1e-07 1 1 0
1  2690 0 0 0.368472000000001
0

0101000
+241 0 -239 0 *
Ve
1e-07
-21.720142 -2.064108 0
0 0

0101101
*
Ed
 1e-07 1 1 0
1  2691 0 0 1.25021517562258
0

0101000
+239 0 -237 0 *
Ed
 1e-07 1 1 0
1  2692 0 0 1.25021427507208
0

0101000
+237 0 -248 0 *
Wi

0101100
+246 0 +244 0 +242 0 +240 0 +238 0 +236 0 +235 0 *
Fa
0  1e-07 365 0

0111000
+234 0 *
Ve
1e-07
-22.70273 -3.312814 0
0 0

0101101
*
Ve
1e-07
-22.395672 -3.312814 0
0 0

0101101
*
Ed
 1e-07 1 1 0
1  2693 0 0 0.307057999999998
0

0101000
+232 0 -231 0 *
Ve
1e-07
-22.395672 -1.163403 0
0 0

0101101
*
Ed
 1e-07 1 1 0
1  2694 0 0 2.149411
0

0101000
+231 0 -229 0 *
Ve
1e-07
-22.395672 0.986008 0
0 0

0101101
*
Ed
 1e-07 1 1 0
1  2695 0 0 2.149411
0

0101000
+229 0 -227 0 *
Ve
1e-07
-23.787672 -0.446933 0
0 0

0101101
*
Ed
 1e-07 1 1 0
1  2696 0 0 1.99774470578225
0

0101000
+227 0 -225 0 *
Ve
1e-07
-25.17967 -1.879873 0
0 0

0101101
*
Ed
 1e-07 1 1 0
1  2697 0 0 1.99774259493159
0

0101000
+225 0 -223 0 *
Ve
1e-07
-26.571671 -3.312814 0
0 0

0101101
*
Ed
 1e-07 1 1 0
1  2698 0 0 1.9977454025681
0

0101000
+223 0 -221 0 *
Ve
1e-07
-25.384377 -3.312814 0
0 0

0101101
*
Ed
 1e-07 1 1 0
1  2699 0 0 1.187294
0

0101000
+221 0 -219 0 *
Ve
1e-07
-24.197083 -3.312814 0
0 0

0101101
*
Ed
 1e-07 1 1 0
1  2700 0 0 1.187294
0

0101000
+219 0 -217 0 *
Ve
1e-07
-23.00979 -3.312814 0
0 0

0101101
*
Ed
 1e-07 1 1 0
1  2701 0 0 1.187293
0

0101000
+217 0 -215 0 *
Ed
 1e-07 1 1 0
1  2702 0 0 0.30706
0

0101000
+215 0 -232 0 *
Wi

0101100
+230 0 +228 0 +226 0 +224 0 +222 0 +220 0 +218 0 +216 0 +214 0 +213 0 
*
Fa
0  1e-07 366 0

0111000
+212 0 *
Ve
1e-07
-30.993317 16.707415 0
0 0

0101101
*
Ve
1e-07
-30.317787 16.707415 0
0 0

0101101
*
Ed
 1e-07 1 1 0
1  2703 0 0 0.675530000000002
0

0101000
+210 0 -209 0 *
Ve
1e-07
-30.317787 17.014473 0
0 0

0101101
*
Ed
 1e-07 1 1 0
1  2704 0 0 0.307057999999998
0

0101000
+209 0 -207 0 *
Ve
1e-07
-30.993317 17.014473 0
0 0

0101101
*
Ed
 1e-07 1 1 0
1  2705 0 0 0.675530000000002
0

0101000
+207 0 -205 0 *
Ve
1e-07
-31.668846 17.014473 0
0 0

0101101
*
Ed
 1e-07 1 1 0
1  2706 0 0 0.675528999999997
0

0101000
+205 0 -203 0 *
Ve
1e-07
-32.344376 17.014473 0
0 0

0101101
*
Ed
 1e-07 1 1 0
1  2707 0 0 0.675529999999998
0

0101000
+203 0 -201 0 *
Ve
1e-07
-32.344376 16.707415 0
0 0

0101101
*
Ed
 1e-07 1 1 0
1  2708 0 0 0.307057999999998
0

0101000
+201 0 -199 0 *
Ve
1e-07
-31.668846 16.707415 0
0 0

0101101
*
Ed
 1e-07 1 1 0
1  2709 0 0 0.675529999999998
0

0101000
+199 0 -197 0 *
Ed
 1e-07 1 1 0
1  2710 0 0 0.675528999999997
0

0101000
+197 0 -210 0 *
Wi

0101100
+208 0 +206 0 +204 0 +202 0 +200 0 +198 0 +196 0 +195 0 *
Fa
0  1e-07 367 0

0111000
+194 0 *
Ve
1e-07
-39.406727 17.014473 0
0 0

0101101
*
Ve
1e-07
-32.344376 17.014473 0
0 0

0101101
*
Ed
 1e-07 1 1 0
1  2711 0 0 7.062351
0

0101000
+192 0 -191 0 *
Ve
1e-07
-32.344376 20.464357 0
0 0

0101101
*
Ed
 1e-07 1 1 0
1  2712 0 0 3.449884
0

0101000
+191 0 -189 0 *
Ve
1e-07
-32.344376 23.914242 0
0 0

0101101
*
Ed
 1e-07 1 1 0
1  2713 0 0 3.449885
0

0101000
+189 0 -187 0 *
Ve
1e-07
-34.463081 21.846123 0
0 0

0101101
*
Ed
 1e-07 1 1 0
1  2714 0 0 2.96074772231375
0

0101000
+187 0 -185 0 *
Ve
1e-07
-36.581783 19.778002 0
0 0

0101101
*
Ed
 1e-07 1 1 0
1  2715 0 0 2.96074697254679
0

0101000
+185 0 -183 0 *
Ve
1e-07
-37.994255 18.396238 0
0 0

0101101
*
Ed
 1e-07 1 1 0
1  2716 0 0 1.97594253521706
0

0101000
+183 0 -181 0 *
Ed
 1e-07 1 1 0
1  2717 0 0 1.9759432345108
0

0101000
+181 0 -192 0 *
Wi

0101100
+190 0 +188 0 +186 0 +184 0 +182 0 +180 0 +179 0 *
Fa
0  1e-07 368 0

0111000
+178 0 *
Ve
1e-07
-36.888844 20.822002 0
0 0

0101101
*
Ve
1e-07
-37.134491 20.822002 0
0 0

0101101
*
Ed
 1e-07 1 1 0
1  2718 0 0 0.245646999999998
0

0101000
+176 0 -175 0 *
Ve
1e-07
-39.447666 20.596825 0
0 0

0101101
*
Ed
 1e-07 1 1 0
1  2719 0 0 2.32410913296988
0

0101000
+175 0 -173 0 *
Ve
1e-07
-41.760841 20.371649 0
0 0

0101101
*
Ed
 1e-07 1 1 0
1  2720 0 0 2.32410903608265
0

0101000
+173 0 -171 0 *
Ve
1e-07
-44.074017 20.146473 0
0 0

0101101
*
Ed
 1e-07 1 1 0
1  2721 0 0 2.32411003137803
0

0101000
+171 0 -169 0 *
Ve
1e-07
-36.888844 20.146473 0
0 0

0101101
*
Ed
 1e-07 1 1 0
1  2722 0 0 7.185173
0

0101000
+169 0 -167 0 *
Ve
1e-07
-36.888844 20.484238 0
0 0

0101101
*
Ed
 1e-07 1 1 0
1  2723 0 0 0.337765000000001
0

0101000
+167 0 -165 0 *
Ed
 1e-07 1 1 0
1  2724 0 0 0.337764
0

0101000
+165 0 -176 0 *
Wi

0101100
+174 0 +172 0 +170 0 +168 0 +166 0 +164 0 +163 0 *
Fa
0  1e-07 369 0

0111000
+162 0 *
Ve
1e-07
-39.447666 20.596825 0
0 0

0101101
*
Ve
1e-07
-37.134491 20.822002 0
0 0

0101101
*
Ed
 1e-07 1 1 0
1  2725 0 0 2.32410913296988
0

0101000
+160 0 -159 0 *
Ve
1e-07
-37.134491 21.743177 0
0 0

0101101
*
Ed
 1e-07 1 1 0
1  2726 0 0 0.921174999999998
0

0101000
+159 0 -157 0 *
Ve
1e-07
-39.447666 21.210943 0
0 0

0101101
*
Ed
 1e-07 1 1 0
1  2727 0 0 2.3736157252978
0

0101000
+157 0 -155 0 *
Ve
1e-07
-41.760841 20.678707 0
0 0

0101101
*
Ed
 1e-07 1 1 0
1  2728 0 0 2.37361617375704
0

0101000
+155 0 -153 0 *
Ve
1e-07
-44.074017 20.146473 0
0 0

0101101
*
Ed
 1e-07 1 1 0
1  2729 0 0 2.37361669983424
0

0101000
+153 0 -151 0 *
Ve
1e-07
-41.760841 20.371649 0
0 0

0101101
*
Ed
 1e-07 1 1 0
1  2730 0 0 2.32411003137803
0

0101000
+151 0 -149 0 *
Ed
 1e-07 1 1 0
1  2731 0 0 2.32410903608265
0

0101000
+149 0 -160 0 *
Wi

0101100
+158 0 +156 0 +154 0 +152 0 +150 0 +148 0 +147 0 *
Fa
0  1e-07 370 0

0111000
+146 0 *
Ve
1e-07
-39.406727 18.396238 0
0 0

0101101
*
Ve
1e-07
-39.406727 17.014473 0
0 0

0101101
*
Ed
 1e-07 1 1 0
1  2732 0 0 1.381765
0

0101000
+144 0 -143 0 *
Ve
1e-07
-37.994255 18.396238 0
0 0

0101101
*
Ed
 1e-07 1 1 0
1  2733 0 0 1.9759432345108
0

0101000
+143 0 -141 0 *
Ve
1e-07
-36.581783 19.778002 0
0 0

0101101
*
Ed
 1e-07 1 1 0
1  2734 0 0 1.97594253521706
0

0101000
+141 0 -139 0 *
Ve
1e-07
-39.406727 19.778002 0
0 0

0101101
*
Ed
 1e-07 1 1 0
1  2735 0 0 2.824944
0

0101000
+139 0 -137 0 *
Ed
 1e-07 1 1 0
1  2736 0 0 1.381764
0

0101000
+137 0 -144 0 *
Wi

0101100
+142 0 +140 0 +138 0 +136 0 +135 0 *
Fa
0  1e-07 371 0

0111000
+134 0 *
Ve
1e-07
-24.197083 -3.619873 0
0 0

0101101
*
Ve
1e-07
-23.00979 -3.619873 0
0 0

0101101
*
Ed
 1e-07 1 1 0
1  2737 0 0 1.187293
0

0101000
+132 0 -131 0 *
Ve
1e-07
-23.00979 -3.312814 0
0 0

0101101
*
Ed
 1e-07 1 1 0
1  2738 0 0 0.307059
0

0101000
+131 0 -129 0 *
Ve
1e-07
-24.197083 -3.312814 0
0 0

0101101
*
Ed
 1e-07 1 1 0
1  2739 0 0 1.187293
0

0101000
+129 0 -127 0 *
Ve
1e-07
-25.384377 -3.312814 0
0 0

0101101
*
Ed
 1e-07 1 1 0
1  2740 0 0 1.187294
0

0101000
+127 0 -125 0 *
Ve
1e-07
-26.571671 -3.312814 0
0 0

0101101
*
Ed
 1e-07 1 1 0
1  2741 0 0 1.187294
0

0101000
+125 0 -123 0 *
Ve
1e-07
-26.571671 -3.619873 0
0 0

0101101
*
Ed
 1e-07 1 1 0
1  2742 0 0 0.307059
0

0101000
+123 0 -121 0 *
Ve
1e-07
-25.384377 -3.619873 0
0 0

0101101
*
Ed
 1e-07 1 1 0
1  2743 0 0 1.187294
0

0101000
+121 0 -119 0 *
Ed
 1e-07 1 1 0
1  2744 0 0 1.187294
0

0101000
+119 0 -132 0 *
Wi

0101100
+130 0 +128 0 +126 0 +124 0 +122 0 +120 0 +118 0 +117 0 *
Fa
0  1e-07 372 0

0111000
+116 0 *
Ve
1e-07
-26.571671 -3.619873 0
0 0

0101101
*
Ve
1e-07
-30.317787 -3.619873 0
0 0

0101101
*
Ed
 1e-07 1 1 0
1  2745 0 0 3.746116
0

0101000
+114 0 -113 0 *
Ve
1e-07
-30.317787 -26.250101 0
0 0

0101101
*
Ed
 1e-07 1 1 0
1  2746 0 0 22.630228
0

0101000
+113 0 -111 0 *
Ve
1e-07
-30.317787 -48.880329 0
0 0

0101101
*
Ed
 1e-07 1 1 0
1  2747 0 0 22.630228
0

0101000
+111 0 -109 0 *
Ve
1e-07
-18.710968 -39.238686 0
0 0

0101101
*
Ed
 1e-07 1 1 0
1  2748 0 0 15.089053218748
0

0101000
+109 0 -107 0 *
Ve
1e-07
-7.104148 -29.59704 0
0 0

0101101
*
Ed
 1e-07 1 1 0
1  2749 0 0 15.0890559049172
0

0101000
+107 0 -105 0 *
Ve
1e-07
-16.83791 -16.608456 0
0 0

0101101
*
Ed
 1e-07 1 1 0
1  2750 0 0 16.2311255616393
0

0101000
+105 0 -103 0 *
Ed
 1e-07 1 1 0
1  2751 0 0 16.231124161715
0

0101000
+103 0 -114 0 *
Wi

0101100
+112 0 +110 0 +108 0 +106 0 +104 0 +102 0 +101 0 *
Fa
0  1e-07 373 0

0111000
+100 0 *
Ve
1e-07
-32.559315 16.707415 0
0 0

0101101
*
Ve
1e-07
-32.774258 16.707415 0
0 0

0101101
*
Ed
 1e-07 1 1 0
1  2752 0 0 0.214943000000005
0

0101000
+98 0 -97 0 *
Ve
1e-07
-32.774258 14.373769 0
0 0

0101101
*
Ed
 1e-07 1 1 0
1  2753 0 0 2.333646
0

0101000
+97 0 -95 0 *
Ve
1e-07
-32.774258 12.040122 0
0 0

0101101
*
Ed
 1e-07 1 1 0
1  2754 0 0 2.333647
0

0101000
+95 0 -93 0 *
Ve
1e-07
-31.955433 13.595886 0
0 0

0101101
*
Ed
 1e-07 1 1 0
1  2755 0 0 1.75808873619081
0

0101000
+93 0 -91 0 *
Ve
1e-07
-31.13661 15.15165 0
0 0

0101101
*
Ed
 1e-07 1 1 0
1  2756 0 0 1.75808780469719
0

0101000
+91 0 -89 0 *
Ve
1e-07
-30.317787 16.707415 0
0 0

0101101
*
Ed
 1e-07 1 1 0
1  2757 0 0 1.75808868961552
0

0101000
+89 0 -87 0 *
Ve
1e-07
-30.993317 16.707415 0
0 0

0101101
*
Ed
 1e-07 1 1 0
1  2758 0 0 0.675530000000002
0

0101000
+87 0 -85 0 *
Ve
1e-07
-31.668846 16.707415 0
0 0

0101101
*
Ed
 1e-07 1 1 0
1  2759 0 0 0.675528999999997
0

0101000
+85 0 -83 0 *
Ed
 1e-07 1 1 0
1  2760 0 0 0.890469
0

0101000
+83 0 -98 0 *
Wi

0101100
+96 0 +94 0 +92 0 +90 0 +88 0 +86 0 +84 0 +82 0 +81 0 *
Fa
0  1e-07 374 0

0111000
+80 0 *
Ve
1e-07
-26.571671 -3.312814 0
0 0

0101101
*
Ve
1e-07
-25.17967 -1.879873 0
0 0

0101101
*
Ed
 1e-07 1 1 0
1  2761 0 0 1.9977454025681
0

0101000
+78 0 -77 0 *
Ve
1e-07
-23.787672 -0.446933 0
0 0

0101101
*
Ed
 1e-07 1 1 0
1  2762 0 0 1.99774259493159
0

0101000
+77 0 -75 0 *
Ve
1e-07
-22.395672 0.986008 0
0 0

0101101
*
Ed
 1e-07 1 1 0
1  2763 0 0 1.99774470578225
0

0101000
+75 0 -73 0 *
Ve
1e-07
-30.379198 0.986008 0
0 0

0101101
*
Ed
 1e-07 1 1 0
1  2764 0 0 7.983526
0

0101000
+73 0 -71 0 *
Ve
1e-07
-30.379198 -1.163403 0
0 0

0101101
*
Ed
 1e-07 1 1 0
1  2765 0 0 2.149411
0

0101000
+71 0 -69 0 *
Ve
1e-07
-30.379198 -3.312814 0
0 0

0101101
*
Ed
 1e-07 1 1 0
1  2766 0 0 2.149411
0

0101000
+69 0 -67 0 *
Ed
 1e-07 1 1 0
1  2767 0 0 3.807527
0

0101000
+67 0 -78 0 *
Wi

0101100
+76 0 +74 0 +72 0 +70 0 +68 0 +66 0 +65 0 *
Fa
0  1e-07 375 0

0111000
+64 0 *
Ve
1e-07
-20.55332 -3.660814 0
0 0

0101101
*
Ve
1e-07
-21.658731 -3.619873 0
0 0

0101101
*
Ed
 1e-07 1 1 0
1  2768 0 0 1.1061689041019
0

0101000
+62 0 -61 0 *
Ve
1e-07
-14.381439 -10.467282 0
0 0

0101101
*
Ed
 1e-07 1 1 0
1  2769 0 0 9.99229647611324
0

0101000
+61 0 -59 0 *
Ve
1e-07
-7.104148 -17.314692 0
0 0

0101101
*
Ed
 1e-07 1 1 0
1  2770 0 0 9.99229643309189
0

0101000
+59 0 -57 0 *
Ve
1e-07
-12.723323 -10.528694 0
0 0

0101101
*
Ed
 1e-07 1 1 0
1  2771 0 0 8.81049922175974
0

0101000
+57 0 -55 0 *
Ve
1e-07
-18.342497 -3.742696 0
0 0

0101101
*
Ed
 1e-07 1 1 0
1  2772 0 0 8.8104985839781
0

0101000
+55 0 -53 0 *
Ve
1e-07
-19.447908 -3.701755 0
0 0

0101101
*
Ed
 1e-07 1 1 0
1  2773 0 0 1.1061689041019
0

0101000
+53 0 -51 0 *
Ed
 1e-07 1 1 0
1  2774 0 0 1.10616990341674
0

0101000
+51 0 -62 0 *
Wi

0101100
+60 0 +58 0 +56 0 +54 0 +52 0 +50 0 +49 0 *
Fa
0  1e-07 376 0

0111000
+48 0 *
Ve
1e-07
4.125327 60.602337 0
0 0

0101101
*
Ve
1e-07
0.029365 59.317371 0
0 0

0101101
*
Ed
 1e-07 1 1 0
1  2775 0 0 4.29278957399498
0

0101000
+46 0 -45 0 *
Ve
1e-07
27.357592 59.317371 0
0 0

0101101
*
Ed
 1e-07 1 1 0
1  2776 0 0 27.328227
0

0101000
+45 0 -43 0 *
Ve
1e-07
19.837421 61.244816 0
0 0

0101101
*
Ed
 1e-07 1 1 0
1  2777 0 0 7.76324778023129
0

0101000
+43 0 -41 0 *
Ve
1e-07
12.317251 63.17226 0
0 0

0101101
*
Ed
 1e-07 1 1 0
1  2778 0 0 7.76324656326437
0

0101000
+41 0 -39 0 *
Ve
1e-07
8.221289 61.887299 0
0 0

0101101
*
Ed
 1e-07 1 1 0
1  2779 0 0 4.29278807734146
0

0101000
+39 0 -37 0 *
Ed
 1e-07 1 1 0
1  2780 0 0 4.29278837667174
0

0101000
+37 0 -46 0 *
Wi

0101100
+44 0 +42 0 +40 0 +38 0 +36 0 +35 0 *
Fa
0  1e-07 377 0

0111000
+34 0 *
Ve
1e-07
65.331001 21.558409 0
0 0

0101101
*
Ve
1e-07
65.331001 25.857229 0
0 0

0101101
*
Ed
 1e-07 1 1 0
1  2781 0 0 4.29882
0

0101000
+32 0 -31 0 *
Ve
1e-07
51.206303 25.857229 0
0 0

0101101
*
Ed
 1e-07 1 1 0
1  2782 0 0 14.124698
0

0101000
+31 0 -29 0 *
Ve
1e-07
55.25948 21.558409 0
0 0

0101101
*
Ed
 1e-07 1 1 0
1  2783 0 0 5.90830747217247
0

0101000
+29 0 -27 0 *
Ed
 1e-07 1 1 0
1  2784 0 0 10.071521
0

0101000
+27 0 -32 0 *
Wi

0101100
+30 0 +28 0 +26 0 +25 0 *
Fa
0  1e-07 378 0

0111000
+24 0 *
Ve
1e-07
-32.415909 57.403 0
0 0

0101101
*
Ve
1e-07
-25.83473 57.403 0
0 0

0101101
*
Ed
 1e-07 1 1 0
1  2785 0 0 6.581179
0

0101000
+22 0 -21 0 *
Ve
1e-07
-25.83473 60.682785 0
0 0

0101101
*
Ed
 1e-07 1 1 0
1  2786 0 0 3.279785
0

0101000
+21 0 -19 0 *
Ve
1e-07
-31.79167 60.682785 0
0 0

0101101
*
Ed
 1e-07 1 1 0
1  2787 0 0 5.95694
0

0101000
+19 0 -17 0 *
Ed
 1e-07 1 1 0
1  2788 0 0 3.33866200375929
0

0101000
+17 0 -22 0 *
Wi

0101100
+20 0 +18 0 +16 0 +15 0 *
Fa
0  1e-07 379 0

0111000
+14 0 *
Ve
1e-07
-17.42132 38.140556 0
0 0

0101101
*
Ve
1e-07
-17.42132 28.314234 0
0 0

0101101
*
Ed
 1e-07 1 1 0
1  2789 0 0 9.826322
0

0101000
+12 0 -11 0 *
Ve
1e-07
-11.700165 28.314234 0
0 0

0101101
*
Ed
 1e-07 1 1 0
1  2790 0 0 5.721155
0

0101000
+11 0 -9 0 *
Ve
1e-07
-11.700165 38.140556 0
0 0

0101101
*
Ed
 1e-07 1 1 0
1  2791 0 0 9.826322
0

0101000
+9 0 -7 0 *
Ed
 1e-07 1 1 0
1  2792 0 0 5.721155
0

0101000
+7 0 -12 0 *
Wi

0101100
+10 0 +8 0 +6 0 +5 0 *
Fa
0  1e-07 380 0

0111000
+4 0 *
Co

0100000
+6331 0 +6317 0 +6297 0 +6277 0 +6265 0 +6241 0 +6219 0 +6203 0 +6191 0 +6177 0 
+6163 0 +6151 0 +6129 0 +6115 0 +6091 0 +6075 0 +6063 0 +6041 0 +6021 0 +6005 0 
+5983 0 +5973 0 +5955 0 +5937 0 +5925 0 +5913 0 +5899 0 +5885 0 +5867 0 +5853 0 
+5831 0 +5811 0 +5793 0 +5775 0 +5741 0 +5719 0 +5709 0 +5693 0 +5675 0 +5657 0 
+5639 0 +5627 0 +5609 0 +5593 0 +5579 0 +5559 0 +5543 0 +5529 0 +5511 0 +5499 0 
+5481 0 +5465 0 +5449 0 +5427 0 +5407 0 +5391 0 +5369 0 +5349 0 +5331 0 +5313 0 
+5291 0 +5279 0 +5267 0 +5249 0 +5229 0 +5207 0 +5193 0 +5171 0 +5153 0 +5129 0 
+5111 0 +5099 0 +5081 0 +5061 0 +5041 0 +5019 0 +5003 0 +4983 0 +4969 0 +4951 0 
+4939 0 +4925 0 +4903 0 +4889 0 +4873 0 +4853 0 +4841 0 +4825 0 +4807 0 +4797 0 
+4785 0 +4755 0 +4737 0 +4695 0 +4679 0 +4665 0 +4645 0 +4627 0 +4613 0 +4599 0 
+4583 0 +4565 0 +4547 0 +4535 0 +4515 0 +4499 0 +4481 0 +4459 0 +4447 0 +4427 0 
+4407 0 +4389 0 +4377 0 +4365 0 +4353 0 +4339 0 +4321 0 +4309 0 +4293 0 +4277 0 
+4267 0 +4237 0 +4223 0 +4211 0 +4197 0 +4179 0 +4143 0 +4113 0 +4097 0 +4079 0 
+4067 0 +4055 0 +4041 0 +4029 0 +4013 0 +3995 0 +3985 0 +3969 0 +3957 0 +3939 0 
+3921 0 +3907 0 +3893 0 +3873 0 +3857 0 +3835 0 +3819 0 +3765 0 +3745 0 +3729 0 
+3717 0 +3705 0 +3689 0 +3669 0 +3659 0 +3645 0 +3633 0 +3617 0 +3603 0 +3591 0 
+3579 0 +3563 0 +3553 0 +3541 0 +3523 0 +3503 0 +3489 0 +3467 0 +3447 0 +3435 0 
+3423 0 +3409 0 +3393 0 +3377 0 +3367 0 +3351 0 +3331 0 +3311 0 +3301 0 +3285 0 
+3275 0 +3263 0 +3247 0 +3229 0 +3211 0 +3193 0 +3177 0 +3165 0 +3147 0 +3127 0 
+3109 0 +3099 0 +3081 0 +3059 0 +3041 0 +3021 0 +3001 0 +2977 0 +2967 0 +2953 0 
+2937 0 +2923 0 +2905 0 +2891 0 +2871 0 +2855 0 +2843 0 +2829 0 +2807 0 +2791 0 
+2775 0 +2759 0 +2747 0 +2733 0 +2711 0 +2693 0 +2683 0 +2669 0 +2659 0 +2647 0 
+2633 0 +2617 0 +2607 0 +2595 0 +2585 0 +2569 0 +2547 0 +2531 0 +2517 0 +2499 0 
+2487 0 +2475 0 +2463 0 +2445 0 +2429 0 +2415 0 +2401 0 +2389 0 +2377 0 +2363 0 
+2351 0 +2339 0 +2327 0 +2311 0 +2291 0 +2277 0 +2257 0 +2245 0 +2215 0 +2187 0 
+2173 0 +2159 0 +2147 0 +2133 0 +2111 0 +2091 0 +2077 0 +2065 0 +2047 0 +2025 0 
+2007 0 +1997 0 +1987 0 +1971 0 +1957 0 +1941 0 +1927 0 +1913 0 +1893 0 +1879 0 
+1863 0 +1853 0 +1839 0 +1829 0 +1811 0 +1795 0 +1783 0 +1763 0 +1749 0 +1737 0 
+1719 0 +1695 0 +1679 0 +1659 0 +1649 0 +1637 0 +1621 0 +1605 0 +1587 0 +1575 0 
+1563 0 +1543 0 +1523 0 +1505 0 +1481 0 +1467 0 +1453 0 +1431 0 +1411 0 +1393 0 
+1379 0 +1363 0 +1349 0 +1333 0 +1319 0 +1285 0 +1251 0 +1237 0 +1193 0 +1175 0 
+1127 0 +1113 0 +1097 0 +1055 0 +1035 0 +1025 0 +1009 0 +999 0 +979 0 +959 0 
+945 0 +931 0 +913 0 +899 0 +883 0 +865 0 +853 0 +841 0 +827 0 +805 0 
+793 0 +777 0 +765 0 +749 0 +737 0 +721 0 +701 0 +685 0 +667 0 +649 0 
+633 0 +623 0 +603 0 +585 0 +573 0 +563 0 +551 0 +539 0 +515 0 +493 0 
+479 0 +465 0 +445 0 +429 0 +399 0 +383 0 +371 0 +359 0 +335 0 +323 0 
+305 0 +287 0 +269 0 +249 0 +233 0 +211 0 +193 0 +177 0 +161 0 +145 0 
+133 0 +115 0 +99 0 +79 0 +63 0 +47 0 +33 0 +23 0 +13 0 +3 0 
*
Co

1100000
+6347 0 +2 0 *

+1 0 